{"type":"FeatureCollection","name":"1000_000","crs":{"type":"name","properties":{"name":"urn:ogc:def:crs:OGC:1.3:CRS84"}},"features":[{"type":"Feature","properties":{"PolyCode":"0101","PolyLabel":"LIBREVILLE","PolyLongitude":9.47521011,"PolyLatitude":0.429147335},"geometry":{"type":"Polygon","coordinates":[[[9.442954,0.500382],[9.449616,0.475549],[9.474888,0.462625],[9.489045030000057,0.477577034000035],[9.503037971000026,0.46399802000002],[9.511514969000075,0.474122969000064],[9.509483,0.480791],[9.518755154000075,0.482937290000052],[9.516789007000057,0.488528445000043],[9.520653680000066,0.491908127000045],[9.535492025000053,0.488767008000025],[9.539568,0.482981006000045],[9.533707986000024,0.479883036000047],[9.534051963000024,0.468583976000048],[9.542037027000049,0.466146970000068],[9.540679005000072,0.449303995000037],[9.547382010000035,0.439701969000055],[9.517997969000021,0.412841041000036],[9.52947828300006,0.390500748000022],[9.510199746000069,0.379433878000043],[9.510786980000034,0.370895013000052],[9.486400037000067,0.360227014000031],[9.483390021000048,0.352541017000021],[9.488279015000046,0.351123039000072],[9.471610031000068,0.340067017000024],[9.46845698900006,0.358674044000054],[9.457462414000076,0.366585868000072],[9.43049400800004,0.40181295900004],[9.400329119000048,0.476413532000038],[9.423165213000061,0.491783536000071],[9.427947,0.492354],[9.432134,0.484991],[9.442954,0.500382]]]}},{"type":"Feature","properties":{"PolyCode":"0102","PolyLabel":"KOMO-MONDAH","PolyLongitude":9.630164701,"PolyLatitude":0.471512613},"geometry":{"type":"MultiPolygon","coordinates":[[[[9.518128,0.674763],[9.569728221000048,0.620464559000027],[9.593929208000077,0.62449179500004],[9.593928118000065,0.610288741000033],[9.607482993000076,0.605611043000067],[9.616942989000052,0.61098998500006],[9.64033603300004,0.597274043000027],[9.648941,0.605104038000036],[9.676230021000038,0.614829987000064],[9.679342008000049,0.621721014000059],[9.727732997000032,0.630894036000029],[9.735341021000067,0.642656],[9.755651969000041,0.628400955000075],[9.770405964000076,0.661524996000026],[9.782107,0.659029014000055],[9.801650015000064,0.663993962000063],[9.806479029000059,0.650452039000072],[9.817890025000054,0.642852990000051],[9.811949995000077,0.628866014000039],[9.821942018000072,0.627692998000043],[9.827744966000068,0.620284961000038],[9.822538025000028,0.598693964000063],[9.830388007000067,0.590551029000039],[9.827322989000038,0.579608032000067],[9.837755966000032,0.571566999000026],[9.830837965000057,0.559344991000046],[9.832550025000046,0.546638039000072],[9.837622983000074,0.53555103900004],[9.857760012000028,0.516911037000057],[9.850318970000046,0.459154979000061],[9.839228970000022,0.442016032000026],[9.856081968000069,0.419068975000073],[9.854037996000045,0.41151101600002],[9.860427009000034,0.395026022000025],[9.858092976000023,0.383408989000031],[9.848710031000053,0.381759976000069],[9.842232976000048,0.374577028000033],[9.830845072000045,0.370713394000063],[9.818056797000054,0.374030349000066],[9.811618920000058,0.363736681000034],[9.798490439000034,0.364324446000069],[9.78843924000006,0.355646321000052],[9.782327520000024,0.361770909000029],[9.783344001000046,0.332363999000052],[9.79838703200005,0.316842975000043],[9.793396004000044,0.311052992000043],[9.798250004000067,0.301918990000047],[9.788253005000058,0.288484001000029],[9.790661002000036,0.275448999000048],[9.771791008000037,0.216487990000076],[9.769936028000075,0.18078696300006],[9.749631,0.185745],[9.719142,0.202585],[9.70924,0.223233],[9.694986,0.218527],[9.696729,0.212949],[9.691026,0.216613],[9.67836,0.212269],[9.662277,0.222678],[9.655545,0.236698],[9.642668,0.234147],[9.629568,0.247536],[9.597287,0.263281],[9.570842,0.290645],[9.557205288000034,0.289264991000039],[9.563599019000037,0.30575096900003],[9.581832119000069,0.325238421000051],[9.582347033000076,0.341567963000045],[9.576961227000027,0.359692164000023],[9.564734,0.36210247300005],[9.560917715000073,0.368986042000074],[9.537319418000038,0.379976914000054],[9.537635428000044,0.385730043000024],[9.52947828300006,0.390500748000022],[9.518883016000075,0.408669962000033],[9.523896747000038,0.421107092000057],[9.533454255000038,0.42331507800003],[9.533707994000054,0.430870961000039],[9.547382010000035,0.439701969000055],[9.540679005000072,0.449303995000037],[9.542037027000049,0.466146970000068],[9.534051963000024,0.468583976000048],[9.533707986000024,0.479883036000047],[9.539568,0.482981006000045],[9.536100029000067,0.488329026000031],[9.520653680000066,0.491908127000045],[9.516789007000057,0.488528445000043],[9.518755154000075,0.482937290000052],[9.509483,0.480791],[9.511514969000075,0.474122969000064],[9.503037971000026,0.46399802000002],[9.489045030000057,0.477577034000035],[9.473663,0.4626],[9.448966,0.476231],[9.449728,0.486915],[9.442954,0.500382],[9.432134,0.484991],[9.427947,0.492354],[9.423165213000061,0.491783536000071],[9.400454377000074,0.479449784000053],[9.406546,0.457754],[9.381232,0.49556],[9.358425,0.514757],[9.335782,0.520423],[9.318335,0.504338],[9.306768,0.514861],[9.307655,0.597669],[9.321315,0.620578],[9.348013,0.624702],[9.35667,0.620169],[9.375215,0.622648],[9.398623,0.646781],[9.434601,0.643657],[9.449233,0.654979],[9.498404,0.673779],[9.518128,0.674763]]],[[[9.378861,0.809175],[9.381451,0.810985],[9.381759,0.810554],[9.378861,0.809175]]]]}},{"type":"Feature","properties":{"PolyCode":"0103","PolyLabel":"KOMO","PolyLongitude":10.307677134,"PolyLatitude":0.230599256},"geometry":{"type":"Polygon","coordinates":[[[10.966450990000055,0.770897036000065],[10.971279001000028,0.768367976000036],[10.972987972000055,0.705042969000033],[10.968925034000051,0.697182029000032],[10.973609985000053,0.677932998000074],[10.963468016000036,0.64005901500002],[10.952623993000032,0.622593039000037],[10.950954033000073,0.605113037000024],[10.939713016000042,0.602933969000048],[10.925278970000022,0.587645006000059],[10.922986019000064,0.569766035000043],[10.919498990000022,0.567532],[10.918466971000043,0.57646703100005],[10.91498103300006,0.573992967000038],[10.911176024000042,0.579098017000035],[10.909116964000077,0.572076997000067],[10.905314014000055,0.57496702800006],[10.898497977000034,0.569761013000061],[10.90174902900003,0.553940972000021],[10.888600035000024,0.526760041000045],[10.892564027000049,0.519739986000047],[10.892771978000042,0.525392015000023],[10.90052597600004,0.524194006000073],[10.896367013000031,0.522053964000065],[10.89343903100007,0.497722004000025],[10.884882024000035,0.491737033000049],[10.886150996000026,0.484079003000033],[10.87315803000007,0.461260024000069],[10.87571301500003,0.443802988000073],[10.855843968000045,0.364469996000025],[10.83162597100005,0.340300984000066],[10.821139989000073,0.322953010000049],[10.824841002000028,0.303138019000073],[10.845128024000076,0.291094024000074],[10.835938991000035,0.255672039000046],[10.830389013000058,0.257332021000025],[10.82508401900003,0.251203979000024],[10.823664,0.238078039000072],[10.809634003000042,0.216579961000036],[10.80924800400004,0.22407202200003],[10.79673596400005,0.22196802600007],[10.796637969000074,0.226232010000047],[10.785848986000076,0.23176197500004],[10.76113902800006,0.221283018000065],[10.751552012000047,0.20979503500007],[10.696320968000066,0.218565033000061],[10.660030977000076,0.212818982000044],[10.671840004000046,0.186655013000063],[10.66312399800006,0.179714032000049],[10.665232020000076,0.169511964000037],[10.660193967000055,0.153948008000043],[10.632934983000041,0.144431981000025],[10.638325966000025,0.131291978000036],[10.639278005000051,0.103611972000067],[10.646911025000065,0.090512979000039],[10.651403041000037,0.067077981000068],[10.641576994000047,0.068273994000037],[10.64157797100006,0.062211987000069],[10.634222002000058,0.057982981000066],[10.626363987000047,0.068672982000066],[10.607269032000033,0.067555009000046],[10.59086803300005,0.030702019000046],[10.582311023000045,0.032935991000045],[10.58231100200004,0.022087029000033],[10.560521975000029,0.020412039000064],[10.539500027000031,-0.000322003999941],[10.498136036000062,-0.010280964999936],[10.489220983000052,-0.056690019999962],[10.452798997000059,-0.066344984999944],[10.40798099400007,-0.092334026999936],[10.407721991000074,-0.113945012999977],[10.399370030000057,-0.11895801999998],[10.38014699100006,-0.16403295899994],[10.379519973000072,-0.198807965999947],[10.354306973000064,-0.231510965999973],[10.343105027000036,-0.23252195799995],[10.33323796700006,-0.241235008999979],[10.296794979000026,-0.241231007999943],[10.288255036000066,-0.247236044999966],[10.274729028000024,-0.246684025999969],[10.271921030000044,-0.265484017999938],[10.255056981000052,-0.278192],[10.250211928000056,-0.291577985999936],[10.224575985000058,-0.300903995999931],[10.128024968000034,-0.367507001999968],[9.994193964000033,-0.424612015999969],[9.986567017000027,-0.419461012999932],[9.99231002700003,-0.413307968999959],[9.988595990000022,-0.381937992999951],[9.994275982000033,-0.377645020999978],[9.99120199400005,-0.371531995999931],[9.982415993000075,-0.371675972999924],[9.988387017000036,-0.360211008999954],[9.98481597500006,-0.335815036999975],[9.953189972000075,-0.307701042999952],[9.945427964000032,-0.308019000999934],[9.939470035000056,-0.317272023999976],[9.912762971000063,-0.301111004999939],[9.88557298400002,-0.298159016999932],[9.883986014000072,-0.31182598099997],[9.869228969000062,-0.321717984999964],[9.87103302600002,-0.333739033999962],[9.84482700500007,-0.354723987999932],[9.839119975000074,-0.370349982999926],[9.832781015000023,-0.374249998999971],[9.810526029000073,-0.37305302599998],[9.800333997000052,-0.380389034999951],[9.789223004000064,-0.372092000999942],[9.783458016000054,-0.35895701499993],[9.773861016000069,-0.360447029999932],[9.768477019000045,-0.354068001999963],[9.786886002000074,-0.34242095899998],[9.803663978000031,-0.314940987999933],[9.804023967000035,-0.295433020999951],[9.81160903500006,-0.284987991999969],[9.846235014000058,-0.268824992999953],[9.849448987000073,-0.257653017999928],[9.842160965000062,-0.220428033999951],[9.858951002000026,-0.21359401199993],[9.865447983000024,-0.193022984999971],[9.876741018000075,-0.201827975999947],[9.881293,-0.199810019999973],[9.896162975000038,-0.172000988999969],[9.881615024000041,-0.15667296099997],[9.880052035000062,-0.148713028999964],[9.86362101800006,-0.140411963999952],[9.864820982000026,-0.133379977999937],[9.843402032000029,-0.108137982999949],[9.843357013000059,-0.080407977999926],[9.837714016000064,-0.078710968999928],[9.82570998400007,-0.057529989999978],[9.834522019000076,-0.045778039999959],[9.833810019000055,-0.027708042999961],[9.837976984000022,-0.022146971999973],[9.833925985000064,-0.008830978999924],[9.84817100600003,0.000871997000047],[9.845873978000043,0.012354013000049],[9.853808018000052,0.018343014000038],[9.854426992000072,0.02487403400005],[9.845239978000052,0.027742963000037],[9.840329005000058,0.038906043000054],[9.834653984000056,0.040263007000021],[9.834626998000033,0.04656000500006],[9.827023009000072,0.045045026000025],[9.827307004000033,0.03918998000006],[9.821294025000043,0.042219026000055],[9.819977976000075,0.057081984000035],[9.813320989000033,0.056126956000071],[9.816278022000063,0.064652972000033],[9.787581812000042,0.062505123000051],[9.758958969000048,0.117635994000068],[9.757665996000071,0.128843990000064],[9.807534021000038,0.139130002000059],[9.815850997000041,0.133389026000032],[9.880162995000035,0.16251397000002],[9.902547967000032,0.167672019000065],[9.923691012000063,0.185749026000053],[9.931452023000077,0.185263977000034],[9.952156967000064,0.168678993000071],[9.964142981000066,0.165754010000057],[9.998744989000045,0.168176011000071],[10.012143012000024,0.17568998500002],[10.025294981000059,0.191517015000045],[10.05146101500003,0.181740969000032],[10.037387,0.190437],[10.037037001000044,0.196992001000069],[10.02765299400005,0.198236958000052],[9.996790034000071,0.18049304300007],[9.954651974000058,0.173033033000024],[9.92217499700007,0.198353955000073],[9.875326977000043,0.176971044000027],[9.843686030000072,0.169990958000028],[9.799770024000054,0.168629974000055],[9.769936028000075,0.18078696300006],[9.771791008000037,0.216487990000076],[9.790661002000036,0.275448999000048],[9.788253005000058,0.288484001000029],[9.798250004000067,0.301918990000047],[9.793396004000044,0.311052992000043],[9.79838703200005,0.316842975000043],[9.78470098300005,0.328521967000029],[9.780438,0.35509],[9.782327520000024,0.361770909000029],[9.78843924000006,0.355646321000052],[9.798490439000034,0.364324446000069],[9.811618920000058,0.363736681000034],[9.818056797000054,0.374030349000066],[9.830845072000045,0.370713394000063],[9.858740967000074,0.384187962000055],[9.856406998000068,0.418210983000051],[9.839228970000022,0.442016032000026],[9.850318970000046,0.459154979000061],[9.85591998700005,0.505086015000074],[9.884382968000068,0.503928983000037],[9.88935599000007,0.479728002000058],[9.90045103600005,0.465790045000062],[9.906230022000045,0.464896967000072],[9.92549596300006,0.474368044000073],[9.93556197600003,0.486905957000033],[9.956026976000032,0.483374018000063],[9.964029028000027,0.49122002200005],[9.975109991000068,0.492187957000056],[9.982196015000056,0.534469989000058],[9.990724,0.542619984000055],[10.006828991000077,0.545915983000043],[10.116123964000053,0.613657986000021],[10.163497024000037,0.577472012000044],[10.182608983000023,0.578959004000069],[10.191400975000022,0.562882002000038],[10.198823029000039,0.568781014000024],[10.19158998100005,0.59039903200005],[10.205526020000036,0.588793015000022],[10.214730023000072,0.573578015000066],[10.246664984000063,0.57690797600003],[10.254455005000068,0.587785008000026],[10.253263998000023,0.600735023000027],[10.260633872000028,0.621921622000059],[10.271080935000043,0.624318586000072],[10.275967532000038,0.620606199000065],[10.280788666000035,0.626904095000043],[10.293585329000052,0.612043484000026],[10.295173845000022,0.600240132000067],[10.314338034000059,0.627362995000055],[10.323248986000067,0.62401995700003],[10.325021995000043,0.615755082000021],[10.334942247000072,0.612375561000022],[10.336742870000023,0.606397891000029],[10.357467821000057,0.618796484000029],[10.363639730000045,0.603525715000046],[10.37677768900005,0.605050601000073],[10.38897557000007,0.61961537000002],[10.394650742000067,0.619245482000053],[10.398576899000034,0.615776666000045],[10.397538531000066,0.596921184000053],[10.416636929000049,0.595365022000067],[10.433030163000069,0.611767328000042],[10.437720740000032,0.603785003000041],[10.443288426000038,0.603791674000036],[10.466956721000031,0.625572885000054],[10.492783072000066,0.63125880900003],[10.50591225900007,0.658051808000039],[10.958911401000023,0.817080300000043],[10.970252034000055,0.776245039000059],[10.966450990000055,0.770897036000065]]]}},{"type":"Feature","properties":{"PolyCode":"0104","PolyLabel":"NOYA","PolyLongitude":9.977316569,"PolyLatitude":0.799269433},"geometry":{"type":"Polygon","coordinates":[[[9.743957016000024,1.060003019000021],[9.774162033000039,1.03021101500002],[9.78222998700005,1.014862041000072],[9.782017971000073,1.002704039000037],[9.80536696400003,0.99632396100003],[9.819930011000054,1.002814016000059],[9.843854976000046,1.002122038000039],[9.877161995000051,0.988176031000023],[9.885089029000028,0.979648978000057],[9.894574010000042,0.95130602100005],[9.920751032000055,0.943098993000035],[9.933360974000038,0.930558967000024],[9.952140008000072,0.921639015000039],[9.958710964000034,0.928978960000052],[9.992612963000056,0.935378039000057],[9.993173985000055,0.938957968000068],[9.985717988000033,0.94143499200004],[9.991656028000023,0.947259024000061],[9.993312994000064,0.958265033000032],[9.988136004000069,0.962231006000025],[9.985140035000029,0.98098703200003],[9.991792025000052,0.984578977000069],[9.995903036000072,0.999733028000037],[10.44983882400004,1.000077076000025],[10.430393841000068,0.975260057000071],[10.435500254000033,0.968438684000034],[10.430748858000072,0.964006690000076],[10.431422334000047,0.947600769000076],[10.423240041000042,0.944849075000036],[10.418324784000049,0.95043006700007],[10.415684533000046,0.946869569000057],[10.425768209000069,0.897562125000036],[10.418826339000077,0.891087852000055],[10.422675415000072,0.882048958000041],[10.411941632000037,0.847010943000043],[10.397313117000067,0.835867801000063],[10.390892721000057,0.818812835000074],[10.383001740000054,0.814154181000049],[10.374484677000055,0.81816800100006],[10.362606282000058,0.801413771000057],[10.364668436000045,0.791868324000063],[10.35297991400006,0.787151585000061],[10.347420055000043,0.757182926000041],[10.352510382000048,0.744915569000057],[10.345931,0.73878293000007],[10.350588980000055,0.733135066000045],[10.328884497000047,0.720206447000066],[10.315581773000076,0.698347970000043],[10.312070850000055,0.67767591300003],[10.314060070000039,0.672144195000044],[10.32082002900006,0.67218903600002],[10.31749491200003,0.665170025000066],[10.302439012000036,0.671385],[10.294203797000023,0.658940479000023],[10.283901983000021,0.665158016000021],[10.277723571000024,0.661486961000037],[10.271653625000056,0.666367600000058],[10.26665898400006,0.663921970000047],[10.264423309000051,0.632291875000021],[10.253263998000023,0.600735023000027],[10.251117967000027,0.579627960000039],[10.214730023000072,0.573578015000066],[10.205526020000036,0.588793015000022],[10.192342998000072,0.590795994000075],[10.198823029000039,0.568781014000024],[10.19053802700006,0.562996010000063],[10.182608983000023,0.578959004000069],[10.163497024000037,0.577472012000044],[10.116123964000053,0.613657986000021],[10.006828991000077,0.545915983000043],[9.990724,0.542619984000055],[9.982196015000056,0.534469989000058],[9.975109991000068,0.492187957000056],[9.964029028000027,0.49122002200005],[9.956026976000032,0.483374018000063],[9.93556197600003,0.486905957000033],[9.92549596300006,0.474368044000073],[9.903109980000067,0.464627023000048],[9.88935599000007,0.479728002000058],[9.884382968000068,0.503928983000037],[9.85591998700005,0.505086015000074],[9.856635967000045,0.519264978000024],[9.835183007000069,0.539522978000036],[9.830837965000057,0.559344991000046],[9.837755966000032,0.571566999000026],[9.827322989000038,0.579608032000067],[9.830388007000067,0.590551029000039],[9.82209799900005,0.60262000900002],[9.827744966000068,0.620284961000038],[9.821942018000072,0.627692998000043],[9.811949995000077,0.628866014000039],[9.817890025000054,0.642852990000051],[9.806479029000059,0.650452039000072],[9.801650015000064,0.663993962000063],[9.769090978000065,0.660641966000071],[9.755651969000041,0.628400955000075],[9.735341021000067,0.642656],[9.727732997000032,0.630894036000029],[9.679342008000049,0.621721014000059],[9.676230021000038,0.614829987000064],[9.648941,0.605104038000036],[9.640469973000052,0.597288019000075],[9.616942989000052,0.61098998500006],[9.607482993000076,0.605611043000067],[9.593928118000065,0.610288741000033],[9.593929208000077,0.62449179500004],[9.60870002400003,0.627515042000027],[9.610739004000038,0.634838020000075],[9.610425031000034,0.663284990000022],[9.615012016000037,0.677079008000021],[9.610721007000052,0.70657398100002],[9.617991024000048,0.736074995000024],[9.600135024000053,0.802871973000038],[9.581813005000072,0.836020124000072],[9.568555980000042,0.918300979000037],[9.550813392000066,0.934092521000025],[9.549998602000073,0.951859890000037],[9.563346096000032,0.969464642000048],[9.57347242800006,0.998483780000072],[9.579863106000062,1.005011951000029],[9.590034481000032,1.010979493000036],[9.601072037000051,1.007138034000036],[9.609814998000047,1.015736028000049],[9.61394200500007,1.011122987000022],[9.623360028000036,1.014071959000034],[9.624752963000049,1.009130041000049],[9.654793993000055,1.019039006000071],[9.664432981000061,1.059466001000033],[9.686722967000037,1.052245009000046],[9.743957016000024,1.060003019000021]]]}},{"type":"Feature","properties":{"PolyCode":"0105","PolyLabel":"KOMO-OCEAN","PolyLongitude":9.556955609,"PolyLatitude":-0.124369545},"geometry":{"type":"Polygon","coordinates":[[[9.35485897600006,0.352776023000047],[9.377910978000045,0.308067004000065],[9.368539989000055,0.292445998000062],[9.375619971000049,0.285986985000022],[9.377635008000027,0.259444030000054],[9.389755016000038,0.233738980000055],[9.387747016000048,0.221584991000043],[9.380147026000031,0.217040001000044],[9.383236036000028,0.207475959000021],[9.395828029000029,0.205005965000055],[9.405128992000073,0.211433984000053],[9.410409991000051,0.210380985000029],[9.411754036000048,0.203536030000066],[9.423458033000031,0.206206960000031],[9.433833027000048,0.194650989000024],[9.438664996000057,0.178151039000056],[9.443099024000048,0.17942696700004],[9.45078002200006,0.172493016000033],[9.45228498800003,0.164999997000052],[9.45897803500003,0.171949037000047],[9.472873999000058,0.147466005000069],[9.49441100100006,0.149939019000044],[9.51458003700003,0.172687045000032],[9.525291035000066,0.165568036000025],[9.558706984000025,0.162223021000045],[9.57397297500006,0.154620968000074],[9.583574999000064,0.13105603200006],[9.606698034000033,0.131934999000066],[9.622856005000074,0.152012041000035],[9.63235301100002,0.151868036000053],[9.645658027000025,0.147165966000046],[9.650332019000075,0.131221043000039],[9.661260968000022,0.124206958000059],[9.668538977000026,0.132161982000071],[9.691748979000067,0.132022991000042],[9.742355970000062,0.116241014000025],[9.756944024000063,0.095022963000019],[9.763313036000056,0.095277],[9.765326032000075,0.073905035000053],[9.787581812000042,0.062505123000051],[9.816278022000063,0.064652972000033],[9.813320989000033,0.056126956000071],[9.819977976000075,0.057081984000035],[9.821294025000043,0.042219026000055],[9.827307004000033,0.03918998000006],[9.827023009000072,0.045045026000025],[9.834626998000033,0.04656000500006],[9.834653984000056,0.040263007000021],[9.840329005000058,0.038906043000054],[9.845239978000052,0.027742963000037],[9.854585987000064,0.024473967000063],[9.845873978000043,0.012354013000049],[9.84817100600003,0.000871997000047],[9.833925985000064,-0.008830978999924],[9.837976984000022,-0.022146971999973],[9.833810019000055,-0.027708042999961],[9.834522019000076,-0.045778039999959],[9.82570998400007,-0.057529989999978],[9.837714016000064,-0.078710968999928],[9.843357013000059,-0.080407977999926],[9.843402032000029,-0.108137982999949],[9.864820982000026,-0.133379977999937],[9.86362101800006,-0.140411963999952],[9.88066002200003,-0.149329021999961],[9.895696994000048,-0.174352970999962],[9.881293,-0.199810019999973],[9.876741018000075,-0.201827975999947],[9.865447983000024,-0.193022984999971],[9.858951002000026,-0.21359401199993],[9.842160965000062,-0.220428033999951],[9.849448987000073,-0.257653017999928],[9.846235014000058,-0.268824992999953],[9.812184020000075,-0.284261018999928],[9.804023967000035,-0.295433020999951],[9.80329400100004,-0.315763980999975],[9.78178600700005,-0.347971035999933],[9.766491986000062,-0.35231602999994],[9.762935975000062,-0.34162801399998],[9.76976195900005,-0.331765004999966],[9.765958,-0.330292031999932],[9.734771984000076,-0.361175032999938],[9.711996015000068,-0.371261983999943],[9.675812009000026,-0.37254102299994],[9.612482012000044,-0.397643967999954],[9.57651203000006,-0.389035029999945],[9.550670989000025,-0.394133955999962],[9.556698035000068,-0.41109303199994],[9.553047997000021,-0.437239044999956],[9.566475996000065,-0.469007043999966],[9.562889023000025,-0.492072955999959],[9.578663023000047,-0.507851966999965],[9.565281019000054,-0.527457002999938],[9.573757972000067,-0.564638985999977],[9.566855029000067,-0.572210022999968],[9.559214963000045,-0.568698963999964],[9.557145973000047,-0.557411987999956],[9.543668020000041,-0.535448992999932],[9.534008972000038,-0.529706028999954],[9.520302020000031,-0.501104028999976],[9.51010803400004,-0.496694027999979],[9.49875399800004,-0.499965997999936],[9.48339801800006,-0.48521203699994],[9.448350982000022,-0.478336000999946],[9.44051502800005,-0.47107901399994],[9.428002036000066,-0.478407957999934],[9.40152203200006,-0.454412020999939],[9.38653503200004,-0.419311035999954],[9.345768965000048,-0.383924985999954],[9.341655020000076,-0.371808039999962],[9.345459973000061,-0.363764982999953],[9.333677011000077,-0.338361024999926],[9.32215999500005,-0.339964978999944],[9.317200976000038,-0.33481797099995],[9.32575900200004,-0.289753969999936],[9.321172994000051,-0.281098025999938],[9.308408001000032,-0.279463],[9.301776003000043,-0.273343975999978],[9.305032013000073,-0.206270965999977],[9.31360698800006,-0.196187041999963],[9.32784801500003,-0.14042098799996],[9.326548984000055,-0.052338035999981],[9.328807981000068,-0.045174996999947],[9.341331996000065,-0.037065041999938],[9.348575035000067,0.007327972000041],[9.342239971000026,0.066948041000046],[9.314134018000061,0.191041970000072],[9.31395500900004,0.236716044000048],[9.301904019000062,0.306928044000074],[9.309697032000031,0.309642008000026],[9.31235102900007,0.32566498400007],[9.318143028000065,0.330571999000028],[9.332794987000057,0.331634044000054],[9.350505017000046,0.351817982000057],[9.35485897600006,0.352776023000047]]]}},{"type":"Feature","properties":{"PolyCode":"0106","PolyLabel":"OWENDO","PolyLongitude":9.530205523,"PolyLatitude":0.331411288},"geometry":{"type":"MultiPolygon","coordinates":[[[[9.559850449000066,0.262034490000076],[9.547933105000027,0.256503228000042],[9.541210573000058,0.258971764000023],[9.541210385000056,0.278058273000056],[9.560461540000063,0.272193075000075],[9.559850449000066,0.262034490000076]]],[[[9.53274424700004,0.390268440000057],[9.540190589000076,0.37779981400007],[9.560917715000073,0.368986042000074],[9.564734,0.36210247300005],[9.576961227000027,0.359692164000023],[9.58253476300007,0.327253768000048],[9.563599019000037,0.30575096900003],[9.55583862900005,0.288195446000032],[9.541083679000053,0.289074002000064],[9.522829634000061,0.300997796000047],[9.510279380000043,0.28468435700006],[9.503067341000076,0.282873343000063],[9.471610031000068,0.340067017000024],[9.488279015000046,0.351123039000072],[9.483390021000048,0.352541017000021],[9.486400037000067,0.360227014000031],[9.510786980000034,0.370895013000052],[9.510199746000069,0.379433878000043],[9.53274424700004,0.390268440000057]]]]}},{"type":"Feature","properties":{"PolyCode":"0201","PolyLabel":"PASSA","PolyLongitude":13.64887196,"PolyLatitude":-1.761957466},"geometry":{"type":"Polygon","coordinates":[[[13.416796777000059,-1.151390596999931],[13.421912422000048,-1.17043498399994],[13.431688060000056,-1.167336506999959],[13.444215150000048,-1.17841757399998],[13.457966885000076,-1.173999074999927],[13.467268347000072,-1.162452301999963],[13.471461399000077,-1.166454275999968],[13.466321116000074,-1.169871046999958],[13.475529836000021,-1.169321471999979],[13.481381216000045,-1.17475845499996],[13.487738917000058,-1.170429547999959],[13.489953599000046,-1.177059034999957],[13.497706293000022,-1.175517659999969],[13.500172740000039,-1.181662116999973],[13.50174849800004,-1.176711861999934],[13.504302702000075,-1.180145103999962],[13.509830696000051,-1.174872973999925],[13.520216202000029,-1.182524537999939],[13.532019947000038,-1.175179822999951],[13.540738737000027,-1.178445268999951],[13.543983043000026,-1.169749451999962],[13.555321438000021,-1.181069260999948],[13.556585559000041,-1.174209047999966],[13.564829746000044,-1.176991080999926],[13.573937860000058,-1.170051611999952],[13.576796038000055,-1.17625379499998],[13.582595551000054,-1.172047242999952],[13.592572738000058,-1.192055023999956],[13.585471467000048,-1.244541962999961],[13.630828048000069,-1.289817508999931],[13.640869232000057,-1.590023182999971],[13.74898018600004,-1.589295728999957],[13.751666392000061,-1.68244621499997],[13.756341409000072,-1.68124566299997],[13.758251710000025,-1.690415691999931],[13.769424420000064,-1.68793310999996],[13.77620281000003,-1.693126746999951],[13.79492534600007,-1.693223850999971],[13.796279705000075,-1.70578820999998],[13.80930548200007,-1.705920039999967],[13.825649505000058,-1.724725683999964],[13.82546112700004,-1.731145359999971],[13.837705142000061,-1.730983742999967],[13.83272431100005,-1.746889445999955],[13.842691426000044,-1.750562812999931],[13.840501524000047,-1.757488523999939],[13.847494779000044,-1.763185058999966],[13.845671648000064,-1.776384177999944],[13.850115021000022,-1.781483603999959],[13.847762413000055,-1.789046681999935],[13.856285676000027,-1.791574368999932],[13.86205642300007,-1.801868231999947],[13.869515665000051,-1.842471659999944],[13.868117020000057,-1.869109209999976],[13.875120200000026,-1.882767785999931],[13.879146479000042,-1.881139480999934],[13.879471521000028,-1.888555671999939],[13.887398561000055,-1.889663522999967],[13.890733208000029,-1.895082683999931],[13.910441714000058,-1.901042],[13.93233543100007,-1.935429381999938],[13.945704400000068,-1.936169936999931],[13.963063949000059,-1.950374296999939],[13.975840518000041,-1.952322822999975],[13.977748683000073,-1.957424071999981],[13.98247380600003,-1.952516737999929],[13.985532040000066,-1.95981943299995],[13.993841063000048,-1.960275686999978],[13.99123077400003,-1.964664690999939],[13.997644940000043,-1.966732805999925],[13.995410456000059,-1.96957654199997],[14.003604576000043,-1.976799220999965],[14.005017870000074,-1.987535522999963],[14.014482527000041,-1.993212828999958],[14.01368548000005,-1.98954565899993],[14.019627158000048,-1.987465090999933],[14.019474185000036,-1.992010450999942],[14.032599537000067,-1.992082528999958],[14.046552345000066,-2.003831865999928],[14.052446256000053,-2.000567681999939],[14.058623259000058,-2.011589257999958],[14.066758015000062,-2.015123460999973],[14.069398885000055,-2.035214298999961],[14.065675619000046,-2.036574567999935],[14.069571025000073,-2.045819319999964],[14.066228539000065,-2.045432155999947],[14.069336199000077,-2.048132001999932],[14.06681629600007,-2.060813730999939],[14.063243335000038,-2.061250659999928],[14.065569881000044,-2.078491916999951],[14.071924526000032,-2.088237249999963],[14.070305879000045,-2.122925736999946],[14.062444933000052,-2.130856866999977],[14.06154239500006,-2.148773042999949],[14.050614609000036,-2.156522694999978],[14.050681392000058,-2.164981342999965],[14.039458148000051,-2.171210026999972],[14.037574421000045,-2.185087373999977],[14.027053898000077,-2.201209279999944],[14.030474370000036,-2.210135668999953],[14.035546630000056,-2.209490757999959],[14.031905175000077,-2.213084054999968],[14.034211395000057,-2.218583016999958],[14.057610649000026,-2.229873408999936],[14.061917386000061,-2.248685776999935],[14.05838353300004,-2.262198027999943],[14.065920920000053,-2.277067146999968],[14.060310548000075,-2.282329862999973],[14.064839825000035,-2.289260099999979],[14.061990096000045,-2.299878256999932],[14.054639167000062,-2.302971567999975],[14.034172064000074,-2.333761337999931],[14.01968581500006,-2.34294179699998],[14.008616575000076,-2.363119956999981],[13.978377798000054,-2.367438944999947],[13.940050920000033,-2.398912879999955],[13.934172918000058,-2.412895864999939],[13.90946974700006,-2.415303313999971],[13.905993341000055,-2.423920816999953],[13.889433956000062,-2.425642300999925],[13.87031907000005,-2.444679590999954],[13.871972989000028,-2.406236030999935],[13.895308020000073,-2.393722968999953],[13.91064198500004,-2.360795972999938],[13.917452984000022,-2.361127990999933],[13.923700027000052,-2.368349032999959],[13.930924980000043,-2.362452965999978],[13.935959964000062,-2.348170001999961],[13.929757985000037,-2.339965992999964],[13.915646023000022,-2.341815013999963],[13.895421028000044,-2.332995959999948],[13.886198008000065,-2.317587032999938],[13.878828034000037,-2.315313993999951],[13.880400974000054,-2.309491029999947],[13.886905005000074,-2.308284957999945],[13.886831026000038,-2.292946020999977],[13.87831299800007,-2.285328956999933],[13.876945990000024,-2.270577991999971],[13.86631998300004,-2.268359003999933],[13.84835802400005,-2.252257005999979],[13.84677799700006,-2.237042033999955],[13.832487,-2.219356031999951],[13.827937021000025,-2.199164009999947],[13.818570020000038,-2.191418000999931],[13.810100025000054,-2.150479956999959],[13.790268008000055,-2.131455005999953],[13.77973998300007,-2.128821985999934],[13.770838991000062,-2.108893972999965],[13.772748006000029,-2.097572991999925],[13.747922523000057,-2.062805407999974],[13.743338681000068,-2.043766184999924],[13.737861320000036,-2.036674016999939],[13.717479668000067,-2.031864248999966],[13.716741530000036,-2.004794624999931],[13.691151579000064,-1.975605018999943],[13.69066504600005,-1.96475862799997],[13.684008403000064,-1.966839137999955],[13.677617846000032,-1.954839441999979],[13.684180611000045,-1.945406585999933],[13.679425062000064,-1.94738393199998],[13.669841553000026,-1.934500950999961],[13.566870146000042,-1.999665862999962],[13.551653481000073,-2.001083276999964],[13.544048942000074,-1.970891264999977],[13.540966281000067,-1.979161671999975],[13.529919604000042,-1.986610012999961],[13.521117469000046,-1.983668092999949],[13.52144123000005,-1.99418491199998],[13.516910610000025,-1.993130459999975],[13.501511052000069,-2.005486143999974],[13.50112222000007,-2.013702103999947],[13.488755524000055,-2.014750393999975],[13.482012909000048,-2.021363802999929],[13.475165722000042,-2.019448575999945],[13.45913581900004,-2.001168245999963],[13.434964167000032,-1.964308897999956],[13.402070610000067,-1.973510119999958],[13.38953157800006,-1.960625734999951],[13.354280589000041,-1.955933171999959],[13.35004070900004,-1.947414269999967],[13.357553474000042,-1.926516032999928],[13.35517055400004,-1.917895604999956],[13.365076145000046,-1.912383698999975],[13.361050422000062,-1.889083143999926],[13.367083319000074,-1.842744119999963],[13.371241571000041,-1.843375434999928],[13.366526315000044,-1.840032433999966],[13.372261484000035,-1.834669800999961],[13.366535332000069,-1.826902922999977],[13.370594893000032,-1.826070588999926],[13.366513080000061,-1.822563120999973],[13.367456945000072,-1.812750879999953],[13.35992331500006,-1.809246796999957],[13.352694591000045,-1.789389704999962],[13.348414153000022,-1.789871423999955],[13.351899778000075,-1.786598402999971],[13.347123009000029,-1.787334676999933],[13.349757948000047,-1.784525916999939],[13.344550241000036,-1.777886038999952],[13.349383717000023,-1.77809960999997],[13.344387319000077,-1.77140693299998],[13.354159536000054,-1.764246879999973],[13.354595002000053,-1.755864384999938],[13.365906797000036,-1.759430000999942],[13.369352518000028,-1.752752431999966],[13.364670833000048,-1.742743399999938],[13.37925083600004,-1.734436799999969],[13.36981690500005,-1.733646029999932],[13.369996859000025,-1.724655825999946],[13.36051670300003,-1.71056245799997],[13.377566041000023,-1.70643937799997],[13.379809074000036,-1.689455643999963],[13.385193886000025,-1.687378921999937],[13.378345495000076,-1.678831803999969],[13.384832976000041,-1.675844985999959],[13.384021440000026,-1.668232025999941],[13.37721470100007,-1.662270682999974],[13.385453385000062,-1.650356772999942],[13.392684748000022,-1.650409381999964],[13.394600194000077,-1.637526699999967],[13.39165175200003,-1.633876046999944],[13.377992220000067,-1.63544530799993],[13.376720866000028,-1.631138660999966],[13.387270414000056,-1.62267948799996],[13.384955712000021,-1.617891413999928],[13.399064208000027,-1.616764991999958],[13.403815459000043,-1.609901648999937],[13.395090682000045,-1.601691652999932],[13.402300653000054,-1.597060104999969],[13.397859147000077,-1.586329106999926],[13.408947412000032,-1.580144863999976],[13.405138566000062,-1.573925560999953],[13.381695972000045,-1.576445805999924],[13.37152254700004,-1.561743556999943],[13.372826567000061,-1.54727784399995],[13.357807057000059,-1.542399728999953],[13.371326641000053,-1.528762324999946],[13.372377364000045,-1.522008214999971],[13.355769362000046,-1.507122387999971],[13.345619013000032,-1.48071738799996],[13.329620871000031,-1.480564689999937],[13.338722116000042,-1.459173371999952],[13.33578557900006,-1.450647272999959],[13.340104648000022,-1.432630918999962],[13.318246551000072,-1.411729640999965],[13.320935087000066,-1.400480511999945],[13.331575291000036,-1.39259866499998],[13.327867122000043,-1.381246679999947],[13.331882998000026,-1.368139990999964],[13.353856196000038,-1.355795200999978],[13.341586277000033,-1.336333734999926],[13.344426295000062,-1.318272737999962],[13.355996408000067,-1.309124435999934],[13.363687669000058,-1.28049636399993],[13.340787043000034,-1.257862746999933],[13.327043091000064,-1.255178895999961],[13.322636179000028,-1.215221454999948],[13.30601574900004,-1.211591296999927],[13.297157413000036,-1.217989503999945],[13.293016794000039,-1.203585643999929],[13.27755071300004,-1.190173637999976],[13.309966804000055,-1.187019848999967],[13.314254064000068,-1.193764903999977],[13.316465099000027,-1.185740408999948],[13.328141108000068,-1.186611784999968],[13.33239340700004,-1.182222980999938],[13.339503359000048,-1.188917466999953],[13.350973812000063,-1.172004050999931],[13.367260301000044,-1.173431285999925],[13.370711437000068,-1.158823061999954],[13.379697041000043,-1.161619315999928],[13.402675650000049,-1.152332822999938],[13.407548457000075,-1.155740943999945],[13.416796777000059,-1.151390596999931]]]}},{"type":"Feature","properties":{"PolyCode":"0202","PolyLabel":"LEBOMBI-LEYOU","PolyLongitude":13.159555383,"PolyLatitude":-1.517435583},"geometry":{"type":"Polygon","coordinates":[[[13.172354942000027,-1.118954384999938],[13.18601007500007,-1.140133139999932],[13.202428862000033,-1.145656162999956],[13.211823675000062,-1.143544252999959],[13.223552970000071,-1.158431851999978],[13.249726309000039,-1.177499484999942],[13.266517989000022,-1.179734120999967],[13.291469292000045,-1.201410425999939],[13.297157413000036,-1.217989503999945],[13.305535391000035,-1.211664778999932],[13.32028624700007,-1.213088007999943],[13.32543667400006,-1.223471626999981],[13.327043091000064,-1.255178895999961],[13.340787043000034,-1.257862746999933],[13.363687669000058,-1.28049636399993],[13.355996408000067,-1.309124435999934],[13.344426295000062,-1.318272737999962],[13.341586277000033,-1.336333734999926],[13.353856196000038,-1.355795200999978],[13.331882998000026,-1.368139990999964],[13.327867122000043,-1.381246679999947],[13.331575291000036,-1.39259866499998],[13.320935087000066,-1.400480511999945],[13.318246551000072,-1.411729640999965],[13.340104648000022,-1.432630918999962],[13.33578557900006,-1.450647272999959],[13.338722116000042,-1.459173371999952],[13.329620871000031,-1.480564689999937],[13.345619013000032,-1.48071738799996],[13.355769362000046,-1.507122387999971],[13.372377364000045,-1.522008214999971],[13.371326641000053,-1.528762324999946],[13.357807057000059,-1.542399728999953],[13.372826567000061,-1.54727784399995],[13.37152254700004,-1.561743556999943],[13.381695972000045,-1.576445805999924],[13.405138566000062,-1.573925560999953],[13.408947412000032,-1.580144863999976],[13.397859147000077,-1.586329106999926],[13.402300653000054,-1.597060104999969],[13.395090682000045,-1.601691652999932],[13.403815459000043,-1.609901648999937],[13.399064208000027,-1.616764991999958],[13.384955712000021,-1.617891413999928],[13.387270414000056,-1.62267948799996],[13.376720866000028,-1.631138660999966],[13.377992220000067,-1.63544530799993],[13.39165175200003,-1.633876046999944],[13.394600194000077,-1.637526699999967],[13.392684748000022,-1.650409381999964],[13.385453385000062,-1.650356772999942],[13.37721470100007,-1.662270682999974],[13.384021440000026,-1.668232025999941],[13.384832976000041,-1.675844985999959],[13.378345495000076,-1.678831803999969],[13.385193886000025,-1.687378921999937],[13.379809074000036,-1.689455643999963],[13.377566041000023,-1.70643937799997],[13.36051670300003,-1.71056245799997],[13.369996859000025,-1.724655825999946],[13.36981690500005,-1.733646029999932],[13.37925083600004,-1.734436799999969],[13.364670833000048,-1.742743399999938],[13.369352518000028,-1.752752431999966],[13.365906797000036,-1.759430000999942],[13.355405220000023,-1.755513202999964],[13.354159536000054,-1.764246879999973],[13.344387319000077,-1.77140693299998],[13.333374841000023,-1.766218240999933],[13.324501750000024,-1.774121929999978],[13.325456361000022,-1.778747887999941],[13.322566405000032,-1.774809774999937],[13.31204328800004,-1.780997122999963],[13.305715814000052,-1.777246436999974],[13.30120204700006,-1.784269393999978],[13.297869754000033,-1.780442752999932],[13.293671023000059,-1.784593776999941],[13.295953909000048,-1.787647537999931],[13.287965089000068,-1.787230338999962],[13.281294,-1.857137989999956],[13.277258029000052,-1.865755042999979],[13.258179989000041,-1.877130006999948],[13.244989972000042,-1.874643030999948],[13.219645970000045,-1.85574199399997],[13.219967001000043,-1.81958504399995],[13.200348790000021,-1.764833690999978],[13.194128415000023,-1.769384836999961],[13.18314048700006,-1.756907258999945],[13.17156820300005,-1.760663934999968],[13.17141399600007,-1.767604546999962],[13.154660222000075,-1.743978722999941],[13.135228023000025,-1.734169713999961],[13.134920658000055,-1.726223643999958],[13.12405112700003,-1.711870465999937],[13.111762146000046,-1.710202331999938],[13.101340168000036,-1.702083777999974],[13.087269969000033,-1.705479962999959],[13.077409912000064,-1.695250870999928],[13.06648651100005,-1.69666607299996],[13.048893144000033,-1.686733914999934],[13.021162708000077,-1.689373760999956],[13.008764297000027,-1.681938614999979],[12.968809326000041,-1.675742885999966],[12.939069688000075,-1.664335208999944],[12.928970193000055,-1.65058596199998],[12.912448429000051,-1.676426819999961],[12.890715255000032,-1.69050049699996],[12.814073945000075,-1.700388484999962],[12.803643615000055,-1.707291211999973],[12.799990596000043,-1.692812126999968],[12.809574973000053,-1.670827761999931],[12.816234265000048,-1.66958842799994],[12.823801674000038,-1.659612291999963],[12.823199216000035,-1.640424634999931],[12.831287033000024,-1.643014311999934],[12.84729862000006,-1.63510897599997],[12.83951932900004,-1.611576231999948],[12.849261755000043,-1.589512326999966],[12.874112291000074,-1.581164634999936],[12.87494336800006,-1.577653901999952],[12.872526356000037,-1.580088214999932],[12.865269271000045,-1.572671541999966],[12.874224565000077,-1.565088443999969],[12.875833800000066,-1.556955366999944],[12.884805936000078,-1.559618857999965],[12.88670471100005,-1.550203824999926],[12.89375867700005,-1.546291531999941],[12.89252470300005,-1.533806212999934],[12.896776373000023,-1.529437748999953],[12.887912497000059,-1.499142813999924],[12.904036031000032,-1.477036568999949],[12.903280832000064,-1.471691525999972],[12.94017365700006,-1.449975827999936],[12.945637530000056,-1.435573128999977],[12.941989507000073,-1.431904694999957],[12.945387792000076,-1.406493123999951],[12.957037908000075,-1.399786811999945],[12.972895521000055,-1.408276821999948],[12.979349347000039,-1.391998900999965],[12.989574693000066,-1.391236712999955],[12.990166944000066,-1.385731704999955],[12.997538242000076,-1.383853761999944],[13.00482239300004,-1.387164216999963],[13.010870843000077,-1.377489784999966],[13.016707791000044,-1.380369242999961],[13.014484891000052,-1.37223277399994],[13.025676013000066,-1.370415741999977],[13.02526094600006,-1.361936661999948],[13.028511521000041,-1.363371266999934],[13.034767554000041,-1.349088190999964],[13.046894047000023,-1.345811970999932],[13.065049997000074,-1.355058360999976],[13.078922723000062,-1.33444052699997],[13.091359374000035,-1.339569788999938],[13.096095709000053,-1.336506800999928],[13.093496066000057,-1.331591051999965],[13.102454144000035,-1.334459056999947],[13.11103306800004,-1.318055572999924],[13.10600726000007,-1.303264723999973],[13.10874565000006,-1.293762809999976],[13.118922982000072,-1.293606017999934],[13.123515506000047,-1.282754455999964],[13.127004018000036,-1.284906752999973],[13.126049465000051,-1.277328489999945],[13.137308781000058,-1.286577488999967],[13.13762306600006,-1.280195255999956],[13.144827715000076,-1.285142138999959],[13.16258779900005,-1.274360479999928],[13.163218500000028,-1.266701659999967],[13.157907567000052,-1.265587263999976],[13.157721214000048,-1.260279674999936],[13.163532546000056,-1.259840897999936],[13.166437812000026,-1.252378666999959],[13.167248923000045,-1.239815648999979],[13.163046458000053,-1.23598828799993],[13.16782016600007,-1.225277903999938],[13.16327585700003,-1.216523107999933],[13.167391461000022,-1.202799911999932],[13.163938169000062,-1.198323842999969],[13.16001955300004,-1.200808607999932],[13.161124491000066,-1.189799132999951],[13.15549737400005,-1.185974085999931],[13.161990985000045,-1.176795388999949],[13.161982023000064,-1.15493700899998],[13.153420520000054,-1.15087198699996],[13.158385009000028,-1.140436025999975],[13.150324751000028,-1.139066369999966],[13.159991615000024,-1.132600746999969],[13.153649837000046,-1.129571791999979],[13.157134098000029,-1.125536326999963],[13.172354942000027,-1.118954384999938]]]}},{"type":"Feature","properties":{"PolyCode":"0203","PolyLabel":"SEBE-BRIKOLO","PolyLongitude":13.653479095,"PolyLatitude":-0.504568623},"geometry":{"type":"Polygon","coordinates":[[[13.335365300000035,0.034141121000062],[13.509103727000024,0.028596679000032],[13.542053373000044,0.01703066400006],[13.546252414000037,0.010011567000049],[13.555680667000047,0.011845986000026],[13.569783292000068,0.002354190000062],[13.578219348000061,0.005517349000058],[13.59661171700003,0.000200550000045],[13.614738965000072,0.002243013000054],[13.62244802300006,-0.00265802399997],[13.645271022000031,-0.002890003999937],[13.649643014000048,-0.007354969999938],[13.657535995000046,-0.003258975999927],[13.658426011000074,-0.013130024999953],[13.666656035000074,-0.006646042999932],[13.683813013000076,-0.013224970999943],[13.700564024000073,-0.009118042999944],[13.711848021000037,-0.017846021999958],[13.751266034000025,-0.028658041999961],[13.778279983000061,-0.048276961999932],[13.798179025000024,-0.074208971999951],[13.814247027000022,-0.084005038999976],[13.828427016000035,-0.086317019999967],[13.854105008000033,-0.102919020999934],[13.873898018000034,-0.101785973999938],[13.891754970000022,-0.085751037999955],[13.876426999000046,-0.108156004999955],[13.872950010000068,-0.123867982999968],[13.856329002000052,-0.134914988999924],[13.859733025000025,-0.156897038999944],[13.84295703500004,-0.186531979999927],[13.848284033000027,-0.198415009999962],[13.863870968000072,-0.205872962999933],[13.881169009000075,-0.232264028999964],[13.890309992000027,-0.238232975999949],[13.899503026000048,-0.229548966999971],[13.911928017000037,-0.234650967999926],[13.915228972000023,-0.220012955999948],[13.926737036000077,-0.216132984999945],[13.945131022000055,-0.229542970999944],[13.96712096300007,-0.231632002999959],[13.99981899100004,-0.247899981999979],[14.000193006000075,-0.254350994999925],[14.011728004000076,-0.247849982999981],[14.01577197000006,-0.258608033999963],[14.033829017000073,-0.245592976999944],[14.04598900700006,-0.256227992999925],[14.05437203300005,-0.256234957999936],[14.066430016000027,-0.240452031999951],[14.070803005000073,-0.240582979999942],[14.112880037000025,-0.270041009999943],[14.117675022000071,-0.281129974999942],[14.133039977000067,-0.275041994999924],[14.149835978000056,-0.285354968999968],[14.150107001000038,-0.296271027999978],[14.162262027000054,-0.322210988999927],[14.163482026000054,-0.35239196699996],[14.175708009000061,-0.363596979999954],[14.17826001900005,-0.373011989999952],[14.178741935000062,-0.385126236999952],[14.156333585000027,-0.385274701999947],[14.133662455000035,-0.377294898999935],[14.115852372000063,-0.385028569999974],[14.107931669000038,-0.382602678999945],[14.087412308000069,-0.361875625999971],[14.075530342000036,-0.357413041999962],[14.061273694000022,-0.360605890999977],[14.053515926000046,-0.381021199999964],[14.033602574000042,-0.395157771999948],[14.02717573700005,-0.409601289999955],[14.018197289000057,-0.416594696999937],[14.007273115000032,-0.443550632999973],[14.003106683000055,-0.44171838799997],[14.00000109900003,-0.448221101999934],[13.995506917000057,-0.444152281999948],[13.991791646000024,-0.44679033999995],[13.995389807000038,-0.452012365999963],[13.994440775000044,-0.457594616999927],[13.990294218000031,-0.455787058999931],[13.992257219000066,-0.461766357999977],[13.99657989700006,-0.458790182999962],[13.998640255000055,-0.461979251999935],[13.99396790700007,-0.466127289999974],[13.998335677000057,-0.47231125299993],[13.99436690500005,-0.476653295999938],[13.999198843000045,-0.476412597999968],[13.99932865900007,-0.480974285999935],[13.995796067000072,-0.48813595699994],[13.985657531000072,-0.490292125999929],[13.981147149000037,-0.506242240999939],[13.985030837000068,-0.513657191999926],[13.977667968000048,-0.526418605999936],[13.97085463600007,-0.523390452999934],[13.955095917000051,-0.539264795999941],[13.938305060000062,-0.548122058999979],[13.93935114900006,-0.562240687999974],[13.927857858000039,-0.583136858999978],[13.923108771000045,-0.588239593999958],[13.915740834000076,-0.586089],[13.918914186000052,-0.599485353999967],[13.913053428000069,-0.603474861999928],[13.899189642000067,-0.601725361999968],[13.816644126000028,-0.66764029999996],[13.932933923000064,-0.790233890999957],[13.950755555000057,-0.784085049999931],[13.97531519000006,-0.78806065699996],[13.990688464000073,-0.798579508999978],[14.076922350000075,-0.824405442999932],[14.055459271000075,-0.854044296999973],[14.027902328000039,-0.882313410999927],[13.99914478200003,-0.926671829999975],[13.935878394000042,-0.973113723999973],[13.898997615000042,-0.891541788999973],[13.891158231000077,-0.921171453999932],[13.878574016000073,-0.923918077999929],[13.859489496000037,-0.94099459399996],[13.829243209000026,-0.960010860999944],[13.822262425000076,-0.959676213999956],[13.818225618000042,-0.967015580999941],[13.80723293400007,-0.968079459999956],[13.804286853000065,-0.977470591999975],[13.777860503000056,-0.970299937999926],[13.75974812100003,-0.958613111999966],[13.743195979000063,-0.971021960999963],[13.737015039000028,-0.969052268999974],[13.741695322000055,-0.979896536999945],[13.732991538000022,-0.988078197999926],[13.739876350000031,-0.993401860999938],[13.736286231000065,-1.001922804999936],[13.716688809000061,-1.008101850999935],[13.720842466000022,-1.01485144399993],[13.700776594000047,-1.02618082999993],[13.701599766000072,-1.036304801999961],[13.696765252000034,-1.034153919999937],[13.696055585000067,-1.040774093999971],[13.693521974000078,-1.036084479999943],[13.684747720000075,-1.045264059999965],[13.678623659000039,-1.04102272199998],[13.690674849000061,-1.054415442999925],[13.674750128000028,-1.05801315399998],[13.676419160000023,-1.067343935999929],[13.668548601000055,-1.080749766999929],[13.664063880000072,-1.078038226999979],[13.659911666000028,-1.084359607999943],[13.666922899000042,-1.089840898999967],[13.659157204000053,-1.089286895999976],[13.659797868000055,-1.101489473999948],[13.652107023000042,-1.093119212999966],[13.646403432000056,-1.096073390999948],[13.650193006000052,-1.099593923999976],[13.654010476000053,-1.096308502999932],[13.652837029000068,-1.104244924999932],[13.658092219000025,-1.105148491999955],[13.63278181000004,-1.110118567999962],[13.630490359000078,-1.121924211999954],[13.625733813000068,-1.118178246999946],[13.623036351000053,-1.126479567999979],[13.61789262600007,-1.124802658999954],[13.612349430000052,-1.131505566999977],[13.614143166000076,-1.142684508999935],[13.598095391000072,-1.142379425999934],[13.59341427000004,-1.161268347999965],[13.596836213000074,-1.164375642999971],[13.587174294000022,-1.174750073999974],[13.581545937000044,-1.171163987999932],[13.575503981000054,-1.176268363999952],[13.573937860000058,-1.170051611999952],[13.564829746000044,-1.176991080999926],[13.555951766000021,-1.174448656999971],[13.555321438000021,-1.181069260999948],[13.543983043000026,-1.169749451999962],[13.540738737000027,-1.178445268999951],[13.532019947000038,-1.175179822999951],[13.520216202000029,-1.182524537999939],[13.509830696000051,-1.174872973999925],[13.504302702000075,-1.180145103999962],[13.50174849800004,-1.176711861999934],[13.500172740000039,-1.181662116999973],[13.497706293000022,-1.175517659999969],[13.489953599000046,-1.177059034999957],[13.487738917000058,-1.170429547999959],[13.481381216000045,-1.17475845499996],[13.475529836000021,-1.169321471999979],[13.466321116000074,-1.169871046999958],[13.471461399000077,-1.166454275999968],[13.467268347000072,-1.162452301999963],[13.457966885000076,-1.173999074999927],[13.444215150000048,-1.17841757399998],[13.431688060000056,-1.167336506999959],[13.421912422000048,-1.17043498399994],[13.415922599000055,-1.151389858999949],[13.379697041000043,-1.161619315999928],[13.370711437000068,-1.158823061999954],[13.367260301000044,-1.173431285999925],[13.350973812000063,-1.172004050999931],[13.339503359000048,-1.188917466999953],[13.33239340700004,-1.182222980999938],[13.328141108000068,-1.186611784999968],[13.316465099000027,-1.185740408999948],[13.314254064000068,-1.193764903999977],[13.309966804000055,-1.187019848999967],[13.27755071300004,-1.190173637999976],[13.565579573000036,-0.760106997999969],[13.551087475000031,-0.737809689999949],[13.327647290000073,-0.280160305999971],[13.319421576000025,-0.277626563999945],[13.307121367000036,-0.260755863999975],[13.305869097000027,-0.232448903999966],[13.299904929000036,-0.227723699999956],[13.264146116000063,-0.222289644999933],[13.234182653000062,-0.186548230999961],[13.239789447000021,-0.154326504999972],[13.22799073300007,-0.129960166999979],[13.220204426000066,-0.081532196999945],[13.231724260000021,-0.065431934999935],[13.246934961000022,-0.02464176999996],[13.267295431000036,0.000713693000023],[13.27321300400007,0.049897888000032],[13.335365300000035,0.034141121000062]]]}},{"type":"Feature","properties":{"PolyCode":"0204","PolyLabel":"LEKOKO","PolyLongitude":13.130165989,"PolyLatitude":-2.01186382},"geometry":{"type":"Polygon","coordinates":[[[13.001531194000052,-1.680679186999953],[13.021162708000077,-1.689373760999956],[13.049699270000076,-1.686949987999981],[13.06648651100005,-1.69666607299996],[13.077409912000064,-1.695250870999928],[13.087269969000033,-1.705479962999959],[13.101340168000036,-1.702083777999974],[13.111762146000046,-1.710202331999938],[13.12405112700003,-1.711870465999937],[13.134920658000055,-1.726223643999958],[13.135228023000025,-1.734169713999961],[13.154660222000075,-1.743978722999941],[13.17141399600007,-1.767604546999962],[13.17156820300005,-1.760663934999968],[13.18314048700006,-1.756907258999945],[13.194128415000023,-1.769384836999961],[13.200348790000021,-1.764833690999978],[13.219967001000043,-1.81958504399995],[13.219645970000045,-1.85574199399997],[13.244989972000042,-1.874643030999948],[13.258179989000041,-1.877130006999948],[13.27892098600006,-1.86348002699998],[13.287965089000068,-1.787230338999962],[13.295953909000048,-1.787647537999931],[13.293671023000059,-1.784593776999941],[13.297869754000033,-1.780442752999932],[13.30120204700006,-1.784269393999978],[13.305715814000052,-1.777246436999974],[13.31204328800004,-1.780997122999963],[13.322566405000032,-1.774809774999937],[13.325456361000022,-1.778747887999941],[13.324501750000024,-1.774121929999978],[13.333374841000023,-1.766218240999933],[13.347687688000065,-1.77208345899993],[13.347123009000029,-1.787334676999933],[13.351899778000075,-1.786598402999971],[13.348358632000043,-1.789761412999951],[13.35705902500007,-1.795289351999941],[13.35992331500006,-1.809246796999957],[13.367456945000072,-1.812750879999953],[13.366513080000061,-1.822563120999973],[13.370594893000032,-1.826070588999926],[13.366535332000069,-1.826902922999977],[13.372261484000035,-1.834669800999961],[13.366526315000044,-1.840032433999966],[13.371241571000041,-1.843375434999928],[13.367083319000074,-1.842744119999963],[13.361050422000062,-1.889083143999926],[13.365076145000046,-1.912383698999975],[13.35477508200006,-1.919092466999928],[13.357553474000042,-1.926516032999928],[13.35004070900004,-1.947414269999967],[13.353545741000062,-1.955602620999969],[13.388753158000043,-1.96030961799994],[13.402070610000067,-1.973510119999958],[13.434964167000032,-1.964308897999956],[13.474529970000049,-2.018639955999959],[13.469241016000069,-2.023311811999974],[13.471806574000027,-2.033510702999934],[13.463409975000047,-2.04157470499996],[13.45555293600006,-2.041670133999958],[13.449306678000028,-2.05163787999993],[13.453050164000047,-2.07053893899996],[13.439524094000035,-2.105249448999928],[13.443417306000072,-2.114020095999933],[13.438755570000069,-2.131572927999969],[13.449158107000073,-2.148473385999978],[13.444401855000024,-2.149594659999934],[13.442586844000061,-2.176533979999931],[13.43435902400006,-2.178080635999947],[13.423818407000056,-2.188124560999938],[13.413443013000062,-2.189059394999958],[13.397275579000052,-2.203109896999933],[13.390217023000048,-2.202929988999927],[13.376246938000065,-2.212645960999964],[13.37079609400007,-2.209488971999974],[13.362916547000054,-2.213491086999966],[13.36560171900004,-2.22189601599996],[13.346256984000036,-2.220730167999932],[13.327383670000074,-2.253325461999964],[13.27437255700005,-2.377465282999935],[13.268604847000063,-2.374213482999949],[13.247715779000032,-2.377278789999934],[13.213911533000044,-2.35513216399994],[13.209780848000037,-2.347818664999977],[13.204612527000052,-2.35273439499997],[13.197160441000051,-2.349742345999971],[13.19662156000004,-2.353870823999955],[13.165124067000022,-2.372141704999933],[13.149523568000063,-2.367153323999958],[13.140017123000064,-2.372021384999925],[13.128134210000042,-2.367347518999964],[13.110965472000032,-2.350112847999981],[13.094554195000057,-2.356872631999977],[13.088915626000073,-2.347737080999934],[13.07955798200004,-2.349020806999931],[13.031158123000068,-2.321135306999963],[13.02006657000004,-2.337737204999939],[13.019813799000076,-2.349030576999951],[13.012295098000038,-2.362924885999973],[12.996820594000042,-2.366959517999931],[13.010509317000071,-2.353165828999977],[13.00442434100006,-2.343957562999947],[13.014823568000054,-2.338223698999968],[13.01906875700007,-2.327932009999927],[13.019868539000072,-2.315693693999947],[13.014021440000022,-2.310040046999973],[13.018532664000077,-2.293424709999954],[13.028438572000027,-2.296228329999963],[13.043188580000049,-2.289099368999928],[13.040450451000027,-2.276416129999973],[13.034139409000034,-2.276138346999971],[13.033370948000027,-2.269706007999957],[13.019712215000027,-2.266831569999965],[13.015431571000022,-2.271494104999931],[13.01198749200006,-2.264159477999954],[13.015090789000055,-2.254771348999952],[13.002320817000054,-2.24740789699996],[13.006215121000025,-2.240389101999938],[13.000042467000071,-2.241208934999975],[12.991545866000024,-2.224939839999934],[12.97043932500003,-2.208839294999962],[12.97405297000006,-2.196970249999936],[12.96249547800005,-2.186984007999968],[12.963061023000023,-2.17829248399994],[12.949155245000043,-2.184157499999969],[12.949512027000026,-2.195680803999949],[12.937426016000074,-2.20186118099997],[12.934574417000022,-2.195744444999946],[12.92596730400004,-2.193115631999945],[12.929648194000038,-2.180199202999972],[12.917284321000068,-2.165431174999981],[12.91484871700004,-2.155446155999925],[12.894274470000028,-2.148153324999953],[12.90039605100003,-2.134846468999967],[12.917505473000062,-2.11991637899996],[12.90776653100005,-2.113389701999949],[12.897630296000045,-2.118318041999942],[12.884015130000023,-2.101277014999937],[12.89301225500003,-2.090916022999977],[12.90538519100005,-2.095040926999957],[12.909745944000065,-2.089929584999936],[12.902896554000051,-2.083324222999977],[12.899655574000064,-2.069471225999962],[12.893163345000062,-2.065292853999949],[12.885068128000057,-2.073715364999941],[12.875660512000024,-2.064096865999943],[12.875671107000073,-2.048031659999936],[12.866100482000036,-2.043684583999948],[12.865164221000043,-2.03785774399995],[12.87375303500005,-2.045106972999974],[12.881971986000053,-2.045100008999952],[12.888985964000028,-2.059300039999926],[12.903975993000074,-2.04790497099998],[12.919169024000041,-2.046203027999979],[12.928303972000037,-2.035102987999949],[12.945033980000062,-2.034441043999948],[12.93472097700004,-2.023690968999972],[12.937282981000067,-2.015100980999932],[12.92391002200003,-2.002997966999942],[12.913680033000048,-1.96402898599996],[12.880396585000028,-1.884612880999953],[12.865647009000043,-1.882067010999947],[12.869814015000031,-1.875731996999946],[12.855807042000038,-1.865875976999973],[12.834425017000058,-1.825008992999926],[12.82287896500003,-1.820268000999931],[12.818873969000038,-1.833105992999947],[12.795687979000036,-1.830002033999961],[12.793235982000056,-1.808563024999955],[12.78148038200004,-1.795781079999927],[12.780286889000024,-1.785888310999951],[12.769024526000067,-1.777755057999968],[12.768703563000031,-1.768659884999977],[12.788753703000054,-1.745354440999961],[12.787399552000068,-1.730116333999945],[12.802206624000064,-1.726478727999961],[12.803643615000055,-1.707291211999973],[12.814073945000075,-1.700388484999962],[12.890715255000032,-1.69050049699996],[12.912448429000051,-1.676426819999961],[12.928970193000055,-1.65058596199998],[12.939069688000075,-1.664335208999944],[12.968809326000041,-1.675742885999966],[13.001531194000052,-1.680679186999953]]]}},{"type":"Feature","properties":{"PolyCode":"0205","PolyLabel":"OGOOUE-LETILI","PolyLongitude":13.535303924,"PolyLatitude":-2.198305005},"geometry":{"type":"Polygon","coordinates":[[[13.679425062000064,-1.94738393199998],[13.684180611000045,-1.945406585999933],[13.677416480000034,-1.954244263999954],[13.682956672000046,-1.965463192999948],[13.690121763000036,-1.964070858999946],[13.691151579000064,-1.975605018999943],[13.716741530000036,-2.004794624999931],[13.717479668000067,-2.031864248999966],[13.738487775000067,-2.037048093999942],[13.76234400800007,-2.089603009999962],[13.751820004000024,-2.114976961999957],[13.749147020000066,-2.135157957999979],[13.728880034000042,-2.159346009999979],[13.723757971000055,-2.186708009999961],[13.727335966000055,-2.192526956999927],[13.64261297400003,-2.29989100399996],[13.627420968000024,-2.304019030999939],[13.627560008000046,-2.319475955999962],[13.619900022000024,-2.332437024999933],[13.609150973000055,-2.336523997999961],[13.599598007000054,-2.328100973999938],[13.601046010000061,-2.332559992999961],[13.586909035000076,-2.339305036999974],[13.584220970000047,-2.346068954999964],[13.581532972000048,-2.341687974999957],[13.564930977000074,-2.350334981999936],[13.564053990000048,-2.362080995999975],[13.554234031000021,-2.367577031999929],[13.55382097000006,-2.376646964999964],[13.543349998000053,-2.373150014999965],[13.538759012000071,-2.380811961999939],[13.531466008000052,-2.38257501399994],[13.53181203500003,-2.387413040999945],[13.51577603000004,-2.393439957999931],[13.514196029000061,-2.398866005999935],[13.511574980000034,-2.394962979999946],[13.511505010000064,-2.403016001999958],[13.488386024000022,-2.436542974999952],[13.478623975000062,-2.424988970999948],[13.448977972000023,-2.414576957999941],[13.43555200700007,-2.420169034999958],[13.414755021000076,-2.41394704399994],[13.415962978000039,-2.416710987999977],[13.412817004000033,-2.417833027999961],[13.411595979000026,-2.413971956999944],[13.406210987000065,-2.420837991999974],[13.392886009000051,-2.419416033999937],[13.378142008000054,-2.425972021999939],[13.361151982000024,-2.407482964999929],[13.33769899300006,-2.394835027999932],[13.33639101500006,-2.388841989999946],[13.323547972000028,-2.393959022999979],[13.306305973000065,-2.393033013999968],[13.274930036000057,-2.378307036999956],[13.327383670000074,-2.253325461999964],[13.346256984000036,-2.220730167999932],[13.36560171900004,-2.22189601599996],[13.362916547000054,-2.213491086999966],[13.37079609400007,-2.209488971999974],[13.376246938000065,-2.212645960999964],[13.390217023000048,-2.202929988999927],[13.397275579000052,-2.203109896999933],[13.413443013000062,-2.189059394999958],[13.423818407000056,-2.188124560999938],[13.43435902400006,-2.178080635999947],[13.442586844000061,-2.176533979999931],[13.444401855000024,-2.149594659999934],[13.449158107000073,-2.148473385999978],[13.438755570000069,-2.131572927999969],[13.443417306000072,-2.114020095999933],[13.439766152000061,-2.109795874999975],[13.440981584000042,-2.094278482999925],[13.453050164000047,-2.07053893899996],[13.449611998000023,-2.050805605999926],[13.45555293600006,-2.041670133999958],[13.463409975000047,-2.04157470499996],[13.471806574000027,-2.033510702999934],[13.47203606200003,-2.017495295999936],[13.482012909000048,-2.021363802999929],[13.488755524000055,-2.014750393999975],[13.50056762500003,-2.014101470999947],[13.501511052000069,-2.005486143999974],[13.516910610000025,-1.993130459999975],[13.52144123000005,-1.99418491199998],[13.521117469000046,-1.983668092999949],[13.529919604000042,-1.986610012999961],[13.540966281000067,-1.979161671999975],[13.544048942000074,-1.970891264999977],[13.551653481000073,-2.001083276999964],[13.566870146000042,-1.999665862999962],[13.669841553000026,-1.934500950999961],[13.679425062000064,-1.94738393199998]]]}},{"type":"Feature","properties":{"PolyCode":"0206","PolyLabel":"DJOUORI-AGNILI","PolyLongitude":13.993495904,"PolyLatitude":-1.511206309},"geometry":{"type":"Polygon","coordinates":[[[13.99845102300003,-1.190214964999939],[14.007469914000069,-1.187930961999939],[14.008029964000059,-1.19526701999996],[14.016979979000041,-1.190933969999946],[14.024031998000055,-1.192942008999978],[14.024352016000023,-1.197726965999948],[14.034098022000023,-1.199394033999965],[14.034734900000046,-1.203300876999947],[14.039089991000026,-1.200506965999978],[14.039859017000026,-1.205900989999975],[14.043262973000026,-1.202470042999948],[14.055943032000073,-1.207404020999945],[14.058872034000046,-1.204531005999968],[14.055311992000043,-1.211312039999939],[14.059351986000024,-1.210591029999932],[14.066331027000047,-1.22095201999997],[14.079405013000041,-1.22389198299993],[14.075457965000055,-1.231451961999937],[14.08759397800003,-1.24042802799994],[14.085058975000038,-1.253798960999973],[14.092349976000037,-1.25762100299994],[14.096117966000065,-1.268321984999943],[14.101390984000034,-1.268537967999976],[14.102424987000063,-1.274357982999959],[14.106553984000072,-1.271492026999965],[14.106491037000069,-1.276520991999973],[14.111490036000077,-1.273904971999968],[14.11534701200003,-1.28407498699994],[14.118831015000069,-1.281919032999951],[14.116535987000077,-1.285588968999946],[14.126599989000056,-1.288371028999961],[14.127893984000025,-1.32034503999995],[14.133137030000057,-1.325176987999953],[14.129014032000043,-1.332145038999954],[14.133655974000021,-1.337492967999935],[14.131487999000058,-1.34232600799993],[14.145444029000032,-1.356746003999945],[14.142205023000031,-1.366397009999957],[14.14704402500007,-1.36775701199997],[14.144031002000077,-1.371180010999979],[14.147675008000022,-1.370379028999935],[14.147839985000076,-1.378273025999931],[14.158300999000062,-1.381611989999953],[14.162191991000043,-1.391894022999963],[14.168057034000071,-1.394201026999951],[14.174715025000069,-1.413503039999966],[14.168633028000045,-1.418120955999939],[14.168167981000067,-1.428246956999942],[14.163969015000077,-1.428730003999931],[14.164293987000065,-1.437340991999974],[14.179677034000065,-1.451119976999962],[14.184519974000068,-1.461480973999926],[14.183422029000042,-1.473282034999954],[14.200256988000035,-1.489180988999976],[14.201599978000047,-1.509383026999956],[14.238046011000051,-1.500518964999969],[14.30531598500005,-1.522883971999931],[14.26025796500005,-1.573822972999949],[14.23402303100005,-1.578897978999976],[14.23239000500007,-1.584808032999945],[14.247561734000044,-1.588175770999953],[14.238382965000028,-1.598553003999939],[14.180008030000067,-1.572304032999966],[14.128673018000029,-1.643185966999965],[14.114372967000065,-1.682112958999937],[14.105816979000053,-1.684354966999933],[14.102681027000074,-1.69632103899994],[14.078256015000022,-1.711484003999942],[14.055015009000044,-1.748999],[14.022364013000072,-1.767447983999944],[13.999955028000045,-1.763971001999948],[13.999766993000037,-1.759676010999954],[13.991535966000072,-1.764578981999932],[13.980112981000048,-1.761926003999974],[13.928186003000064,-1.788022041999966],[13.875393984000027,-1.763052024999979],[13.858974026000055,-1.741188979999947],[13.838815995000061,-1.73547896499997],[13.836643829000025,-1.730368742999929],[13.82546112700004,-1.731145359999971],[13.825649505000058,-1.724725683999964],[13.80930548200007,-1.705920039999967],[13.796279705000075,-1.70578820999998],[13.79492534600007,-1.693223850999971],[13.77620281000003,-1.693126746999951],[13.769424420000064,-1.68793310999996],[13.757220991000054,-1.689938083999948],[13.756583957000032,-1.681681587999947],[13.751841223000042,-1.682644600999936],[13.749063861000025,-1.674632662999954],[13.748984972000073,-1.568431964999945],[13.803269028000045,-1.56771901299993],[13.818815981000057,-1.527937962999943],[13.865456025000071,-1.395744032999971],[13.866464908000069,-1.256731652999974],[13.889057655000045,-1.267464166999957],[13.947457117000056,-1.267009383999948],[13.953442757000062,-1.219116861999964],[13.965134770000077,-1.215354040999955],[13.980866198000058,-1.228359883999929],[13.988635184000032,-1.227686472999949],[13.993300710000028,-1.221133549999934],[13.995393099000069,-1.185977021999975],[13.99845102300003,-1.190214964999939]]]}},{"type":"Feature","properties":{"PolyCode":"0207","PolyLabel":"LEKONI-LEKORI","PolyLongitude":13.893536267,"PolyLatitude":-1.085233903},"geometry":{"type":"Polygon","coordinates":[[[13.898997615000042,-0.891541788999973],[13.935878394000042,-0.973113723999973],[13.982309629000042,-0.94010874199995],[13.999519974000066,-0.941154],[14.004036711000026,-0.946735323999974],[14.01991533000006,-0.933164187999978],[14.081465567000066,-0.958930333999945],[14.094634275000033,-0.947838716999968],[14.099617091000027,-0.948905302999947],[14.114283278000073,-0.967634585999974],[14.127983977000042,-1.000780728999928],[14.120389664000072,-1.016892564999978],[14.104009082000061,-1.024844931999951],[14.100052858000026,-1.049040138999942],[14.08899249600006,-1.069768324999927],[14.091203045000043,-1.082536197999957],[14.08243998200004,-1.096271446999936],[14.077769925000041,-1.135086067999964],[14.064388510000072,-1.144823969999948],[14.062417981000067,-1.158859736999943],[14.041519300000061,-1.201354415999958],[14.03536897500004,-1.203618957999936],[14.017851034000046,-1.19087402699995],[14.008029964000059,-1.19526701999996],[14.007469914000069,-1.187930961999939],[13.99903777700007,-1.190543950999938],[13.995393099000069,-1.185977021999975],[13.989429846000064,-1.227160566999942],[13.980866198000058,-1.228359883999929],[13.965134770000077,-1.215354040999955],[13.953442757000062,-1.219116861999964],[13.950520770000026,-1.261055837999947],[13.945681998000055,-1.267530989999955],[13.879171024000073,-1.264276752999933],[13.80891341000006,-1.215925916999936],[13.810808547000022,-1.206035442999962],[13.797996843000021,-1.201970863999975],[13.778969799000038,-1.210360570999967],[13.780140016000075,-1.196405311999968],[13.768253770000058,-1.19864647199995],[13.760337098000036,-1.209657655999933],[13.754933508000022,-1.199348012999963],[13.758842986000047,-1.193251753999959],[13.750578312000073,-1.190124199999957],[13.754637978000062,-1.184475845999941],[13.745415407000053,-1.187127527999962],[13.739969014000053,-1.182045287999927],[13.73528443500004,-1.188618522999946],[13.72300404200007,-1.186301287999925],[13.720628580000039,-1.193971360999967],[13.712143831000049,-1.184007225999949],[13.70731637700004,-1.193979715999944],[13.695587697000065,-1.19207285799996],[13.694550872000036,-1.181146902999956],[13.683060387000069,-1.180117050999968],[13.687732315000062,-1.174611009999978],[13.682021048000024,-1.164644760999977],[13.671165591000033,-1.165289323999957],[13.678768048000052,-1.157468551999955],[13.678514500000063,-1.14093128899998],[13.686915523000039,-1.133137728999941],[13.685569773000054,-1.129179696999927],[13.679480844000068,-1.13369985099996],[13.664129356000046,-1.128662928999972],[13.657063097000048,-1.13261339099995],[13.656004775000042,-1.120155075999946],[13.650518783000052,-1.117025164999973],[13.640797244000055,-1.121734322999941],[13.632487142000059,-1.111558628999944],[13.658092219000025,-1.105148491999955],[13.652837029000068,-1.104244924999932],[13.654010476000053,-1.096308502999932],[13.650193006000052,-1.099593923999976],[13.646403432000056,-1.096073390999948],[13.652107023000042,-1.093119212999966],[13.659797868000055,-1.101489473999948],[13.659157204000053,-1.089286895999976],[13.666922899000042,-1.089840898999967],[13.659911666000028,-1.084359607999943],[13.664063880000072,-1.078038226999979],[13.668548601000055,-1.080749766999929],[13.676419160000023,-1.067343935999929],[13.674750128000028,-1.05801315399998],[13.690674849000061,-1.054415442999925],[13.678623659000039,-1.04102272199998],[13.684747720000075,-1.045264059999965],[13.693521974000078,-1.036084479999943],[13.696055585000067,-1.040774093999971],[13.696765252000034,-1.034153919999937],[13.701599766000072,-1.036304801999961],[13.700776594000047,-1.02618082999993],[13.720842466000022,-1.01485144399993],[13.716688809000061,-1.008101850999935],[13.736286231000065,-1.001922804999936],[13.739876350000031,-0.993401860999938],[13.732991538000022,-0.988078197999926],[13.741695322000055,-0.979896536999945],[13.737015039000028,-0.969052268999974],[13.743195979000063,-0.971021960999963],[13.75974812100003,-0.958613111999966],[13.777860503000056,-0.970299937999926],[13.804286853000065,-0.977470591999975],[13.80723293400007,-0.968079459999956],[13.818225618000042,-0.967015580999941],[13.822262425000076,-0.959676213999956],[13.829243209000026,-0.960010860999944],[13.859489496000037,-0.94099459399996],[13.878574016000073,-0.923918077999929],[13.891158231000077,-0.921171453999932],[13.898997615000042,-0.891541788999973]]]}},{"type":"Feature","properties":{"PolyCode":"0208","PolyLabel":"PLATEAUX","PolyLongitude":14.220567845,"PolyLatitude":-1.692341629},"geometry":{"type":"Polygon","coordinates":[[[14.392217643000038,-1.017705865999972],[14.420689828000036,-1.017382355999928],[14.425775005000048,-1.041362025999945],[14.44576102600007,-1.05792503899994],[14.445018008000034,-1.087181975999954],[14.470075983000072,-1.124230963999935],[14.473259965000068,-1.14391797899998],[14.457153015000074,-1.17325404099995],[14.493854992000024,-1.20632500399995],[14.487731970000027,-1.21900601599998],[14.495160018000036,-1.233544012999971],[14.494342970000048,-1.248805968999932],[14.506414029000041,-1.265925958999958],[14.505750033000027,-1.274234973999967],[14.49611298700006,-1.27742200299997],[14.49206700600007,-1.284105976999967],[14.494469970000068,-1.298228958999971],[14.484930966000036,-1.320610004999935],[14.449544008000032,-1.343923978999953],[14.462856010000053,-1.367295955999964],[14.487811003000047,-1.372132955999973],[14.497720999000023,-1.394875990999935],[14.511322026000073,-1.398835026999961],[14.518682024000043,-1.407939984999928],[14.522491028000047,-1.424700996999945],[14.513937002000034,-1.436160042999973],[14.488208988000054,-1.448660042999961],[14.488589988000058,-1.463086027999964],[14.471834972000067,-1.478000012999928],[14.488402004000022,-1.50053199499996],[14.464109010000072,-1.511060044999965],[14.463717022000026,-1.523369975999969],[14.49225802500007,-1.548891028999947],[14.491816993000043,-1.559618963999981],[14.480945003000045,-1.563351024999974],[14.46338703500004,-1.556146030999969],[14.457049998000059,-1.563089042999934],[14.447814980000032,-1.560320990999969],[14.439676993000035,-1.580526035999981],[14.421609011000044,-1.603303021999977],[14.39175599500004,-1.60754800899997],[14.387316989000055,-1.612517994999962],[14.403589028000056,-1.639764012999933],[14.424734030000025,-1.646973027999934],[14.428168988000039,-1.676876005999929],[14.433564020000063,-1.683759038999938],[14.443091004000053,-1.68681397499995],[14.462500974000022,-1.682021966999969],[14.46583798200004,-1.689988971999981],[14.479199982000068,-1.699400029999936],[14.475121977000072,-1.708562035999933],[14.45984399100007,-1.710563967999974],[14.446392971000023,-1.719423995999932],[14.436702026000034,-1.735808030999976],[14.437507033000031,-1.747974986999964],[14.427285984000036,-1.752759971999978],[14.425490977000038,-1.776382955999964],[14.432611013000042,-1.788198974999943],[14.439872001000026,-1.790735038999969],[14.442073974000039,-1.80791103699994],[14.430527988000051,-1.829223979999938],[14.418511032000026,-1.870081974999948],[14.43308498700003,-1.877902994999943],[14.435223994000069,-1.902080023999929],[14.423474034000037,-1.912173018999965],[14.409886990000075,-1.914233986999932],[14.402075987000046,-1.922733021999932],[14.389019036000036,-1.918338011999936],[14.381224968000026,-1.928783039999928],[14.36588703600006,-1.929998981999972],[14.34234398700005,-1.942936008999936],[14.316100991000042,-1.939326966999943],[14.304739963000031,-1.949189043999979],[14.308334021000064,-1.961503960999949],[14.302865986000029,-1.972822002999976],[14.281437027000038,-1.966073992999952],[14.261798011000053,-1.975987957999962],[14.257510001000071,-1.99925103299995],[14.242607974000066,-2.010344984999961],[14.24167901100003,-2.026133023999932],[14.263489974000038,-2.030792013999928],[14.27085102600006,-2.052956001999974],[14.27108002500006,-2.062834991999978],[14.255983015000027,-2.102474964999942],[14.267736023000055,-2.117404001999944],[14.266767987000037,-2.130173026999955],[14.244834978000029,-2.148719998999979],[14.225022024000054,-2.151800019999939],[14.219116965000069,-2.165224027999955],[14.23126899600004,-2.180741019999971],[14.226959,-2.193182044999958],[14.208236991000035,-2.204796983999927],[14.185668012000065,-2.208160000999953],[14.174508034000041,-2.218399982999927],[14.157473973000037,-2.223669981999933],[14.151574979000031,-2.232299980999926],[14.16425201800007,-2.243831025999953],[14.187199017000069,-2.245496962999937],[14.184355982000056,-2.262710992999928],[14.195409965000067,-2.272670994999942],[14.194940982000048,-2.282778028999928],[14.223460963000036,-2.298028974999966],[14.239828001000035,-2.326911002999964],[14.259899005000022,-2.340237982999952],[14.220780984000044,-2.364060986999959],[14.200586013000077,-2.36059701299996],[14.182900996000058,-2.369862005999948],[14.162437036000028,-2.390543015999981],[14.153698029000054,-2.390401001999976],[14.147681018000071,-2.41124396999993],[14.137069977000067,-2.417647002999956],[14.14640401500003,-2.430938963999949],[14.14249097100003,-2.455519989999971],[14.127456003000077,-2.459865984999965],[14.112732012000038,-2.475169995999977],[14.10622698900005,-2.488210010999978],[14.108124972000041,-2.507126013999937],[14.100953034000042,-2.51151800599996],[14.084755012000073,-2.494513971999936],[14.069543010000075,-2.496077983999953],[14.064654977000032,-2.49140700199996],[14.063837999000043,-2.475620042999935],[14.058105986000044,-2.472924039999953],[14.039035007000052,-2.479250961999981],[14.034211973000026,-2.491933006999943],[14.026894011000024,-2.494214021999937],[14.022679011000037,-2.490033016999973],[13.998874035000028,-2.500221030999967],[13.994344023000053,-2.490019036999968],[13.99543798700006,-2.475833019999925],[13.980866022000043,-2.461809009999968],[13.96879496500003,-2.467375983999943],[13.95479,-2.462782997999966],[13.95198599300005,-2.47231099399994],[13.941684008000038,-2.475835009999969],[13.93900598600004,-2.488279042999977],[13.926526035000052,-2.48735101799997],[13.920039029000066,-2.492289970999934],[13.898571008000033,-2.489136003999931],[13.893714001000035,-2.480747980999979],[13.884089980000056,-2.475407984999947],[13.875995963000037,-2.477946961999976],[13.866272008000067,-2.467187041999978],[13.865693967000027,-2.45265797299993],[13.87031907000005,-2.444679590999954],[13.889433956000062,-2.425642300999925],[13.905993341000055,-2.423920816999953],[13.90946974700006,-2.415303313999971],[13.934172918000058,-2.412895864999939],[13.940050920000033,-2.398912879999955],[13.978377798000054,-2.367438944999947],[14.008616575000076,-2.363119956999981],[14.01968581500006,-2.34294179699998],[14.034172064000074,-2.333761337999931],[14.054639167000062,-2.302971567999975],[14.061990096000045,-2.299878256999932],[14.064839825000035,-2.289260099999979],[14.060310548000075,-2.282329862999973],[14.065920920000053,-2.277067146999968],[14.05838353300004,-2.262198027999943],[14.061917386000061,-2.248685776999935],[14.057610649000026,-2.229873408999936],[14.034211395000057,-2.218583016999958],[14.031905175000077,-2.213084054999968],[14.035546630000056,-2.209490757999959],[14.030474370000036,-2.210135668999953],[14.027053898000077,-2.201209279999944],[14.037574421000045,-2.185087373999977],[14.039458148000051,-2.171210026999972],[14.050681392000058,-2.164981342999965],[14.050614609000036,-2.156522694999978],[14.06154239500006,-2.148773042999949],[14.062444933000052,-2.130856866999977],[14.070305879000045,-2.122925736999946],[14.071924526000032,-2.088237249999963],[14.065569881000044,-2.078491916999951],[14.063243335000038,-2.061250659999928],[14.067067421000047,-2.060002835999967],[14.069803125000021,-2.041433357999949],[14.065675619000046,-2.036574567999935],[14.06943061000004,-2.034292416999961],[14.066758015000062,-2.015123460999973],[14.058623259000058,-2.011589257999958],[14.05596368700003,-2.002617932999954],[14.045820222000032,-2.003587722999953],[14.032599537000067,-1.992082528999958],[14.019474185000036,-1.992010450999942],[14.019627158000048,-1.987465090999933],[14.01368548000005,-1.98954565899993],[14.014482527000041,-1.993212828999958],[14.005017870000074,-1.987535522999963],[14.003604576000043,-1.976799220999965],[13.995410456000059,-1.96957654199997],[13.997644940000043,-1.966732805999925],[13.99123077400003,-1.964664690999939],[13.993841063000048,-1.960275686999978],[13.985532040000066,-1.95981943299995],[13.98247380600003,-1.952516737999929],[13.977748683000073,-1.957424071999981],[13.975840518000041,-1.952322822999975],[13.963063949000059,-1.950374296999939],[13.945704400000068,-1.936169936999931],[13.93233543100007,-1.935429381999938],[13.910441714000058,-1.901042],[13.879471521000028,-1.888555671999939],[13.879146479000042,-1.881139480999934],[13.875120200000026,-1.882767785999931],[13.868117020000057,-1.869109209999976],[13.869515665000051,-1.842471659999944],[13.86205642300007,-1.801868231999947],[13.856285676000027,-1.791574368999932],[13.847762413000055,-1.789046681999935],[13.847494779000044,-1.763185058999966],[13.840584360000037,-1.75770794999994],[13.842691426000044,-1.750562812999931],[13.833875651000028,-1.748858110999947],[13.83256095300004,-1.741945044999966],[13.837704064000036,-1.733247357999971],[13.85855500100007,-1.740962023999941],[13.875393984000027,-1.763052024999979],[13.928186003000064,-1.788022041999966],[13.980915983000045,-1.761691008999946],[13.991535966000072,-1.764578981999932],[13.999766993000037,-1.759676010999954],[13.999955028000045,-1.763971001999948],[14.022364013000072,-1.767447983999944],[14.036168006000025,-1.761300035999966],[14.06309896700003,-1.739730011999939],[14.078256015000022,-1.711484003999942],[14.102681027000074,-1.69632103899994],[14.105816979000053,-1.684354966999933],[14.114372967000065,-1.682112958999937],[14.128673018000029,-1.643185966999965],[14.180008030000067,-1.572304032999966],[14.238382965000028,-1.598553003999939],[14.247561734000044,-1.588175770999953],[14.23239000500007,-1.584808032999945],[14.23402303100005,-1.578897978999976],[14.26025796500005,-1.573822972999949],[14.30531598500005,-1.522883971999931],[14.238046011000051,-1.500518964999969],[14.201599978000047,-1.509383026999956],[14.200256988000035,-1.489180988999976],[14.183422029000042,-1.473282034999954],[14.184519974000068,-1.461480973999926],[14.179677034000065,-1.451119976999962],[14.164293987000065,-1.437340991999974],[14.163969015000077,-1.428730003999931],[14.168167981000067,-1.428246956999942],[14.168633028000045,-1.418120955999939],[14.174715025000069,-1.413503039999966],[14.168057034000071,-1.394201026999951],[14.162191991000043,-1.391894022999963],[14.158300999000062,-1.381611989999953],[14.147839985000076,-1.378273025999931],[14.147675008000022,-1.370379028999935],[14.144031002000077,-1.371180010999979],[14.14704402500007,-1.36775701199997],[14.142205023000031,-1.366397009999957],[14.145444029000032,-1.356746003999945],[14.131487999000058,-1.34232600799993],[14.133655974000021,-1.337492967999935],[14.129014032000043,-1.332145038999954],[14.133137030000057,-1.325176987999953],[14.127893984000025,-1.32034503999995],[14.126599989000056,-1.288371028999961],[14.116535987000077,-1.285588968999946],[14.118831015000069,-1.281919032999951],[14.11534701200003,-1.28407498699994],[14.111490036000077,-1.273904971999968],[14.106491037000069,-1.276520991999973],[14.10483398200006,-1.270672038999976],[14.102424987000063,-1.274357982999959],[14.092349976000037,-1.25762100299994],[14.085058975000038,-1.253798960999973],[14.08759397800003,-1.24042802799994],[14.075457965000055,-1.231451961999937],[14.080993026000044,-1.227160033999951],[14.079008970000075,-1.223334016999956],[14.066331027000047,-1.22095201999997],[14.059351986000024,-1.210591029999932],[14.055311992000043,-1.211312039999939],[14.059744975000058,-1.20740103299994],[14.058159019000072,-1.204132993999963],[14.055943032000073,-1.207404020999945],[14.039540015000057,-1.203348970999969],[14.062417981000067,-1.158859736999943],[14.064388510000072,-1.144823969999948],[14.077769925000041,-1.135086067999964],[14.084496731000058,-1.104120197999976],[14.11369357700005,-1.096683913999925],[14.129778589000068,-1.101935028999947],[14.137697979000052,-1.098660142999961],[14.152503590000038,-1.087566247999973],[14.15381141100005,-1.074116524999965],[14.182824288000063,-1.055815380999945],[14.187803712000061,-1.067563933999963],[14.207047708000061,-1.074483664999946],[14.211839034000036,-1.074120346999962],[14.214820368000062,-1.067241753999951],[14.221882419000053,-1.069974597999931],[14.231942151000055,-1.065404229999956],[14.243904632000067,-1.072031519999939],[14.271528557000067,-1.061868150999942],[14.285795011000062,-1.065441569999962],[14.300203496000051,-1.06005029399995],[14.303738648000035,-1.050528644999929],[14.312551033000034,-1.04816171799996],[14.313533065000058,-1.038421701999937],[14.327685187000043,-1.033224731999951],[14.350003442000059,-1.010150253999939],[14.392217643000038,-1.017705865999972]]]}},{"type":"Feature","properties":{"PolyCode":"0209","PolyLabel":"DJOUE","PolyLongitude":14.293022639,"PolyLatitude":-0.803020205},"geometry":{"type":"Polygon","coordinates":[[[14.389220030000047,-0.473983039999951],[14.412282980000043,-0.471317992999957],[14.423437985000078,-0.481295001999968],[14.43394203500003,-0.481089974999975],[14.436642992000031,-0.50815795799997],[14.431303,-0.523152993999929],[14.457169004000036,-0.520048996999947],[14.46522999900003,-0.524440993999974],[14.47119802700007,-0.547248004999972],[14.482725026000026,-0.553946975999963],[14.490999980000026,-0.567351015999975],[14.500612985000032,-0.56769602199995],[14.49761298900006,-0.590222038999968],[14.529012020000039,-0.614290000999972],[14.509190034000028,-0.640790955999933],[14.526479997000024,-0.664633988999924],[14.495810001000052,-0.697817007999959],[14.494821014000024,-0.713400013999944],[14.480902997000044,-0.723017007999943],[14.481121037000037,-0.739180961999978],[14.465285005000055,-0.749985030999937],[14.47552601700005,-0.772014030999969],[14.469104978000075,-0.775566984999955],[14.471399003000045,-0.786119031999931],[14.460847975000036,-0.789627981999956],[14.452726978000044,-0.803484002999937],[14.462123973000075,-0.810429970999962],[14.470829027000036,-0.826725014999965],[14.481522986000073,-0.829966978999948],[14.479483982000033,-0.86524600499996],[14.459683003000066,-0.879447991999939],[14.442086964000055,-0.910690961999933],[14.422312006000027,-0.930520974999979],[14.436774987000035,-0.94393600199993],[14.429674972000043,-0.955545034999943],[14.433738967000068,-0.963756986999954],[14.432255997000027,-0.977375016999929],[14.438305023000055,-0.984741976999942],[14.430940016000022,-0.997015015999978],[14.437814027000059,-1.002220028999943],[14.420689828000036,-1.017382355999928],[14.41146033900003,-1.018787759999952],[14.350003442000059,-1.010150253999939],[14.327685187000043,-1.033224731999951],[14.313533065000058,-1.038421701999937],[14.312551033000034,-1.04816171799996],[14.303738648000035,-1.050528644999929],[14.300203496000051,-1.06005029399995],[14.285795011000062,-1.065441569999962],[14.271528557000067,-1.061868150999942],[14.243904632000067,-1.072031519999939],[14.231942151000055,-1.065404229999956],[14.221882419000053,-1.069974597999931],[14.214820368000062,-1.067241753999951],[14.211839034000036,-1.074120346999962],[14.207047708000061,-1.074483664999946],[14.187803712000061,-1.067563933999963],[14.182824288000063,-1.055815380999945],[14.15381141100005,-1.074116524999965],[14.152503590000038,-1.087566247999973],[14.137697979000052,-1.098660142999961],[14.129778589000068,-1.101935028999947],[14.11369357700005,-1.096683913999925],[14.085259979000057,-1.105156207999926],[14.08243998200004,-1.096271446999936],[14.091203045000043,-1.082536197999957],[14.08899249600006,-1.069768324999927],[14.100052858000026,-1.049040138999942],[14.103760537000028,-1.025435272999971],[14.107954556000038,-1.019691644999966],[14.120389664000072,-1.016892564999978],[14.127983977000042,-1.000780728999928],[14.114283278000073,-0.967634585999974],[14.097002134000036,-0.947551358999931],[14.081465567000066,-0.958930333999945],[14.01991533000006,-0.933164187999978],[14.004036711000026,-0.946735323999974],[13.999519974000066,-0.941154],[13.982309629000042,-0.94010874199995],[13.99914478200003,-0.926671829999975],[14.027902328000039,-0.882313410999927],[14.055459271000075,-0.854044296999973],[14.195342538000034,-0.674509124999929],[14.232375155000057,-0.653939307999963],[14.223451907000026,-0.638930712999979],[14.364287309000076,-0.460691846999964],[14.377399032000028,-0.463210035999964],[14.389220030000047,-0.473983039999951]]]}},{"type":"Feature","properties":{"PolyCode":"0210","PolyLabel":"LEKABI-LEWOLO","PolyLongitude":13.728336903,"PolyLatitude":-1.362063075},"geometry":{"type":"Polygon","coordinates":[[[13.632612890000075,-1.112273399999935],[13.642717086000061,-1.122054760999958],[13.652623468000058,-1.117360414999951],[13.657913662000055,-1.13283559599995],[13.664129356000046,-1.128662928999972],[13.679480844000068,-1.13369985099996],[13.685569773000054,-1.129179696999927],[13.686915523000039,-1.133137728999941],[13.678514500000063,-1.14093128899998],[13.678768048000052,-1.157468551999955],[13.671165591000033,-1.165289323999957],[13.682021048000024,-1.164644760999977],[13.687732315000062,-1.174611009999978],[13.683060387000069,-1.180117050999968],[13.694550872000036,-1.181146902999956],[13.695587697000065,-1.19207285799996],[13.70731637700004,-1.193979715999944],[13.712143831000049,-1.184007225999949],[13.720628580000039,-1.193971360999967],[13.72300404200007,-1.186301287999925],[13.73528443500004,-1.188618522999946],[13.739969014000053,-1.182045287999927],[13.745415407000053,-1.187127527999962],[13.754637978000062,-1.184475845999941],[13.750578312000073,-1.190124199999957],[13.758842986000047,-1.193251753999959],[13.754933508000022,-1.199348012999963],[13.760337098000036,-1.209657655999933],[13.768253770000058,-1.19864647199995],[13.780140016000075,-1.196405311999968],[13.778969799000038,-1.210360570999967],[13.797996843000021,-1.201970863999975],[13.810808547000022,-1.206035442999962],[13.80891341000006,-1.215925916999936],[13.866464908000069,-1.256731652999974],[13.862998024000035,-1.404768974999968],[13.80384698100005,-1.567049033999979],[13.748984972000073,-1.568431964999945],[13.74898018600004,-1.589295728999957],[13.640869232000057,-1.590023182999971],[13.630828048000069,-1.289817508999931],[13.585471467000048,-1.244541962999961],[13.592572738000058,-1.192055023999956],[13.582595551000054,-1.172047242999952],[13.587174294000022,-1.174750073999974],[13.58835982100004,-1.169245930999978],[13.596230712000022,-1.165750537999941],[13.59341427000004,-1.161268347999965],[13.598095391000072,-1.142379425999934],[13.614143166000076,-1.142684508999935],[13.612349430000052,-1.131505566999977],[13.61789262600007,-1.124802658999954],[13.623036351000053,-1.126479567999979],[13.625733813000068,-1.118178246999946],[13.630490359000078,-1.121924211999954],[13.632612890000075,-1.112273399999935]]]}},{"type":"Feature","properties":{"PolyCode":"0211","PolyLabel":"BAYI-BRIKOLO","PolyLongitude":14.083280509,"PolyLatitude":-0.592509187},"geometry":{"type":"Polygon","coordinates":[[[14.073488360000056,-0.357563742999957],[14.088232059000063,-0.362347203999946],[14.115377508000051,-0.384913257999926],[14.133662455000035,-0.377294898999935],[14.156333585000027,-0.385274701999947],[14.178741935000062,-0.385126236999952],[14.175496022000061,-0.396803981999938],[14.183811989000048,-0.454525978999925],[14.192072997000025,-0.450822971999969],[14.189103017000036,-0.438974969999947],[14.200872021000066,-0.439633036999965],[14.217263011000057,-0.430546026999934],[14.25026202500004,-0.44059002399996],[14.257277982000062,-0.438625016999936],[14.25789702000003,-0.450325034999935],[14.270510030000025,-0.454157040999974],[14.283066020000035,-0.448319959999935],[14.287315987000056,-0.432817004999947],[14.296542024000075,-0.427655036999965],[14.310081034000063,-0.435295975999964],[14.323737982000068,-0.430809001999933],[14.341969989000063,-0.441219966999938],[14.343647976000057,-0.454564996999977],[14.364287309000076,-0.460691846999964],[14.223451907000026,-0.638930712999979],[14.232375155000057,-0.653939307999963],[14.195342538000034,-0.674509124999929],[14.076922350000075,-0.824405442999932],[13.990688464000073,-0.798579508999978],[13.97531519000006,-0.78806065699996],[13.950755555000057,-0.784085049999931],[13.932933923000064,-0.790233890999957],[13.816644126000028,-0.66764029999996],[13.899189642000067,-0.601725361999968],[13.913053428000069,-0.603474861999928],[13.918914186000052,-0.599485353999967],[13.915740834000076,-0.586089],[13.923108771000045,-0.588239593999958],[13.927857858000039,-0.583136858999978],[13.93935114900006,-0.562240687999974],[13.938305060000062,-0.548122058999979],[13.955095917000051,-0.539264795999941],[13.97085463600007,-0.523390452999934],[13.977667968000048,-0.526418605999936],[13.985030837000068,-0.513657191999926],[13.981147149000037,-0.506242240999939],[13.985657531000072,-0.490292125999929],[13.995796067000072,-0.48813595699994],[13.99932865900007,-0.480974285999935],[13.999198843000045,-0.476412597999968],[13.99436690500005,-0.476653295999938],[13.998335677000057,-0.47231125299993],[13.99396790700007,-0.466127289999974],[13.998640255000055,-0.461979251999935],[13.99657989700006,-0.458790182999962],[13.992257219000066,-0.461766357999977],[13.990294218000031,-0.455787058999931],[13.994440775000044,-0.457594616999927],[13.995389807000038,-0.452012365999963],[13.991791646000024,-0.44679033999995],[13.995506917000057,-0.444152281999948],[14.00000109900003,-0.448221101999934],[14.003106683000055,-0.44171838799997],[14.007273115000032,-0.443550632999973],[14.018197289000057,-0.416594696999937],[14.02717573700005,-0.409601289999955],[14.033400301000029,-0.39537947599996],[14.053515926000046,-0.381021199999964],[14.061273694000022,-0.360605890999977],[14.073488360000056,-0.357563742999957]]]}},{"type":"Feature","properties":{"PolyCode":"0301","PolyLabel":"OGOOUE ET LACS","PolyLongitude":10.155854645,"PolyLatitude":-0.687329095},"geometry":{"type":"Polygon","coordinates":[[[10.379519973000072,-0.198807965999947],[10.37807897600004,-0.248419038999941],[10.387465002000056,-0.262683013999947],[10.38689494700003,-0.273268971999926],[10.382828904000064,-0.278888016999929],[10.36735102700004,-0.283156023999936],[10.367695025000046,-0.30261804099996],[10.454666969000073,-0.435232020999933],[10.475498971000036,-0.447042024999973],[10.50684596900004,-0.414170974999934],[10.51445196700007,-0.419038042999944],[10.530219995000039,-0.41505303699995],[10.536875035000037,-0.420318007999924],[10.536320974000034,-0.412741013999948],[10.550662010000053,-0.415375041999937],[10.553041033000056,-0.403969008999979],[10.564450085000033,-0.409555035999972],[10.567304019000062,-0.401099979999969],[10.57601898400003,-0.404292030999954],[10.58251801800003,-0.395518971999934],[10.578618035000034,-0.388498025999979],[10.589490971000032,-0.392729044999953],[10.611668992000034,-0.37432698799995],[10.614691036000067,-0.379650968999954],[10.61841498900003,-0.375344020999933],[10.630141997000067,-0.380690031999961],[10.631649013000072,-0.369682022999939],[10.642267983000067,-0.362105974999963],[10.648487998000064,-0.374394993999942],[10.654945023000039,-0.364102030999959],[10.652549022000073,-0.35886598299993],[10.662949966000042,-0.351978026999973],[10.665632103000064,-0.357777960999954],[10.67293296300005,-0.358521007999968],[10.676655020000055,-0.35149501799998],[10.677290925000023,-0.361631996999961],[10.682927963000054,-0.359155022999971],[10.698984977000066,-0.372600028999955],[10.715775987000029,-0.369280043999936],[10.720555983000054,-0.359085978999929],[10.72558997300007,-0.358178023999926],[10.729191999000022,-0.365468997999926],[10.738301013000068,-0.365532961999975],[10.739119070000072,-0.375551023999947],[10.744591978000074,-0.373753017999945],[10.748894041000028,-0.378084018999971],[10.759599994000041,-0.372512971999925],[10.76413602200006,-0.375524958999961],[10.766594010000063,-0.36108704399993],[10.774356930000067,-0.35871502599997],[10.776180970000041,-0.371857037999973],[10.785768995000069,-0.371300029999929],[10.788463912000054,-0.366114987999936],[10.797608963000073,-0.371336023999959],[10.800256989000047,-0.378744979999965],[10.807877005000023,-0.380398013999979],[10.808983994000073,-0.393481039999926],[10.815164941000035,-0.395077021999953],[10.812706996000031,-0.403613021999945],[10.819403065000074,-0.40080697999997],[10.823008983000022,-0.404492023999978],[10.814607995000074,-0.411591040999951],[10.822769987000072,-0.409995981999941],[10.824114998000027,-0.424037016999932],[10.835447937000026,-0.417417026999942],[10.832555015000025,-0.429375007999965],[10.835921003000067,-0.43225599799996],[10.839884036000058,-0.424677979999956],[10.842260985000053,-0.427709032999928],[10.848066037000024,-0.422146001999977],[10.865798002000076,-0.423404974999926],[10.874075004000076,-0.41496497199995],[10.895909994000021,-0.429392984999936],[10.905295982000041,-0.426376967999943],[10.920918035000057,-0.453770032999955],[10.887558979000062,-0.457818987999929],[10.85237597400004,-0.482334963999961],[10.807359942000062,-0.491084981999961],[10.78538896300006,-0.50572600299995],[10.781449025000029,-0.518351029999963],[10.772723904000031,-0.522517968999978],[10.76985408400003,-0.535179020999976],[10.754144025000073,-0.545979963999969],[10.758233008000047,-0.565113959999962],[10.75185403100005,-0.567711990999953],[10.73554303000003,-0.560209039999961],[10.736287015000073,-0.580981996999981],[10.728450973000065,-0.573464043999934],[10.723803017000023,-0.576843985999972],[10.723320972000067,-0.609286003999955],[10.705248011000037,-0.619074023999929],[10.705143004000035,-0.631265955999936],[10.690028018000021,-0.641406040999925],[10.698327027000062,-0.671848007999927],[10.65114900900005,-0.683854001999975],[10.648531026000057,-0.690235034999944],[10.653878984000073,-0.705124959999978],[10.63502700600003,-0.716929970999956],[10.628705970000055,-0.717463044999931],[10.622588023000048,-0.707782022999936],[10.611402080000062,-0.70839104199996],[10.60446304800007,-0.721801975999938],[10.607750080000073,-0.73048603899997],[10.602099947000056,-0.75135204299994],[10.580071931000077,-0.763850981999951],[10.56825307300005,-0.762336012999924],[10.55375796800007,-0.769754983999974],[10.54165290900005,-0.786575955999979],[10.52563490600005,-0.796584973999927],[10.532539015000054,-0.842650965999951],[10.519290965000039,-0.897452973999975],[10.460672986000077,-0.979218958999979],[10.430055024000069,-0.990849984999954],[10.421792061000076,-0.998296001999961],[10.415684963000047,-1.013111017999961],[10.433953033000023,-1.019403998999962],[10.439655999000024,-1.029757964999931],[10.430214935000038,-1.051847040999974],[10.420941020000043,-1.058462962999954],[10.410550017000048,-1.079115014999957],[10.396205997000038,-1.080862012999944],[10.38895399100005,-1.129109031999974],[10.384122963000038,-1.132398007999939],[10.37869902500006,-1.122414987999946],[10.36930003200007,-1.129951994999942],[10.370901976000027,-1.15189996099997],[10.357798080000066,-1.173787041999958],[10.349346973000024,-1.171449013999961],[10.350395032000051,-1.150724965999927],[10.33879896700006,-1.14075397299996],[10.30996198300005,-1.13712400299994],[10.298621970000056,-1.152110962999927],[10.290517026000032,-1.153767976999973],[10.246021012000028,-1.146140972999945],[10.227687032000063,-1.136064986999941],[10.19126598300005,-1.146098008999957],[10.160902965000048,-1.162631973999964],[10.131581021000045,-1.194904970999971],[10.104065018000028,-1.216720036999959],[10.075573993000035,-1.25478099399993],[10.063853033000044,-1.263525042999959],[10.054993012000068,-1.25715698099998],[10.041348994000032,-1.26052997599993],[10.02649202400005,-1.25782204199993],[9.965326978000064,-1.222890032999942],[9.950185022000028,-1.235716034999939],[9.94132602700006,-1.216811036999957],[9.948970992000056,-1.194654955999965],[9.94737596300007,-1.178142031999926],[9.956013023000025,-1.176234008999927],[9.955149972000072,-1.169768039999951],[9.943739021000056,-1.167773017999934],[9.933786978000057,-1.152186961999973],[9.923774030000061,-1.168953981999948],[9.91094199400004,-1.166791036999939],[9.91429703700004,-1.15373901199996],[9.906280997000067,-1.148608037999963],[9.91012698000003,-1.144857990999981],[9.915223996000066,-1.148558032999972],[9.917247976000056,-1.140996954999935],[9.929742963000024,-1.13164003199995],[9.926013982000029,-1.125969958999974],[9.933649022000054,-1.096318013999962],[9.943639005000023,-1.085320968999952],[9.941749977000029,-1.067299021999929],[9.946963986000071,-1.063295004999929],[9.954910974000029,-1.070843989999958],[9.961211966000064,-1.064389997999967],[9.942876005000073,-1.040826023999955],[9.946445022000034,-1.03508695499994],[9.938818981000054,-1.018791971999974],[9.923525006000034,-1.010802041999966],[9.940784997000037,-0.979937016999941],[9.931398029000036,-0.940193029999932],[9.879907993000074,-0.900386021999964],[9.866957008000043,-0.896051015999944],[9.849378022000053,-0.907866981999973],[9.839661031000048,-0.90056199199995],[9.819965964000062,-0.909339030999945],[9.812184003000027,-0.899781979999943],[9.798417983000036,-0.895123032999948],[9.774773014000061,-0.906971985999974],[9.742359978000025,-0.908382005999954],[9.736246020000067,-0.901004038999929],[9.745038977000036,-0.885414037999965],[9.74206401300006,-0.877023961999953],[9.649320018000026,-0.838125011999978],[9.569870980000076,-0.579865972999926],[9.57723001100004,-0.570859027999973],[9.565164968000033,-0.528300042999945],[9.578663023000047,-0.507851966999965],[9.562889023000025,-0.492072955999959],[9.566475996000065,-0.469007043999966],[9.553047997000021,-0.437239044999956],[9.556698035000068,-0.41109303199994],[9.549816013000054,-0.39564398999994],[9.556717031000062,-0.390212970999926],[9.57651203000006,-0.389035029999945],[9.612482012000044,-0.397643967999954],[9.675812009000026,-0.37254102299994],[9.711996015000068,-0.371261983999943],[9.734771984000076,-0.361175032999938],[9.767782011000065,-0.330012972999953],[9.762935975000062,-0.34162801399998],[9.76494503500004,-0.350197021999975],[9.77466703400006,-0.361055977999968],[9.783458016000054,-0.35895701499993],[9.797098025000025,-0.378603955999949],[9.803241972000023,-0.380272998999942],[9.810526029000073,-0.37305302599998],[9.832781015000023,-0.374249998999971],[9.839119975000074,-0.370349982999926],[9.84482700500007,-0.354723987999932],[9.87103302600002,-0.333739033999962],[9.868882965000068,-0.322571029999949],[9.883986014000072,-0.31182598099997],[9.884757023000077,-0.298756985999944],[9.894426031000023,-0.296222965999959],[9.913588022000056,-0.301474006999968],[9.939470035000056,-0.317272023999976],[9.945427964000032,-0.308019000999934],[9.953189972000075,-0.307701042999952],[9.983251994000057,-0.332991030999949],[9.988387017000036,-0.360211008999954],[9.98261502400004,-0.372494031999963],[9.99120199400005,-0.371531995999931],[9.994275982000033,-0.377645020999978],[9.988595990000022,-0.381937992999951],[9.99231002700003,-0.413307968999959],[9.986567017000027,-0.419461012999932],[9.994193964000033,-0.424612015999969],[10.128024968000034,-0.367507001999968],[10.224575985000058,-0.300903995999931],[10.250211928000056,-0.291577985999936],[10.255056981000052,-0.278192],[10.271921030000044,-0.265484017999938],[10.27030803100007,-0.257165955999938],[10.275516966000055,-0.246265966999943],[10.335786007000024,-0.240438031999929],[10.343105027000036,-0.23252195799995],[10.354306973000064,-0.231510965999973],[10.379519973000072,-0.198807965999947]]]}},{"type":"Feature","properties":{"PolyCode":"0302","PolyLabel":"ABANGA-BIGNE","PolyLongitude":10.992756652,"PolyLatitude":-0.164514274},"geometry":{"type":"Polygon","coordinates":[[[11.19576496700006,0.268814983000027],[11.202523966000058,0.255414967000036],[11.198885938000046,0.252175965000049],[11.212272964000022,0.250708041000053],[11.232107983000049,0.263801988000068],[11.235294021000072,0.255229024000073],[11.230024976000038,0.244724976000043],[11.240487030000054,0.240257961000054],[11.24556399100004,0.231519997000021],[11.263391016000071,0.225100004000069],[11.26846298700002,0.231402990000049],[11.280588992000048,0.229408975000069],[11.289185977000045,0.234370012000056],[11.294537027000047,0.230447020000042],[11.303283031000035,0.237363015000028],[11.318310981000025,0.232339006000075],[11.320769037000048,0.240341992000026],[11.327189025000052,0.240421997000055],[11.330334030000074,0.225737026000047],[11.33721601700006,0.226113971000075],[11.337209968000025,0.222231012000066],[11.587384004000057,0.220404992000056],[11.572846004000041,0.202522997000074],[11.56528297500006,0.202142986000069],[11.562894035000056,0.195669992000035],[11.553573966000044,0.19088004200006],[11.548074001000032,0.170215984000038],[11.541258008000057,0.170535026000039],[11.536633988000062,0.16226699300006],[11.543873981000047,0.140613985000073],[11.516184013000043,0.127662039000029],[11.512053981000065,0.102913004000072],[11.506832024000062,0.108042963000059],[11.496067021000044,0.105538010000032],[11.482927026000027,0.112926013000049],[11.480198980000068,0.106646042000023],[11.471792031000064,0.104906981000056],[11.474487019000037,0.102793008000049],[11.474844027000074,0.098644032000038],[11.471785977000025,0.10358504200002],[11.467829969000036,0.100119987000028],[11.464728009000055,0.10329095700007],[11.457512,0.093437956000059],[11.451066964000063,0.095771027000069],[11.448781002000032,0.084443963000069],[11.440971994000051,0.083700982000039],[11.439298030000032,0.091980965000062],[11.434377052000059,0.082664960000045],[11.426037069000074,0.086844993000057],[11.42601998300006,0.074026035000031],[11.415323967000063,0.071276033000061],[11.414550986000052,0.062978958000031],[11.401400029000058,0.064728015000071],[11.40212090600005,0.067729961000055],[11.39582802800004,0.061222029000021],[11.40272297100006,0.053402995000056],[11.372288974000071,0.061940014000072],[11.37593496900007,0.059146983000062],[11.368160012000033,0.057650956000032],[11.374483070000053,0.052542992000042],[11.366979019000041,0.051247955000065],[11.368763927000032,0.040977014000021],[11.362304036000069,0.045185016000062],[11.356913982000037,0.041275039000027],[11.355329019000067,0.048933973000032],[11.345660026000076,0.051009045000058],[11.347324913000023,0.046621028000061],[11.343600025000057,0.041832998000075],[11.340034020000076,0.043987003000041],[11.339026993000061,0.038719988000025],[11.344248962000052,0.03427004100007],[11.324521029000039,0.034582040000032],[11.32727397800005,0.025795988000027],[11.323122073000036,0.017533959000048],[11.313011002000053,0.023006037000073],[11.309243971000058,0.01434696900003],[11.302944012000069,0.017497977000062],[11.304766090000044,0.013827965000075],[11.297078906000024,0.006886972000075],[11.303163967000046,-0.001287978999926],[11.299553095000022,-0.011536],[11.273320021000075,-0.048903010999936],[11.264312033000067,-0.074564957999939],[11.25046799300003,-0.088288958999954],[11.271614973000055,-0.108436984999969],[11.288451989000066,-0.109479978999957],[11.300424020000037,-0.100604967999971],[11.314212972000064,-0.117635030999963],[11.324357984000073,-0.120552963999955],[11.322708894000073,-0.127643983999974],[11.333532019000074,-0.148259032999931],[11.328954022000062,-0.161404041999958],[11.341158963000055,-0.176404997999953],[11.336231031000068,-0.182508021999979],[11.340682977000029,-0.191887986999973],[11.336580034000065,-0.205405009999936],[11.338643925000042,-0.236833015999935],[11.336031983000055,-0.24203296099995],[11.327011982000045,-0.240853969999932],[11.323129007000034,-0.249235986999963],[11.334656020000068,-0.258585975999949],[11.337411005000035,-0.274184979999973],[11.373392969000065,-0.311282973999937],[11.416911971000047,-0.385982966999961],[11.406951974000037,-0.421756978999952],[11.43626901700003,-0.507289025999967],[11.48770999800007,-0.547215964999964],[11.507647034000058,-0.574717998999972],[11.51482795000004,-0.595585024999934],[11.529755033000072,-0.690103034999936],[11.56779496300004,-0.761599014999945],[11.542323582000051,-0.750417537999965],[11.500421523000057,-0.753835049999964],[11.448607364000054,-0.745879707999961],[11.389562420000061,-0.724226595999937],[11.33869114600003,-0.694605569999965],[11.26349116800003,-0.635097471999927],[11.165823031000059,-0.544959989999938],[11.128639022000073,-0.496056980999924],[11.107657006000068,-0.460264992999953],[11.109876959000076,-0.452286963999939],[11.084068033000051,-0.435890025999925],[11.082775988000037,-0.426273966999929],[11.093193967000047,-0.41518903399998],[11.09335698600006,-0.409216992999973],[11.064909029000034,-0.402146976999973],[11.045591977000072,-0.383587012999953],[10.994358030000058,-0.402633966999929],[10.983081084000048,-0.430281978999972],[10.953697004000048,-0.421001960999945],[10.952255992000062,-0.410732003999954],[10.94339399200004,-0.417469996999955],[10.922051028000055,-0.416378019999968],[10.916197023000052,-0.423891013999935],[10.895909994000021,-0.429392984999936],[10.874075004000076,-0.41496497199995],[10.865798002000076,-0.423404974999926],[10.848066037000024,-0.422146001999977],[10.842260985000053,-0.427709032999928],[10.839884036000058,-0.424677979999956],[10.836311950000038,-0.432422007999946],[10.832555015000025,-0.429375007999965],[10.835447937000026,-0.417417026999942],[10.824114998000027,-0.424037016999932],[10.822769987000072,-0.409995981999941],[10.814607995000074,-0.411591040999951],[10.823008983000022,-0.404492023999978],[10.819403065000074,-0.40080697999997],[10.812706996000031,-0.403613021999945],[10.815164941000035,-0.395077021999953],[10.808983994000073,-0.393481039999926],[10.807877005000023,-0.380398013999979],[10.800256989000047,-0.378744979999965],[10.797608963000073,-0.371336023999959],[10.788463912000054,-0.366114987999936],[10.785768995000069,-0.371300029999929],[10.776180970000041,-0.371857037999973],[10.774356930000067,-0.35871502599997],[10.766594010000063,-0.36108704399993],[10.76413602200006,-0.375524958999961],[10.759599994000041,-0.372512971999925],[10.748894041000028,-0.378084018999971],[10.744591978000074,-0.373753017999945],[10.739119070000072,-0.375551023999947],[10.738301013000068,-0.365532961999975],[10.729191999000022,-0.365468997999926],[10.72558997300007,-0.358178023999926],[10.720555983000054,-0.359085978999929],[10.715775987000029,-0.369280043999936],[10.698984977000066,-0.372600028999955],[10.682927963000054,-0.359155022999971],[10.677290925000023,-0.361631996999961],[10.67802696800004,-0.35222697599994],[10.67293296300005,-0.358521007999968],[10.665632103000064,-0.357777960999954],[10.662949966000042,-0.351978026999973],[10.652094017000024,-0.359236042999953],[10.654945023000039,-0.364102030999959],[10.648487998000064,-0.374394993999942],[10.642267983000067,-0.362105974999963],[10.631649013000072,-0.369682022999939],[10.630141997000067,-0.380690031999961],[10.61841498900003,-0.375344020999933],[10.614691036000067,-0.379650968999954],[10.611046970000075,-0.374464970999952],[10.589490971000032,-0.392729044999953],[10.577454964000026,-0.389274954999962],[10.58251801800003,-0.395518971999934],[10.574434029000031,-0.405808021999974],[10.567304019000062,-0.401099979999969],[10.564450085000033,-0.409555035999972],[10.553041033000056,-0.403969008999979],[10.550662010000053,-0.415375041999937],[10.536320974000034,-0.412741013999948],[10.536875035000037,-0.420318007999924],[10.530219995000039,-0.41505303699995],[10.51445196700007,-0.419038042999944],[10.50684596900004,-0.414170974999934],[10.475498971000036,-0.447042024999973],[10.454666969000073,-0.435232020999933],[10.367695025000046,-0.30261804099996],[10.36735102700004,-0.283156023999936],[10.382828904000064,-0.278888016999929],[10.38689494700003,-0.273268971999926],[10.387465002000056,-0.262683013999947],[10.377939981000054,-0.247457966999946],[10.379842030000077,-0.165853958999946],[10.399370030000057,-0.11895801999998],[10.407721991000074,-0.113945012999977],[10.40660400400003,-0.094351042999961],[10.451933034000035,-0.066727982999964],[10.489220983000052,-0.056690019999962],[10.498136036000062,-0.010280964999936],[10.539500027000031,-0.000322003999941],[10.560521975000029,0.020412039000064],[10.58231100200004,0.022087029000033],[10.582311023000045,0.032935991000045],[10.59086803300005,0.030702019000046],[10.607269032000033,0.067555009000046],[10.626363987000047,0.068672982000066],[10.634222002000058,0.057982981000066],[10.64157797100006,0.062211987000069],[10.641576994000047,0.068273994000037],[10.651403041000037,0.067077981000068],[10.646911025000065,0.090512979000039],[10.639278005000051,0.103611972000067],[10.638325966000025,0.131291978000036],[10.632934983000041,0.144431981000025],[10.660193967000055,0.153948008000043],[10.665232020000076,0.169511964000037],[10.66312399800006,0.179714032000049],[10.671840004000046,0.186655013000063],[10.660030977000076,0.212818982000044],[10.696320968000066,0.218565033000061],[10.751552012000047,0.20979503500007],[10.76113902800006,0.221283018000065],[10.785848986000076,0.23176197500004],[10.796637969000074,0.226232010000047],[10.79673596400005,0.22196802600007],[10.80924800400004,0.22407202200003],[10.809634003000042,0.216579961000036],[10.81351696400003,0.22104803700006],[11.136772895000036,0.222428973000035],[11.155845975000034,0.257726001000037],[11.16987599600003,0.260031015000038],[11.174787012000024,0.254456022000056],[11.177321992000032,0.263711002000036],[11.185722982000073,0.260201005000056],[11.19576496700006,0.268814983000027]]]}},{"type":"Feature","properties":{"PolyCode":"0401","PolyLabel":"DOUYA-ONOYE","PolyLongitude":11.054290037,"PolyLatitude":-1.696694049},"geometry":{"type":"Polygon","coordinates":[[[10.880682999000044,-1.217977960999974],[10.887069104000034,-1.230109962999961],[10.893116015000032,-1.228528031999929],[10.89668503400003,-1.237929041999962],[10.916821964000064,-1.242118981999965],[10.934827035000069,-1.264176989999953],[10.957592992000059,-1.264901029999976],[10.96283504400003,-1.291980961999968],[10.960189974000059,-1.302550958999973],[10.970657967000022,-1.320680006999964],[10.982928033000064,-1.362074998999958],[10.989212033000058,-1.368803958999933],[10.988098033000028,-1.378695995999976],[11.000711989000024,-1.390269040999954],[11.01124089700005,-1.410586017999947],[11.031593031000057,-1.470619976999956],[11.041980998000042,-1.464481977999981],[11.047237027000051,-1.469161959999951],[11.054519993000042,-1.463386025999966],[11.067950028000041,-1.464525012999957],[11.078549963000057,-1.472839990999944],[11.091231030000074,-1.493983040999979],[11.104650073000073,-1.497272027999941],[11.11774,-1.484852986999954],[11.134492006000073,-1.486975038999958],[11.151532990000021,-1.474419003999969],[11.156884041000069,-1.487980997999955],[11.162392973000067,-1.477853969999956],[11.173271033000049,-1.475062969999954],[11.180308012000069,-1.480253954999966],[11.178594172000032,-1.495569776999957],[11.187515865000023,-1.49780936999997],[11.190371313000071,-1.494140444999971],[11.198533557000076,-1.502999399999965],[11.204955453000025,-1.501725216999944],[11.219260459000054,-1.511126080999929],[11.212628262000067,-1.534375761999968],[11.199787521000076,-1.542253537999954],[11.199610522000057,-1.575213865999956],[11.186689024000032,-1.587645363999968],[11.185643638000045,-1.596748131999959],[11.205626469000038,-1.650586483999973],[11.226167576000023,-1.738309899999933],[11.224599707000039,-1.752813283999956],[11.23315414800004,-1.773959600999945],[11.228314971000032,-1.780021231999967],[11.231297791000031,-1.788497605999964],[11.227816681000036,-1.796277620999945],[11.233938614000067,-1.794384741999977],[11.231160457000044,-1.801723686999935],[11.236328189000062,-1.816284744999962],[11.244237199000054,-1.816170147999969],[11.24427212200004,-1.828068591999966],[11.248593834000076,-1.826703596999948],[11.25415676800003,-1.83450509599993],[11.256423577000021,-1.855413210999927],[11.261188125000047,-1.858463164999932],[11.252534197000045,-1.883988254999963],[11.25521305500007,-1.89321734899994],[11.262352015000033,-1.897987476999958],[11.26037659800005,-1.90274328199996],[11.265846573000033,-1.905857254999944],[11.262669625000058,-1.917823548999934],[11.267660594000063,-1.928676544999973],[11.271907516000056,-1.933163973999967],[11.277968139000052,-1.931154233999962],[11.285495732000072,-1.944401803999938],[11.28537521000004,-1.967983351999976],[11.298484199000029,-1.97269308999995],[11.303275102000043,-1.984694979999972],[11.301493202000074,-1.993795621999936],[11.31005115000005,-1.996504702999971],[11.310001770000042,-2.007679051999958],[11.322836841000026,-2.015080411999975],[11.325473208000062,-2.02271897299994],[11.30225907700003,-2.02631295599997],[11.298203994000062,-2.05064598599995],[11.293538021000074,-2.055119040999955],[11.26894296100005,-2.047840015999952],[11.246590027000025,-2.016735991999951],[11.23330407900005,-2.017850007999925],[11.194177973000023,-2.039967037999929],[11.170212015000061,-2.022999955999978],[11.156966028000056,-2.003767997999944],[11.153187036000077,-2.01726602399998],[11.13421900800006,-2.032694007999964],[11.135397015000024,-2.054634993999969],[11.121381897000049,-2.067967988999953],[11.092257965000044,-2.081438959999957],[11.08494898400005,-2.092362990999959],[11.037362990000076,-2.089761038999939],[11.012412002000076,-2.080830964999961],[11.009511994000036,-2.051739028999975],[10.99573396300002,-2.023240007999959],[10.966044010000076,-2.000245990999929],[10.967146090000028,-1.980037037999978],[10.983418967000034,-1.959103029999937],[10.991091108000035,-1.938034004999963],[10.98176496700006,-1.890095979999955],[10.969690012000058,-1.882490035999979],[10.964527978000035,-1.855280038999979],[10.97087302500006,-1.852624038999977],[10.974882001000026,-1.855914023999958],[10.978192970000066,-1.849147019999975],[10.973374,-1.829764],[10.984403651000036,-1.816911991999973],[10.984945904000028,-1.808821160999969],[10.991191532000073,-1.808633075999978],[10.987576021000052,-1.800088957999947],[10.994317293000051,-1.79650240899997],[10.989327,-1.787644],[10.994166,-1.788838],[10.989567062000049,-1.783894670999928],[10.99151205000004,-1.779148989999953],[10.982914401000073,-1.770887112999958],[10.977401878000023,-1.752159399999925],[10.94789613000006,-1.726471069999945],[10.951361,-1.692958],[10.935670501000061,-1.684341528999937],[10.936117,-1.664796],[10.899185789000057,-1.617957239999953],[10.897133,-1.607486],[10.90577,-1.577505],[10.904435355000032,-1.56398515799998],[10.900424489000045,-1.559460910999974],[10.89384,-1.560465],[10.876999468000065,-1.579526923999936],[10.870683,-1.577764],[10.871292002000075,-1.562700998999958],[10.856117795000046,-1.538665824999953],[10.851699,-1.50069],[10.842780687000072,-1.490170845999955],[10.83255286900004,-1.492595589999951],[10.831165002000034,-1.506264],[10.825136,-1.514477],[10.813007,-1.517342],[10.804447946000039,-1.513029852999978],[10.801462970000046,-1.504386031999957],[10.810010016000035,-1.487984022999967],[10.79887502400004,-1.473891024999944],[10.782600108000054,-1.43428595599994],[10.764220978000026,-1.416252020999934],[10.75514997700003,-1.374515962999965],[10.768286081000042,-1.375473993999947],[10.770843035000041,-1.381774991999976],[10.777410990000021,-1.378118017999952],[10.787552996000045,-1.383706980999932],[10.793123109000021,-1.380341986999952],[10.812124987000061,-1.383400980999966],[10.815082016000076,-1.387698028999978],[10.82433098000007,-1.384843027999977],[10.831526019000023,-1.39450003099995],[10.842873032000057,-1.396339978999947],[10.854496969000024,-1.381135997999934],[10.864793005000024,-1.383444020999946],[10.868724104000023,-1.375290983999946],[10.876176030000067,-1.37226299699995],[10.888672963000033,-1.375752962999968],[10.890493971000069,-1.366982044999929],[10.885099987000046,-1.36670197899997],[10.883504968000068,-1.361440968999943],[10.887441984000077,-1.350250037999956],[10.881746003000046,-1.325675971999942],[10.88453297600006,-1.321285977999935],[10.878420982000023,-1.317377965999924],[10.863404986000035,-1.21589598099996],[10.870737989000077,-1.212717968999925],[10.880682999000044,-1.217977960999974]]]}},{"type":"Feature","properties":{"PolyCode":"0402","PolyLabel":"TSAMBA-MAGOTSI","PolyLongitude":10.816257652,"PolyLatitude":-1.133549834},"geometry":{"type":"Polygon","coordinates":[[[11.044741027000043,-0.383346973999949],[11.065690987000039,-0.402519961999928],[11.09335698600006,-0.409216992999973],[11.093193967000047,-0.41518903399998],[11.082775988000037,-0.426273966999929],[11.084068033000051,-0.435890025999925],[11.109876959000076,-0.452286963999939],[11.107657006000068,-0.460264992999953],[11.158721011000068,-0.537125025999956],[11.236927975000071,-0.611200961999941],[11.190089055000044,-0.71982498999995],[11.162597069000071,-0.771895331999929],[11.179674997000063,-0.801671983999938],[11.183859978000044,-0.82808502599994],[11.177843967000058,-0.832399998999961],[11.182159974000058,-0.833837986999924],[11.181898981000074,-0.835277006999945],[11.170520010000075,-0.839591997999946],[11.172351014000071,-0.847044967999977],[11.167118963000064,-0.844821969999941],[11.167511983000054,-0.85083700399997],[11.159140967000042,-0.856589992999943],[11.161495023000043,-0.862996987999963],[11.149463006000076,-0.872150988999977],[11.150117025000043,-0.884703024999965],[11.142923015000065,-0.899478966999936],[11.133637029000056,-0.903009957999927],[11.13847602900006,-0.911116996999965],[11.131414009000025,-0.937530011999968],[11.119857027000023,-0.951441965999948],[11.128536033000046,-0.971004043999926],[11.134814008000035,-0.96106604199997],[11.137325005000037,-0.964541001999976],[11.14645501800004,-0.958842972999946],[11.151424973000076,-0.96603500599997],[11.157413992000045,-0.95930100399994],[11.16123397900003,-0.963289022999959],[11.160907003000034,-0.950567983999974],[11.166989037000064,-0.955313026999931],[11.17575096400003,-0.947990008999966],[11.183599008000044,-0.961720018999927],[11.179282963000048,-0.964335012999925],[11.17745199500007,-0.97976504199994],[11.200601035000034,-0.987609962999954],[11.200340028000028,-0.993494018999968],[11.225127017000034,-0.985798023999962],[11.23399697900004,-1.00235104199993],[11.248873974000048,-1.003537009999945],[11.233189013000072,-1.061029051999981],[11.239831133000052,-1.112903062999976],[11.237118663000047,-1.123890499999959],[11.22401016300006,-1.13622178199995],[11.218230730000073,-1.135273425999969],[11.22191956100005,-1.168740610999976],[11.229109594000022,-1.182521166999948],[11.23297242500007,-1.239899030999936],[11.236839370000041,-1.242819940999937],[11.236753461000035,-1.259529221999969],[11.232413836000035,-1.259529204999978],[11.234734066000044,-1.282681667999952],[11.239975912000034,-1.291272469999967],[11.233745773000066,-1.30652134099995],[11.242768737000063,-1.29874661599996],[11.244788164000056,-1.301753388999941],[11.23481993200005,-1.320653336999953],[11.232113089000052,-1.317174030999979],[11.230007716000046,-1.321856038999954],[11.234390306000023,-1.327096493999932],[11.229792918000044,-1.329802649999976],[11.232327946000055,-1.333797361999927],[11.226656393000042,-1.341164205999974],[11.223992504000023,-1.363757280999948],[11.205259159000036,-1.38463227099993],[11.199956985000028,-1.400524975999929],[11.196501020000028,-1.422735957999976],[11.199332965000053,-1.433608018999962],[11.212986,-1.435187982999935],[11.210208989000023,-1.441170984999928],[11.213415927000028,-1.445679004999931],[11.196661119000055,-1.438074618999963],[11.187006034000035,-1.447148961999972],[11.186175024000022,-1.480814989999942],[11.168815032000055,-1.476021005999939],[11.162392973000067,-1.477853969999956],[11.156840012000032,-1.487983964999955],[11.151532990000021,-1.474419003999969],[11.134492006000073,-1.486975038999958],[11.11774,-1.484852986999954],[11.104650073000073,-1.497272027999941],[11.091231030000074,-1.493983040999979],[11.078549963000057,-1.472839990999944],[11.067950028000041,-1.464525012999957],[11.054519993000042,-1.463386025999966],[11.047237027000051,-1.469161959999951],[11.041980998000042,-1.464481977999981],[11.031593031000057,-1.470619976999956],[11.01124089700005,-1.410586017999947],[11.000711989000024,-1.390269040999954],[10.988098033000028,-1.378695995999976],[10.989212033000058,-1.368803958999933],[10.982928033000064,-1.362074998999958],[10.970657967000022,-1.320680006999964],[10.960189974000059,-1.302550958999973],[10.96283504400003,-1.291980961999968],[10.957592992000059,-1.264901029999976],[10.934827035000069,-1.264176989999953],[10.916821964000064,-1.242118981999965],[10.897054965000052,-1.238133042999948],[10.893116015000032,-1.228528031999929],[10.884911998000064,-1.227128973999925],[10.882744037000066,-1.218137990999935],[10.86544101100003,-1.213982030999944],[10.86726294400006,-1.256548015999954],[10.876403976000063,-1.288092993999953],[10.878420982000023,-1.317377965999924],[10.88453297600006,-1.321285977999935],[10.881746003000046,-1.325675971999942],[10.887441984000077,-1.350250037999956],[10.883504968000068,-1.361440968999943],[10.885099987000046,-1.36670197899997],[10.890493971000069,-1.366982044999929],[10.889112996000051,-1.375028043999976],[10.884722989000068,-1.377420030999929],[10.876176030000067,-1.37226299699995],[10.868724104000023,-1.375290983999946],[10.864793005000024,-1.383444020999946],[10.854496969000024,-1.381135997999934],[10.842873032000057,-1.396339978999947],[10.831526019000023,-1.39450003099995],[10.82433098000007,-1.384843027999977],[10.815082016000076,-1.387698028999978],[10.812124987000061,-1.383400980999966],[10.793123109000021,-1.380341986999952],[10.787552996000045,-1.383706980999932],[10.777410990000021,-1.378118017999952],[10.770843035000041,-1.381774991999976],[10.768286081000042,-1.375473993999947],[10.75514997700003,-1.374515962999965],[10.759724006000056,-1.382109022999941],[10.75924797500005,-1.400763986999948],[10.76526207300003,-1.418316984999933],[10.782600108000054,-1.43428595599994],[10.79887502400004,-1.473891024999944],[10.810010016000035,-1.487984022999967],[10.801462970000046,-1.504386031999957],[10.805016,-1.513716],[10.813007,-1.517342],[10.825136,-1.514477],[10.831165002000034,-1.506264],[10.83255286900004,-1.492595589999951],[10.842780687000072,-1.490170845999955],[10.851699,-1.50069],[10.856117795000046,-1.538665824999953],[10.871292002000075,-1.562700998999958],[10.870683,-1.577764],[10.876999468000065,-1.579526923999936],[10.89384,-1.560465],[10.900424489000045,-1.559460910999974],[10.904435355000032,-1.56398515799998],[10.898882877000062,-1.617109135999954],[10.936117,-1.664796],[10.935670501000061,-1.684341528999937],[10.951361,-1.692958],[10.94759,-1.725709],[10.978009,-1.752934],[10.993998022000028,-1.788095124999927],[10.989328,-1.787421],[10.994317293000051,-1.79650240899997],[10.987576021000052,-1.800088957999947],[10.991191532000073,-1.808633075999978],[10.983288594000044,-1.811095829999942],[10.984403651000036,-1.816911991999973],[10.973374,-1.829764],[10.974072640000031,-1.839566014999946],[10.963989986000058,-1.83998496199996],[10.931793974000072,-1.811321967999959],[10.907958,-1.779189],[10.91218,-1.76691],[10.903099011000052,-1.770724023999946],[10.89579599800004,-1.782496],[10.861176035000028,-1.771044957999948],[10.856598033000068,-1.776794016999929],[10.840422010000054,-1.7742],[10.832544,-1.782986970999957],[10.830514004000065,-1.779777044999946],[10.817518024000037,-1.78240098699996],[10.81704499500006,-1.778174041999932],[10.810589,-1.777597],[10.806895974000042,-1.787816973999952],[10.798971024000025,-1.791958988999966],[10.803768992000073,-1.807912991999956],[10.796026003000065,-1.811099],[10.789219993000074,-1.824102998999933],[10.793082999000035,-1.828323997999973],[10.786823035000054,-1.828638961999957],[10.789276997000059,-1.831831002999934],[10.770908,-1.861149998999963],[10.605869914000039,-1.87853116399998],[10.605665909000038,-1.869849389999956],[10.577918313000055,-1.835021747999974],[10.569855,-1.835922],[10.553427069000065,-1.825957425999945],[10.547908,-1.849214],[10.51615322300006,-1.845070041999975],[10.511488,-1.830549],[10.493975207000062,-1.82375480099995],[10.483233837000057,-1.804000459999941],[10.473699775000057,-1.802600397999925],[10.456369375000065,-1.809310566999955],[10.444447,-1.805766],[10.446598,-1.793724],[10.43428,-1.778783],[10.425624072000062,-1.755500246999929],[10.433967429000063,-1.730781047999926],[10.442197,-1.727472],[10.448889846000043,-1.705109998999944],[10.442253995000044,-1.677108008999937],[10.434174906000067,-1.669922932999953],[10.429647630000034,-1.641958217999957],[10.425721001000056,-1.639716233999934],[10.428906969000025,-1.62264603999995],[10.422013031000063,-1.613122990999955],[10.419966057000067,-1.59573400499994],[10.432156925000072,-1.578342968999948],[10.45851099600003,-1.556448961999934],[10.459714920000067,-1.540488965999941],[10.469866025000044,-1.530894993999937],[10.473610018000045,-1.532349040999975],[10.471935022000025,-1.52759201799995],[10.47708500300007,-1.522794019999935],[10.481533032000073,-1.527773017999948],[10.481613971000058,-1.522462039999937],[10.497615110000027,-1.520016984999927],[10.502944030000037,-1.510557032999941],[10.508475024000063,-1.517312043999937],[10.514520036000022,-1.508848969999974],[10.516165001000047,-1.51516401899994],[10.522983988000021,-1.510461963999944],[10.521710987000063,-1.517959036999969],[10.526074006000044,-1.512298958999963],[10.53249200700003,-1.51477598799994],[10.53728208800004,-1.501417042999947],[10.533687990000033,-1.493004976999941],[10.53907199300005,-1.482904996999935],[10.571452966000038,-1.47212996199994],[10.579561891000026,-1.465865023999925],[10.580672008000022,-1.457555019999973],[10.592824990000054,-1.452538043999937],[10.592910026000027,-1.44057102499994],[10.60040897500005,-1.444982995999965],[10.601491036000027,-1.437229997999964],[10.59832089200006,-1.430839016999926],[10.591706012000031,-1.433141995999961],[10.590477007000061,-1.424621959999968],[10.573104037000064,-1.429402959999948],[10.548014026000033,-1.424824017999924],[10.540627013000062,-1.408847972999979],[10.51480398800004,-1.412621021999939],[10.492754924000053,-1.402590971999928],[10.486044021000055,-1.382284966999975],[10.476900922000027,-1.379031029999965],[10.465867957000057,-1.387415023999949],[10.455392020000033,-1.386556033999966],[10.448148037000067,-1.375663963999955],[10.442206981000027,-1.376843039999926],[10.436588019000055,-1.371784026999933],[10.401138011000057,-1.321098971999959],[10.386506016000055,-1.268718963999959],[10.358300024000073,-1.208955024999966],[10.34892899600004,-1.170644962999972],[10.357798080000066,-1.173787041999958],[10.37026796400005,-1.153664997999954],[10.370269005000068,-1.128785974999971],[10.37869902500006,-1.122414987999946],[10.384122963000038,-1.132398007999939],[10.388580985000033,-1.129864992999956],[10.396172996000075,-1.080925015999981],[10.410550017000048,-1.079115014999957],[10.420941020000043,-1.058462962999954],[10.430214935000038,-1.051847040999974],[10.439655999000024,-1.029757964999931],[10.433953033000023,-1.019403998999962],[10.415684963000047,-1.013111017999961],[10.421792061000076,-0.998296001999961],[10.430055024000069,-0.990849984999954],[10.460672986000077,-0.979218958999979],[10.518565978000026,-0.899027955999941],[10.532539015000054,-0.842650965999951],[10.52508802500006,-0.797359985999947],[10.54226899200006,-0.785984973999973],[10.55375796800007,-0.769754983999974],[10.56825307300005,-0.762336012999924],[10.580071931000077,-0.763850981999951],[10.602099947000056,-0.75135204299994],[10.607750080000073,-0.73048603899997],[10.60446304800007,-0.721801975999938],[10.611402080000062,-0.70839104199996],[10.622588023000048,-0.707782022999936],[10.628705970000055,-0.717463044999931],[10.63502700600003,-0.716929970999956],[10.653878984000073,-0.705124959999978],[10.648531026000057,-0.690235034999944],[10.65114900900005,-0.683854001999975],[10.698327027000062,-0.671848007999927],[10.690028018000021,-0.641406040999925],[10.705143004000035,-0.631265955999936],[10.705248011000037,-0.619074023999929],[10.723320972000067,-0.609286003999955],[10.723509,-0.577657988999931],[10.728450973000065,-0.573464043999934],[10.736696939000069,-0.580357019999951],[10.734421971000074,-0.561007042999961],[10.741977998000038,-0.560263970999927],[10.75185403100005,-0.567711990999953],[10.758233008000047,-0.565113959999962],[10.755028981000066,-0.544362027999966],[10.76985408400003,-0.535179020999976],[10.772723904000031,-0.522517968999978],[10.781449025000029,-0.518351029999963],[10.784757987000035,-0.506289017999961],[10.806529029000046,-0.491482022999946],[10.848997027000053,-0.483834003999959],[10.887558979000062,-0.457818987999929],[10.919914995000056,-0.455110994999927],[10.905295982000041,-0.426376967999943],[10.916197023000052,-0.423891013999935],[10.921271022000042,-0.416669033999938],[10.94339399200004,-0.417469996999955],[10.952255992000062,-0.410732003999954],[10.953697004000048,-0.421001960999945],[10.983081084000048,-0.430281978999972],[10.995051016000048,-0.402121978999958],[11.044741027000043,-0.383346973999949]]]}},{"type":"Feature","properties":{"PolyCode":"0403","PolyLabel":"BOUMI-LOUETSI","PolyLongitude":11.84781726,"PolyLatitude":-2.019200882},"geometry":{"type":"Polygon","coordinates":[[[11.94735203600004,-1.631531008999957],[11.973914024000067,-1.642672023999978],[12.050158005000071,-1.647416956999962],[12.050591158000032,-1.661659911999948],[12.063468528000044,-1.667164562999972],[12.065427916000033,-1.678799039999944],[12.083213319000038,-1.710169739999969],[12.150695710000036,-1.781641287999946],[12.169017001000043,-1.789798499999961],[12.178940425000064,-1.809633346999931],[12.210760010000058,-1.827933021999968],[12.209042994000072,-1.818285033999928],[12.18619900400006,-1.803161036999938],[12.194311994000032,-1.79538002399994],[12.209060971000042,-1.793941989999951],[12.208192979000046,-1.781669031999968],[12.21293001500004,-1.787143981999975],[12.211393970000074,-1.797770965999973],[12.220960969000032,-1.840618019999965],[12.229208967000034,-1.847479012999941],[12.226277019000065,-1.864075989999947],[12.237935983000057,-1.88083103799994],[12.227872967000053,-1.898152965999941],[12.21896500300005,-1.902009956999962],[12.205351015000076,-1.937407032999943],[12.186397992000025,-1.946823967999933],[12.175456009000072,-1.961427015999959],[12.164116024000066,-1.95991199499997],[12.161341030000074,-1.96916798999996],[12.137073969000028,-1.97818702099994],[12.131343986000047,-1.98788400199993],[12.110033018000024,-1.998774988999969],[12.094683985000074,-2.018979007999974],[12.08205201100003,-2.016859015999955],[12.08541800200004,-2.049352987999953],[12.078861992000043,-2.05073699299993],[12.07278698400006,-2.038951011999927],[12.05722098900003,-2.032613021999964],[12.052898016000029,-2.017344972999979],[12.039349989000073,-2.012160016999928],[12.033585021000022,-2.016769027999942],[12.026816970000027,-2.03732798599998],[12.005315996000036,-2.050516964999929],[11.985712007000075,-2.076654004999966],[11.975681035000036,-2.08331596499994],[11.96514602800005,-2.08041302099997],[11.965719977000049,-2.086639039999966],[11.959777010000039,-2.091254016999926],[11.953758982000068,-2.087752033999948],[11.952396996000061,-2.123038975999975],[11.942377968000073,-2.117747015999953],[11.935323977000053,-2.122675000999948],[11.938519990000032,-2.134341],[11.931469055000036,-2.146952073999955],[11.931369706000055,-2.163087956999959],[11.91567129300006,-2.186037158999966],[11.925576,-2.211843],[11.924716,-2.220834],[11.922336,-2.226259],[11.918053,-2.222589],[11.905520726000077,-2.227774343999954],[11.898143,-2.241019],[11.893057578000025,-2.23933535599997],[11.901709912000058,-2.278840177999939],[11.897505,-2.294639],[11.908369,-2.304338],[11.925658,-2.334264],[11.934913,-2.333697],[11.930776,-2.369843],[11.922883093000053,-2.377303557999937],[11.918679,-2.37084],[11.913522743000044,-2.374909159999959],[11.909318830000075,-2.369323594999969],[11.89710205700004,-2.378099969999937],[11.900756,-2.402249],[11.880518,-2.429723],[11.862273,-2.433551],[11.861003,-2.438578],[11.826178,-2.434824],[11.81372,-2.457083],[11.803407,-2.457082],[11.804598,-2.45038],[11.794443,-2.45365],[11.783893,-2.447823],[11.773976,-2.452769],[11.755252,-2.506603],[11.762985,-2.519246],[11.748813,-2.535905],[11.723502,-2.550741],[11.718257,-2.542331],[11.724503,-2.536354],[11.716796,-2.533255],[11.723421,-2.527118],[11.71613,-2.526244],[11.711851,-2.501428],[11.706299,-2.494485],[11.698604,-2.495042],[11.689881,-2.480359],[11.67798,-2.484266],[11.678776,-2.474132],[11.671947,-2.468797],[11.670051,-2.45967],[11.638242,-2.459521],[11.635707,-2.447073],[11.647369,-2.446517],[11.649671,-2.440454],[11.631508,-2.428561],[11.641903,-2.417154],[11.631433,-2.413321],[11.634211119000042,-2.405741746999979],[11.639053858000068,-2.412422511999978],[11.655504754000049,-2.407635765999942],[11.658311560000072,-2.394678933999955],[11.652463186000034,-2.377501081999981],[11.657684935000077,-2.370774070999971],[11.664452,-2.371167],[11.676868009000032,-2.351767998999946],[11.668832033000058,-2.341679032999934],[11.694026994000069,-2.281408970999962],[11.688485,-2.264102],[11.664657,-2.259084],[11.604891001000055,-2.27279899399997],[11.593185,-2.269958],[11.588673,-2.261869],[11.59070586100006,-2.251178295999978],[11.596971865000057,-2.25149913499996],[11.59392308100007,-2.241201092999972],[11.599754,-2.229319],[11.610857907000025,-2.230279114999973],[11.616057039000054,-2.218913719999932],[11.604439055000057,-2.209292851999976],[11.609516815000063,-2.202352325999925],[11.60357,-2.194292],[11.612376055000027,-2.187033806999978],[11.615076,-2.176343],[11.612301865000063,-2.167485394999972],[11.593699897000022,-2.164735117999953],[11.596737702000041,-2.153719068999976],[11.606914,-2.145063],[11.605807,-2.134371],[11.601602,-2.134336],[11.60104977100002,-2.127747403999933],[11.592402,-2.127154],[11.592169,-2.121601],[11.574576,-2.126595],[11.567033,-2.101488],[11.57938583300006,-2.018768767999973],[11.596323,-2.000251],[11.598639517000038,-1.986873990999925],[11.591691,-1.987281],[11.584924467000064,-1.968758440999977],[11.579487,-1.977448],[11.567079,-1.977132],[11.561846805000073,-1.971465397999964],[11.553603426000052,-1.974418316999959],[11.554077617000075,-1.962287531999948],[11.546023,-1.955873],[11.539407,-1.961166],[11.528147850000039,-1.955977128999962],[11.523227689000066,-1.967704556999934],[11.517980279000028,-1.967983526999944],[11.520370054000068,-1.960839808999935],[11.514901998000028,-1.964271268999937],[11.505647550000049,-1.948168751999958],[11.524937,-1.922942],[11.527751,-1.912638],[11.509051701000033,-1.901715530999979],[11.5189,-1.902038],[11.520976960000041,-1.89060533199995],[11.534112847000074,-1.891669018999949],[11.537061917000074,-1.887463480999941],[11.549020276000022,-1.893268912999929],[11.577808144000073,-1.882744061999972],[11.580582132000075,-1.89024483999998],[11.597075222000058,-1.89463720599997],[11.600879948000056,-1.903574682999931],[11.612854566000067,-1.900146252999946],[11.61193023100003,-1.887839010999926],[11.616819459000055,-1.880556478999949],[11.607107,-1.869545],[11.615479,-1.86345],[11.617539,-1.840263],[11.629045,-1.836478],[11.63872843200005,-1.843601240999931],[11.637763,-1.8611],[11.647437843000034,-1.857306574999939],[11.652525,-1.84783],[11.66591591200006,-1.847176974999968],[11.674808,-1.855178],[11.673447,-1.86162],[11.692619904000026,-1.859411024999929],[11.697397026000033,-1.851171993999969],[11.685661979000031,-1.842233964999934],[11.69551397600003,-1.838664982999944],[11.691612969000062,-1.824202042999957],[11.70244298700004,-1.817412968999975],[11.696782012000028,-1.796346978999964],[11.687257965000072,-1.782789974999957],[11.697390082000027,-1.781048023999972],[11.70291299400003,-1.773090994999961],[11.714695016000064,-1.776490987999978],[11.724687029000052,-1.771386],[11.730775986000026,-1.779376961999958],[11.74181403600005,-1.776655010999946],[11.75589801700005,-1.760324012999945],[11.762987966000026,-1.759423025999979],[11.762276987000064,-1.740591956999936],[11.767032968000024,-1.73604303299993],[11.785440999000059,-1.739992965999932],[11.792010008000034,-1.734828009999944],[11.797010001000046,-1.716659013999958],[11.80583103300006,-1.720634004999965],[11.812076035000075,-1.717618012999935],[11.812194997000063,-1.711804040999937],[11.827861980000023,-1.703358970999943],[11.836499036000077,-1.705491988999938],[11.836974997000027,-1.698311012999966],[11.845697973000028,-1.69288596399997],[11.84703902700005,-1.68596501299993],[11.857799,-1.681509000999938],[11.871391028000062,-1.66097098399996],[11.877893020000045,-1.656342970999958],[11.885980970000048,-1.658704027999931],[11.890217008000036,-1.642154026999947],[11.907678041000054,-1.649945980999973],[11.927291027000024,-1.64772796099993],[11.932599989000039,-1.635949963999963],[11.94735203600004,-1.631531008999957]]]}},{"type":"Feature","properties":{"PolyCode":"0404","PolyLabel":"OGOULOU","PolyLongitude":11.48986944,"PolyLatitude":-1.394577288},"geometry":{"type":"Polygon","coordinates":[[[11.503713556000037,-0.753975537999963],[11.541427414000054,-0.75030772599996],[11.56779496300004,-0.761599014999945],[11.519900998000026,-0.799035982999953],[11.50577002700004,-0.821860007999931],[11.499261997000076,-0.846532972999967],[11.49718196300006,-0.906231000999981],[11.500852992000034,-0.94747302199994],[11.513388983000027,-0.978106020999974],[11.531173992000049,-1.000014994999958],[11.52509703100003,-1.000525979999964],[11.520263034000038,-1.010476990999962],[11.529670104000047,-1.032849983999938],[11.52478900500006,-1.041523984999969],[11.547393061000037,-1.062447969999937],[11.544003975000066,-1.065595995999956],[11.547488994000048,-1.076414972999942],[11.541655030000072,-1.078461012999981],[11.544454998000049,-1.085807004999936],[11.533428006000065,-1.090127982999945],[11.53445503200004,-1.100526978999937],[11.543422021000026,-1.106673014999956],[11.534735923000028,-1.128873037999938],[11.559232976000033,-1.124255973999936],[11.564802978000046,-1.135131013999967],[11.57279802100004,-1.133848973999932],[11.590952017000063,-1.14377501599995],[11.591329020000046,-1.136065027999962],[11.597611965000056,-1.135598006999942],[11.607238895000023,-1.122311000999957],[11.62258300800005,-1.12346503599997],[11.630617936000021,-1.119137018999936],[11.636299965000035,-1.124430016999952],[11.649140020000061,-1.122831037999958],[11.650478,-1.114370978999943],[11.665820034000035,-1.095450035999932],[11.681009965000044,-1.096671008999976],[11.708345998000027,-1.073491015999934],[11.745466023000063,-1.060896982999964],[11.739675099000067,-1.083806008999943],[11.744603967000046,-1.122640011999977],[11.737149007000028,-1.154640044999951],[11.73659198100006,-1.164615011999956],[11.743806085000074,-1.179298986999925],[11.737066025000047,-1.190071984999975],[11.739205975000061,-1.198689954999963],[11.758110001000034,-1.221576982999977],[11.765713969000046,-1.242144986999961],[11.777262024000038,-1.244718040999942],[11.783728027000052,-1.254882043999942],[11.805272024000033,-1.262081967999961],[11.80711696000003,-1.269164002999958],[11.825748994000037,-1.27884697099995],[11.827095995000036,-1.286666978999961],[11.842396971000028,-1.294124997999972],[11.840334013000074,-1.303583],[11.861421978000067,-1.309009957999933],[11.881875024000067,-1.330554995999933],[11.883793990000072,-1.32746599099994],[11.883494987000063,-1.335184962999961],[11.901931967000053,-1.343881034999924],[11.920562028000063,-1.375239989999955],[11.929917020000062,-1.368776975999936],[11.970190975000037,-1.404444987999966],[11.972341007000068,-1.439796036999951],[11.96003401400003,-1.468347966999943],[11.969001026000058,-1.476736009999968],[11.96345102600003,-1.493571965999934],[11.962988022000047,-1.50669503599994],[11.967651999000054,-1.510567991999949],[11.964718033000054,-1.534504986999934],[11.960153036000065,-1.535314017999951],[11.961939006000023,-1.541582968999933],[11.95234903200003,-1.561714041999949],[11.954965014000038,-1.572805028999937],[11.949969963000058,-1.58014598099993],[11.94640098800005,-1.631292003999931],[11.932599989000039,-1.635949963999963],[11.927291027000024,-1.64772796099993],[11.907678041000054,-1.649945980999973],[11.890217008000036,-1.642154026999947],[11.885980970000048,-1.658704027999931],[11.877893020000045,-1.656342970999958],[11.871391028000062,-1.66097098399996],[11.857799,-1.681509000999938],[11.84703902700005,-1.68596501299993],[11.845697973000028,-1.69288596399997],[11.836974997000027,-1.698311012999966],[11.836499036000077,-1.705491988999938],[11.827861980000023,-1.703358970999943],[11.812194997000063,-1.711804040999937],[11.812076035000075,-1.717618012999935],[11.80583103300006,-1.720634004999965],[11.797010001000046,-1.716659013999958],[11.792010008000034,-1.734828009999944],[11.785440999000059,-1.739992965999932],[11.767032968000024,-1.73604303299993],[11.762276987000064,-1.740591956999936],[11.762987966000026,-1.759423025999979],[11.75589801700005,-1.760324012999945],[11.74181403600005,-1.776655010999946],[11.730775986000026,-1.779376961999958],[11.724687029000052,-1.771386],[11.714695016000064,-1.776490987999978],[11.70291299400003,-1.773090994999961],[11.697390082000027,-1.781048023999972],[11.687257965000072,-1.782789974999957],[11.696782012000028,-1.796346978999964],[11.70244298700004,-1.817412968999975],[11.691612969000062,-1.824202042999957],[11.69551397600003,-1.838664982999944],[11.685661979000031,-1.842233964999934],[11.697397026000033,-1.851171993999969],[11.692619904000026,-1.859411024999929],[11.673447,-1.86162],[11.674808,-1.855178],[11.66591591200006,-1.847176974999968],[11.652525,-1.84783],[11.647437843000034,-1.857306574999939],[11.637763,-1.8611],[11.63872843200005,-1.843601240999931],[11.629045,-1.836478],[11.617539,-1.840263],[11.615479,-1.86345],[11.607107,-1.869545],[11.616819459000055,-1.880556478999949],[11.61193023100003,-1.887839010999926],[11.612854566000067,-1.900146252999946],[11.600879948000056,-1.903574682999931],[11.597075222000058,-1.89463720599997],[11.580582132000075,-1.89024483999998],[11.577808144000073,-1.882744061999972],[11.549020276000022,-1.893268912999929],[11.537061917000074,-1.887463480999941],[11.534112847000074,-1.891669018999949],[11.520976960000041,-1.89060533199995],[11.5189,-1.902038],[11.509051701000033,-1.901715530999979],[11.527033,-1.911067],[11.527113487000065,-1.91820568199995],[11.50594591600003,-1.947353520999968],[11.502610591000064,-1.963469772999929],[11.495394804000057,-1.961153701999933],[11.486128804000032,-1.966693370999963],[11.490551052000058,-1.982216325999957],[11.485633722000046,-1.984369043999948],[11.47823912900003,-2.004438352999955],[11.482357483000044,-2.021514255999932],[11.470772380000028,-2.042255320999971],[11.474339017000034,-2.048799180999936],[11.455304986000044,-2.051026796999963],[11.449275041000021,-2.059482188999937],[11.44443982200005,-2.05237941799993],[11.434283079000068,-2.072567246999938],[11.435580925000068,-2.080617774999951],[11.427776,-2.079820262999931],[11.428011755000057,-2.085884139999962],[11.405649845000028,-2.079492934999962],[11.400968822000038,-2.084597518999942],[11.370911190000072,-2.086580380999976],[11.363797860000034,-2.075610059999974],[11.350698406000049,-2.083371718999956],[11.348146008000072,-2.097102962999941],[11.331634977000022,-2.080884991999937],[11.335046151000029,-2.075987900999962],[11.33285453600007,-2.063187400999936],[11.341109030000041,-2.047553022999978],[11.329056539000021,-2.042601066999964],[11.320470932000035,-2.031789903999936],[11.317730104000077,-2.025437181999962],[11.325473208000062,-2.02271897299994],[11.322882335000031,-2.015152155999942],[11.310001770000042,-2.007679051999958],[11.309432848000029,-1.995858559999931],[11.301493202000074,-1.993795621999936],[11.303275102000043,-1.984694979999972],[11.298484199000029,-1.97269308999995],[11.28537521000004,-1.967983351999976],[11.285495732000072,-1.944401803999938],[11.277968139000052,-1.931154233999962],[11.271907516000056,-1.933163973999967],[11.267660594000063,-1.928676544999973],[11.262579220000077,-1.917546382999944],[11.265846573000033,-1.905857254999944],[11.26037659800005,-1.90274328199996],[11.262352015000033,-1.897987476999958],[11.25521305500007,-1.89321734899994],[11.252534197000045,-1.883988254999963],[11.261188125000047,-1.858463164999932],[11.256423577000021,-1.855413210999927],[11.25415676800003,-1.83450509599993],[11.248593834000076,-1.826703596999948],[11.24427212200004,-1.828068591999966],[11.244237199000054,-1.816170147999969],[11.236328189000062,-1.816284744999962],[11.231160457000044,-1.801723686999935],[11.233938614000067,-1.794384741999977],[11.227816681000036,-1.796277620999945],[11.231297791000031,-1.788497605999964],[11.228314971000032,-1.780021231999967],[11.23315414800004,-1.773959600999945],[11.224599707000039,-1.752813283999956],[11.226167576000023,-1.738309899999933],[11.205626469000038,-1.650586483999973],[11.185643638000045,-1.596748131999959],[11.186689024000032,-1.587645363999968],[11.199610522000057,-1.575213865999956],[11.199787521000076,-1.542253537999954],[11.212078328000075,-1.535237050999967],[11.220028298000045,-1.513593895999975],[11.217335026000057,-1.508131903999924],[11.198533557000076,-1.502999399999965],[11.190371313000071,-1.494140444999971],[11.18569780300004,-1.497869379999941],[11.177767044000063,-1.492220929999974],[11.180308012000069,-1.480253954999966],[11.187905009000076,-1.477103041999953],[11.187006034000035,-1.447148961999972],[11.196661119000055,-1.438074618999963],[11.213378973000033,-1.445800007999935],[11.212986,-1.435187982999935],[11.199332965000053,-1.433608018999962],[11.196501020000028,-1.422735957999976],[11.199956985000028,-1.400524975999929],[11.205259159000036,-1.38463227099993],[11.223992504000023,-1.363757280999948],[11.226656393000042,-1.341164205999974],[11.232327946000055,-1.333797361999927],[11.229792918000044,-1.329802649999976],[11.234390306000023,-1.327096493999932],[11.230007716000046,-1.321856038999954],[11.232113089000052,-1.317174030999979],[11.23481993200005,-1.320653336999953],[11.244788164000056,-1.301753388999941],[11.242768737000063,-1.29874661599996],[11.233745773000066,-1.30652134099995],[11.239975912000034,-1.291272469999967],[11.234734066000044,-1.282681667999952],[11.232413836000035,-1.259529204999978],[11.236753461000035,-1.259529221999969],[11.236839370000041,-1.242819940999937],[11.23297242500007,-1.239899030999936],[11.229109594000022,-1.182521166999948],[11.22191956100005,-1.168740610999976],[11.218230730000073,-1.135273425999969],[11.22401016300006,-1.13622178199995],[11.237118663000047,-1.123890499999959],[11.239831133000052,-1.112903062999976],[11.233189013000072,-1.061029051999981],[11.248873974000048,-1.003537009999945],[11.23399697900004,-1.00235104199993],[11.225127017000034,-0.985798023999962],[11.200340028000028,-0.993494018999968],[11.200601035000034,-0.987609962999954],[11.17745199500007,-0.97976504199994],[11.179282963000048,-0.964335012999925],[11.183599008000044,-0.961720018999927],[11.17575096400003,-0.947990008999966],[11.166989037000064,-0.955313026999931],[11.160907003000034,-0.950567983999974],[11.16123397900003,-0.963289022999959],[11.157413992000045,-0.95930100399994],[11.151424973000076,-0.96603500599997],[11.14645501800004,-0.958842972999946],[11.137325005000037,-0.964541001999976],[11.134814008000035,-0.96106604199997],[11.128536033000046,-0.971004043999926],[11.119857027000023,-0.951441965999948],[11.131414009000025,-0.937530011999968],[11.13847602900006,-0.911116996999965],[11.133637029000056,-0.903009957999927],[11.142923015000065,-0.899478966999936],[11.150117025000043,-0.884703024999965],[11.149463006000076,-0.872150988999977],[11.161495023000043,-0.862996987999963],[11.159140967000042,-0.856589992999943],[11.167511983000054,-0.85083700399997],[11.167118963000064,-0.844821969999941],[11.172351014000071,-0.847044967999977],[11.170520010000075,-0.839591997999946],[11.181898981000074,-0.835277006999945],[11.177843967000058,-0.832399998999961],[11.183859978000044,-0.82808502599994],[11.179674997000063,-0.801671983999938],[11.162597069000071,-0.771895331999929],[11.190089055000044,-0.71982498999995],[11.236927975000071,-0.611200961999941],[11.326700439000035,-0.68558788799993],[11.37120502700003,-0.714985959999979],[11.447809715000062,-0.745646245999978],[11.503713556000037,-0.753975537999963]]]}},{"type":"Feature","properties":{"PolyCode":"0405","PolyLabel":"DOLA","PolyLongitude":11.310230015,"PolyLatitude":-2.347535164},"geometry":{"type":"Polygon","coordinates":[[[11.194177973000023,-2.039967037999929],[11.24261699300007,-2.01649300899993],[11.248566011000037,-2.017518994999932],[11.26894296100005,-2.047840015999952],[11.28181502600006,-2.05381904199993],[11.296300024000061,-2.053198003999967],[11.30146602900004,-2.027191031999962],[11.310816901000067,-2.024246036999955],[11.318278453000062,-2.025841531999959],[11.329056539000021,-2.042601066999964],[11.340554016000056,-2.046913960999973],[11.33285453600007,-2.063187400999936],[11.332449552000071,-2.083532551999951],[11.358691007000061,-2.104607004999934],[11.365259980000076,-2.136045963999948],[11.377944915000057,-2.14722097899994],[11.380478027000038,-2.159030017999953],[11.392104030000041,-2.15501403899998],[11.393677997000054,-2.16764098799996],[11.400065974000029,-2.170623008999939],[11.399274005000052,-2.16127204299994],[11.408034022000038,-2.173594959999946],[11.409881964000022,-2.185045031999948],[11.402988975000028,-2.193187991999935],[11.415519016000076,-2.19590597399997],[11.411548002000075,-2.212761039999975],[11.424489031000064,-2.224150029999976],[11.431593036000038,-2.247804998999925],[11.442409010000063,-2.256089980999946],[11.448925004000046,-2.243912959999932],[11.456028101000072,-2.249856971999975],[11.441741965000062,-2.273150032999979],[11.48266509800004,-2.284575032999953],[11.463067933000048,-2.300444997999932],[11.478061966000041,-2.309760015999927],[11.478050994000057,-2.322313042999951],[11.486303016000022,-2.315932963999956],[11.491911897000023,-2.317259994999972],[11.487088978000031,-2.336437991999958],[11.507233979000034,-2.341073018999964],[11.509130025000047,-2.358643031999975],[11.51616503200006,-2.35914596799995],[11.517304983000031,-2.349693982999952],[11.526719976000038,-2.354850977999945],[11.51095099400004,-2.373548005999965],[11.524832985000046,-2.372915018999947],[11.517689014000041,-2.385039970999969],[11.522845034000056,-2.384962000999963],[11.52442798900006,-2.396851030999926],[11.53807002800005,-2.401483970999948],[11.534251985000026,-2.431084004999946],[11.54374997900004,-2.429783968999971],[11.54717902300007,-2.440902007999966],[11.547599982000065,-2.462154970999961],[11.555217967000033,-2.482628983999973],[11.548275999000055,-2.482871013999954],[11.54510003400003,-2.493258028999946],[11.550014986000065,-2.501462022999931],[11.546280030000048,-2.518855013999939],[11.552863026000068,-2.525400017999971],[11.547303980000038,-2.539600018999977],[11.552233975000036,-2.560877973999936],[11.561298025000042,-2.576809953999941],[11.578705983000077,-2.582137965999948],[11.590276970000048,-2.619084027999975],[11.605824010000049,-2.63241396199993],[11.599155967000058,-2.64374103199998],[11.598755021000045,-2.65435301399998],[11.603435965000074,-2.656908041999941],[11.597802010000066,-2.658980966999934],[11.604858996000075,-2.671269976999952],[11.598472018000052,-2.671780026999954],[11.599383017000036,-2.677571962999934],[11.587478994000037,-2.685705996999957],[11.583426076000023,-2.704375009999978],[11.579257894000023,-2.705564974999959],[11.584278965000067,-2.713504994999937],[11.576279980000038,-2.722091989999967],[11.549761019000073,-2.691739011999971],[11.542111030000058,-2.700707957999953],[11.470727977000024,-2.698125991999973],[11.443966979000038,-2.668641993999927],[11.422301012000048,-2.655818980999925],[11.40573502500007,-2.637871012999938],[11.396818033000045,-2.614799980999976],[11.384075018000033,-2.604543966999927],[11.331821934000061,-2.59170895699998],[11.252802975000066,-2.58398595999995],[11.240065967000021,-2.56219497799998],[11.224791005000043,-2.510926997999945],[11.184034977000067,-2.444270012999937],[11.129254968000055,-2.401954038999975],[11.10212301200005,-2.369139036999968],[11.116241986000034,-2.319220970999936],[11.09997097300004,-2.290413004999948],[11.071799963000046,-2.258086015999936],[11.029508037000028,-2.235290978999956],[10.985544993000076,-2.251081970999962],[10.988497977000065,-2.223240970999939],[11.000322016000041,-2.210324987999968],[11.00007198000003,-2.170314985999937],[11.003895943000032,-2.165534985999955],[11.009838987000023,-2.173322965999944],[11.015440003000037,-2.17033000999993],[11.01726999400006,-2.158450003999974],[11.032612967000034,-2.145210002999931],[11.02829500200005,-2.14219097299997],[11.03580603000006,-2.134350022999968],[11.035994987000038,-2.121752035999975],[11.05483498700005,-2.112219022999966],[11.05155398900007,-2.095673985999952],[11.057661979000045,-2.091847959999939],[11.085020989000043,-2.092342955999925],[11.092257965000044,-2.081438959999957],[11.100601007000023,-2.080800993999958],[11.126907035000045,-2.063566028999958],[11.136270965000051,-2.052081985999962],[11.13386299900003,-2.033358030999977],[11.153187036000077,-2.01726602399998],[11.156966028000056,-2.003767997999944],[11.170212015000061,-2.022999955999978],[11.194177973000023,-2.039967037999929]]]}},{"type":"Feature","properties":{"PolyCode":"0406","PolyLabel":"NDOLOU","PolyLongitude":10.246341058,"PolyLatitude":-1.598140106},"geometry":{"type":"Polygon","coordinates":[[[10.247103034000077,-1.146323006999978],[10.294042980000029,-1.153858984999943],[10.310886981000067,-1.136925996999935],[10.344937986000048,-1.14364896099994],[10.350446025000053,-1.150945972999978],[10.347753988000022,-1.166929955999933],[10.358300024000073,-1.208955024999966],[10.386506016000055,-1.268718963999959],[10.401138011000057,-1.321098971999959],[10.436588019000055,-1.371784026999933],[10.442206981000027,-1.376843039999926],[10.448148037000067,-1.375663963999955],[10.455392020000033,-1.386556033999966],[10.465867957000057,-1.387415023999949],[10.476900922000027,-1.379031029999965],[10.486044021000055,-1.382284966999975],[10.492754924000053,-1.402590971999928],[10.51480398800004,-1.412621021999939],[10.540627013000062,-1.408847972999979],[10.548014026000033,-1.424824017999924],[10.573104037000064,-1.429402959999948],[10.590477007000061,-1.424621959999968],[10.591706012000031,-1.433141995999961],[10.59832089200006,-1.430839016999926],[10.601491036000027,-1.437229997999964],[10.60040897500005,-1.444982995999965],[10.592910026000027,-1.44057102499994],[10.592824990000054,-1.452538043999937],[10.580672008000022,-1.457555019999973],[10.579561891000026,-1.465865023999925],[10.571452966000038,-1.47212996199994],[10.53907199300005,-1.482904996999935],[10.533687990000033,-1.493004976999941],[10.53728208800004,-1.501417042999947],[10.53249200700003,-1.51477598799994],[10.526074006000044,-1.512298958999963],[10.521710987000063,-1.517959036999969],[10.522983988000021,-1.510461963999944],[10.516165001000047,-1.51516401899994],[10.514520036000022,-1.508848969999974],[10.508475024000063,-1.517312043999937],[10.502944030000037,-1.510557032999941],[10.497615110000027,-1.520016984999927],[10.481613971000058,-1.522462039999937],[10.481533032000073,-1.527773017999948],[10.47708500300007,-1.522794019999935],[10.471935022000025,-1.52759201799995],[10.473610018000045,-1.532349040999975],[10.469866025000044,-1.530894993999937],[10.459714920000067,-1.540488965999941],[10.45851099600003,-1.556448961999934],[10.432156925000072,-1.578342968999948],[10.419966057000067,-1.59573400499994],[10.422013031000063,-1.613122990999955],[10.428906969000025,-1.62264603999995],[10.425721001000056,-1.639716233999934],[10.429647630000034,-1.641958217999957],[10.434174906000067,-1.669922932999953],[10.442253995000044,-1.677108008999937],[10.448889846000043,-1.705109998999944],[10.442197,-1.727472],[10.433967429000063,-1.730781047999926],[10.425624072000062,-1.755500246999929],[10.43428,-1.778783],[10.446598,-1.793724],[10.444447,-1.805766],[10.456369375000065,-1.809310566999955],[10.473699775000057,-1.802600397999925],[10.483233837000057,-1.804000459999941],[10.493975207000062,-1.82375480099995],[10.511488,-1.830549],[10.51615322300006,-1.845070041999975],[10.547908,-1.849214],[10.553427069000065,-1.825957425999945],[10.569855,-1.835922],[10.577918313000055,-1.835021747999974],[10.605665909000038,-1.869849389999956],[10.605869914000039,-1.87853116399998],[10.612727999000072,-1.882043960999965],[10.609519997000064,-1.919148007999979],[10.623515974000043,-1.930682028999968],[10.620106985000064,-1.951578000999973],[10.594155986000032,-2.020875997999951],[10.589734085000032,-2.022619987999974],[10.584948968000049,-2.043498026999941],[10.587807977000068,-2.048937962999958],[10.581733009000061,-2.058917011999938],[10.573207050000065,-2.062482969999962],[10.570197903000064,-2.05657900999995],[10.567098018000024,-2.061083001999975],[10.56947900800003,-2.06795602699998],[10.559073926000053,-2.082249956999931],[10.561435937000056,-2.101551962999963],[10.546850999000071,-2.09547796399994],[10.544865968000067,-2.102468976999944],[10.53451799000004,-2.106177014999957],[10.531353978000027,-2.101239960999976],[10.529422999000076,-2.107341996999935],[10.51858001100004,-2.107420004999938],[10.510385983000049,-2.09158598099998],[10.496512032000055,-2.099017043999936],[10.48308933900006,-2.067507143999933],[10.48763991100003,-2.063879082999961],[10.484289886000056,-2.055503903999977],[10.475219451000044,-2.047957688999929],[10.47429046700006,-2.02565065999994],[10.466967417000035,-2.007767367999975],[10.461836250000033,-2.00976045799996],[10.45638763200003,-2.004314947999944],[10.423954622000053,-1.961521974999926],[10.417610371000023,-1.943489471999953],[10.387292698000067,-1.935191378999946],[10.363863082000023,-1.913694574999965],[10.321930115000043,-1.943556135999927],[10.305235350000032,-1.942785672999946],[10.243254211000021,-1.923008581999966],[10.224245882000048,-1.912664865999943],[10.20557147900007,-1.927462565999974],[10.197080676000041,-1.918702972999938],[10.192998138000064,-1.900779757999942],[10.173384944000077,-1.902795605999927],[10.167928147000055,-1.876572211999928],[10.140625303000036,-1.883830931999967],[10.109875762000058,-1.870194774999959],[10.08743808500003,-1.847435099999927],[10.059558583000069,-1.844916464999926],[10.039181825000071,-1.835910425999941],[10.00772689200005,-1.837536510999939],[10.000210217000074,-1.843525542999942],[9.98402305600007,-1.827979677999963],[9.980859406000036,-1.818637327999966],[9.972186984000075,-1.82408724499993],[9.960488367000039,-1.819506849999925],[9.937581480000063,-1.80373149199994],[9.931620542000076,-1.790290958999947],[9.918817940000054,-1.783512292999944],[9.913774497000077,-1.756818192999958],[9.905094241000029,-1.750549508999939],[9.90558543000003,-1.73635670699997],[9.879466706000073,-1.708658786999933],[9.881297309000047,-1.701245348999976],[9.859287453000036,-1.684635868999976],[9.867045824000058,-1.667189665999956],[9.894894805000035,-1.656687107999971],[9.877896532000022,-1.637280123999972],[9.887130858000035,-1.631598126999961],[9.890550220000023,-1.617671277999932],[9.901766344000066,-1.60387598799997],[9.910645208000062,-1.597059602999934],[9.932125818000031,-1.604252127999928],[9.931902725000043,-1.58953553799995],[9.938924710000038,-1.582124501999942],[9.943460997000045,-1.563344400999938],[9.941458225000076,-1.54431853899996],[9.947281590000046,-1.546717162999926],[9.962626667000052,-1.538117342999954],[9.976511078000044,-1.543703456999935],[9.976618580000036,-1.528977374999954],[9.969204647000026,-1.510838685999943],[9.973885427000027,-1.504384110999979],[9.97136163700003,-1.491702832999977],[9.966576792000069,-1.491056207999975],[9.968381201000057,-1.458049164999977],[9.957205105000071,-1.420612724999955],[9.965980753000053,-1.394573112999979],[9.96108563000007,-1.388416636999978],[9.962269075000052,-1.380375974999936],[9.982107803000076,-1.375571639999976],[9.993417284000031,-1.368042553999942],[9.995450302000052,-1.359355155999936],[10.000704788000064,-1.364989760999947],[10.01417871700005,-1.347584615999949],[10.024235564000037,-1.343891052999936],[10.037815393000074,-1.321707025999956],[10.049471222000022,-1.317023434999953],[10.059630166000034,-1.294702642999937],[10.05790689500003,-1.268305462999933],[10.07495099700003,-1.255478985999957],[10.102906001000065,-1.217956039999933],[10.132181975000037,-1.194327958999963],[10.156635968000046,-1.166037977999963],[10.18912898900004,-1.147015023999927],[10.219789998000067,-1.137467970999978],[10.231570007000073,-1.136502981999968],[10.247103034000077,-1.146323006999978]]]}},{"type":"Feature","properties":{"PolyCode":"0407","PolyLabel":"LOUETSI-WANO","PolyLongitude":11.528449902,"PolyLatitude":-2.191330188},"geometry":{"type":"Polygon","coordinates":[[[11.505864931000076,-1.95301848899993],[11.514973259000044,-1.96430000099997],[11.520370054000068,-1.960839808999935],[11.519183,-1.9689],[11.528147850000039,-1.955977128999962],[11.539407,-1.961166],[11.546023,-1.955873],[11.554077617000075,-1.962287531999948],[11.553603426000052,-1.974418316999959],[11.561846805000073,-1.971465397999964],[11.567079,-1.977132],[11.579487,-1.977448],[11.584924467000064,-1.968758440999977],[11.591691,-1.987281],[11.598639517000038,-1.986873990999925],[11.596323,-2.000251],[11.57938583300006,-2.018768767999973],[11.567033,-2.101488],[11.574576,-2.126595],[11.592169,-2.121601],[11.592402,-2.127154],[11.60104977100002,-2.127747403999933],[11.601602,-2.134336],[11.605807,-2.134371],[11.606914,-2.145063],[11.596737702000041,-2.153719068999976],[11.593699897000022,-2.164735117999953],[11.612301865000063,-2.167485394999972],[11.615076,-2.176343],[11.612376055000027,-2.187033806999978],[11.60357,-2.194292],[11.609516815000063,-2.202352325999925],[11.604439055000057,-2.209292851999976],[11.616057039000054,-2.218913719999932],[11.610857907000025,-2.230279114999973],[11.599754,-2.229319],[11.59392308100007,-2.241201092999972],[11.596971865000057,-2.25149913499996],[11.590354206000029,-2.251697475999947],[11.58951864100004,-2.264990639999951],[11.604891001000055,-2.27279899399997],[11.664657,-2.259084],[11.688485,-2.264102],[11.694026994000069,-2.281408970999962],[11.668832033000058,-2.341679032999934],[11.676868009000032,-2.351767998999946],[11.664452,-2.371167],[11.657684935000077,-2.370774070999971],[11.652463186000034,-2.377501081999981],[11.658328821000055,-2.395056211999929],[11.650716449000072,-2.411089984999933],[11.64484027900005,-2.407659425999952],[11.638889593000044,-2.412365392999959],[11.631948237000074,-2.401237838999975],[11.620485707000057,-2.41315822699994],[11.619856410000068,-2.39408850999996],[11.60826082400007,-2.405948329999944],[11.60469557700003,-2.398430096999959],[11.60883244200005,-2.386026747999949],[11.59252359900006,-2.398167004999948],[11.583055561000037,-2.396751386999938],[11.590985201000024,-2.383548060999942],[11.575136146000034,-2.387094599999955],[11.592655560000026,-2.36806951899996],[11.58957504500006,-2.362098939999953],[11.572430051000026,-2.375401293999971],[11.557591444000025,-2.378431209999974],[11.54812079800007,-2.378838316999975],[11.545299316000069,-2.369213019999961],[11.539744668000026,-2.375473226999929],[11.533877737000068,-2.366455176999978],[11.511108979000028,-2.374346010999943],[11.526719976000038,-2.354850977999945],[11.517304983000031,-2.349693982999952],[11.51616503200006,-2.35914596799995],[11.509130025000047,-2.358643031999975],[11.507233979000034,-2.341073018999964],[11.487088978000031,-2.336437991999958],[11.491911897000023,-2.317259994999972],[11.486303016000022,-2.315932963999956],[11.478050994000057,-2.322313042999951],[11.478061966000041,-2.309760015999927],[11.463067933000048,-2.300444997999932],[11.48266509800004,-2.284575032999953],[11.441741965000062,-2.273150032999979],[11.455945030000066,-2.251299967999955],[11.453994987000044,-2.245755965999933],[11.447801034000065,-2.244657020999966],[11.442409010000063,-2.256089980999946],[11.431593036000038,-2.247804998999925],[11.424489031000064,-2.224150029999976],[11.411548002000075,-2.212761039999975],[11.415519016000076,-2.19590597399997],[11.402988975000028,-2.193187991999935],[11.409881964000022,-2.185045031999948],[11.40845796800005,-2.174314012999957],[11.399274005000052,-2.16127204299994],[11.400065974000029,-2.170623008999939],[11.393677997000054,-2.16764098799996],[11.392104030000041,-2.15501403899998],[11.379914901000063,-2.158350973999973],[11.377944915000057,-2.14722097899994],[11.365259980000076,-2.136045963999948],[11.359324964000052,-2.105724026999951],[11.348146008000072,-2.097102962999941],[11.350698406000049,-2.083371718999956],[11.363797860000034,-2.075610059999974],[11.370911190000072,-2.086580380999976],[11.400968822000038,-2.084597518999942],[11.405649845000028,-2.079492934999962],[11.428011755000057,-2.085884139999962],[11.427776,-2.079820262999931],[11.435580925000068,-2.080617774999951],[11.434283079000068,-2.072567246999938],[11.44443982200005,-2.05237941799993],[11.449275041000021,-2.059482188999937],[11.455304986000044,-2.051026796999963],[11.473896484000022,-2.049323823999941],[11.470772380000028,-2.042255320999971],[11.482357483000044,-2.021514255999932],[11.47823912900003,-2.004438352999955],[11.485633722000046,-1.984369043999948],[11.490551052000058,-1.982216325999957],[11.486128804000032,-1.966693370999963],[11.495394804000057,-1.961153701999933],[11.501950613000076,-1.964052435999974],[11.505864931000076,-1.95301848899993]]]}},{"type":"Feature","properties":{"PolyCode":"0408","PolyLabel":"LOUETSI-BIBAKA","PolyLongitude":12.234459539,"PolyLatitude":-2.218229512},"geometry":{"type":"Polygon","coordinates":[[[12.21635598100005,-1.795537002999936],[12.221273024000027,-1.795537042999968],[12.22444603300005,-1.803514982999957],[12.235157009000034,-1.796080007999933],[12.234047007000072,-1.812944039999934],[12.24642699800006,-1.826232008999966],[12.24646602100006,-1.843747042999951],[12.25835896500007,-1.856766034999964],[12.280864983000072,-1.85643496199998],[12.280275963000065,-1.84388103699996],[12.289367968000022,-1.840228000999957],[12.289473996000027,-1.831972009999959],[12.297752980000041,-1.839554006999947],[12.30860498900006,-1.839291016999937],[12.315022982000073,-1.846753026999977],[12.32928296700004,-1.846585984999933],[12.340713977000064,-1.878929961999972],[12.346335019000037,-1.880049008999947],[12.349111988000061,-1.871795967999958],[12.359581994000052,-1.882007040999952],[12.363478032000046,-1.871463967999944],[12.37082203600005,-1.870914010999968],[12.372857990000057,-1.860906980999971],[12.381722035000053,-1.85756496099998],[12.383138988000042,-1.849549995999951],[12.393029020000029,-1.847444005999932],[12.393404028000077,-1.836325967999926],[12.400301970000044,-1.848358012999938],[12.415241012000024,-1.846567966999942],[12.413510022000025,-1.866445972999941],[12.425076965000073,-1.859651032999977],[12.432943004000037,-1.869686023999975],[12.439691985000024,-1.86753295699998],[12.448889988000076,-1.884774008999955],[12.449654035000037,-1.89611201699995],[12.442852018000053,-1.910392014999957],[12.463516967000032,-1.943710026999952],[12.457907940000041,-1.954911],[12.456905998000025,-1.976054955999928],[12.44809599100006,-1.979742970999951],[12.446124014000077,-1.987706981999963],[12.458995036000033,-2.024376036999968],[12.445280024000056,-2.044487013999969],[12.474995011000033,-2.073893018999968],[12.480509987000062,-2.105594001999975],[12.48791802900007,-2.114312985999959],[12.501999005000073,-2.120019032999949],[12.506066027000031,-2.130480044999956],[12.49655703600007,-2.146506020999936],[12.474750032000031,-2.166872991999981],[12.487988013000063,-2.175805957999955],[12.48806903600007,-2.183783992999963],[12.49924197200005,-2.191619961999947],[12.497036984000033,-2.198781985999972],[12.481177993000074,-2.210515976999943],[12.503710976000036,-2.214411011999971],[12.500770015000057,-2.216972017999979],[12.505294004000064,-2.224549986999932],[12.500615995000032,-2.227982987999951],[12.503967979000038,-2.232930981999971],[12.492041976000053,-2.233996023999964],[12.487033023000038,-2.250902002999965],[12.495710085000042,-2.263968985999952],[12.488810994000062,-2.268120010999951],[12.488120981000066,-2.277923035999947],[12.480652110000051,-2.278712024999948],[12.481158012000037,-2.282478014999924],[12.46161300600005,-2.293023005999942],[12.468725970000037,-2.302561010999966],[12.461773050000033,-2.305733032999967],[12.467759028000046,-2.31581898099995],[12.474238988000025,-2.313802039999928],[12.474966015000064,-2.321896989999971],[12.464717981000035,-2.327171040999929],[12.470851034000077,-2.32862696199993],[12.476698981000027,-2.338337966999973],[12.496207973000026,-2.32843704499993],[12.511240002000022,-2.349494008999955],[12.498551034000059,-2.367589021999947],[12.504472974000066,-2.370243012999936],[12.500824976000047,-2.37279800999994],[12.504792992000034,-2.378222001999973],[12.509869008000067,-2.377261992999934],[12.513784972000053,-2.388386003999926],[12.513443966000068,-2.392580003999967],[12.507733014000053,-2.392023975999962],[12.508608990000027,-2.401517959999978],[12.505039012000054,-2.400802025999951],[12.518097018000049,-2.424494042999925],[12.513299973000073,-2.429681980999931],[12.517266972000073,-2.43255195699993],[12.512090024000031,-2.436380043999975],[12.516079985000033,-2.439893014999939],[12.50973602700003,-2.445799989999955],[12.510928033000027,-2.450268008999956],[12.499582103000023,-2.446756986999958],[12.49474500100007,-2.450911967999957],[12.486969031000058,-2.446048000999951],[12.47967602600005,-2.45809802399998],[12.472298978000026,-2.459935987999927],[12.472381003000066,-2.467915001999927],[12.466400003000047,-2.470045955999979],[12.468089937000059,-2.477835003999928],[12.461517972000024,-2.478460975999951],[12.460093031000042,-2.492414033999978],[12.448688025000024,-2.48758197799998],[12.440735926000059,-2.490984970999932],[12.443594980000057,-2.499601024999947],[12.440107029000046,-2.507900025999959],[12.433126007000055,-2.506386960999976],[12.433131031000073,-2.522743011999978],[12.071529097000052,-2.525047969999946],[12.042156030000058,-2.412502011999948],[12.020466991000035,-2.388421991999962],[12.000200029000041,-2.381056002999969],[11.98491703600007,-2.381693975999951],[11.888768988000038,-2.422143],[11.894085473000075,-2.40698369699993],[11.900987,-2.401399],[11.89710205700004,-2.378099969999937],[11.909318830000075,-2.369323594999969],[11.913522743000044,-2.374909159999959],[11.918679,-2.37084],[11.922984146000033,-2.377294882999934],[11.934782624000036,-2.361186269999962],[11.933763593000037,-2.331186956999943],[11.925658,-2.334264],[11.896315,-2.291926],[11.901709912000058,-2.278840177999939],[11.893057578000025,-2.23933535599997],[11.898143,-2.241019],[11.905520726000077,-2.227774343999954],[11.918053,-2.222589],[11.922336,-2.226259],[11.925014,-2.220044],[11.925338,-2.211],[11.91523019400006,-2.188925759999961],[11.931369706000055,-2.163087956999959],[11.931469055000036,-2.146952073999955],[11.938519990000032,-2.134341],[11.934877983000035,-2.123472961999937],[11.942377968000073,-2.117747015999953],[11.952079964000063,-2.123809990999973],[11.953758982000068,-2.087752033999948],[11.959777010000039,-2.091254016999926],[11.965719977000049,-2.086639039999966],[11.96514602800005,-2.08041302099997],[11.975681035000036,-2.08331596499994],[11.985712007000075,-2.076654004999966],[12.005315996000036,-2.050516964999929],[12.026816970000027,-2.03732798599998],[12.038196990000074,-2.012735961999965],[12.048861986000077,-2.013887963999935],[12.055491992000043,-2.020226011999966],[12.058752017000074,-2.03428002499993],[12.07278698400006,-2.038951011999927],[12.078861992000043,-2.05073699299993],[12.08541800200004,-2.049352987999953],[12.08205201100003,-2.016859015999955],[12.094683985000074,-2.018979007999974],[12.110033018000024,-1.998774988999969],[12.131343986000047,-1.98788400199993],[12.137073969000028,-1.97818702099994],[12.161341030000074,-1.96916798999996],[12.164116024000066,-1.95991199499997],[12.175456009000072,-1.961427015999959],[12.186397992000025,-1.946823967999933],[12.210029035000048,-1.932538994999959],[12.21896500300005,-1.902009956999962],[12.227872967000053,-1.898152965999941],[12.237935983000057,-1.88083103799994],[12.226277019000065,-1.864075989999947],[12.229208967000034,-1.847479012999941],[12.218935034000026,-1.834214007999947],[12.209433964000027,-1.780199025999934],[12.216314981000039,-1.787932968999939],[12.21635598100005,-1.795537002999936]]]}},{"type":"Feature","properties":{"PolyCode":"0409","PolyLabel":"MOUGALABA","PolyLongitude":10.781091204,"PolyLatitude":-2.082414221},"geometry":{"type":"Polygon","coordinates":[[[10.907958,-1.779189],[10.946966,-1.82743],[10.963989986000058,-1.83998496199996],[10.974072640000031,-1.839566014999946],[10.978114980000043,-1.847472038999967],[10.974882001000026,-1.855914023999958],[10.964631990000044,-1.854883976999929],[10.966008013000021,-1.87085802699994],[10.969744975000026,-1.882561966999958],[10.98176496700006,-1.890095979999955],[10.99106501500006,-1.938906007999947],[10.983473004000075,-1.950365986999941],[10.983418967000034,-1.959103029999937],[10.967146090000028,-1.980037037999978],[10.966044010000076,-2.000245990999929],[10.99573396300002,-2.023240007999959],[11.009511994000036,-2.051739028999975],[11.012412002000076,-2.080830964999961],[11.017578990000061,-2.085441956999944],[11.025219897000056,-2.082452976999946],[11.037362990000076,-2.089761038999939],[11.057661979000045,-2.091847959999939],[11.051009970000052,-2.097333971999944],[11.05483498700005,-2.112219022999966],[11.035994987000038,-2.121752035999975],[11.03580603000006,-2.134350022999968],[11.02829500200005,-2.14219097299997],[11.032612967000034,-2.145210002999931],[11.01726999400006,-2.158450003999974],[11.015440003000037,-2.17033000999993],[11.009838987000023,-2.173322965999944],[11.003895943000032,-2.165534985999955],[11.00007198000003,-2.170314985999937],[11.000322016000041,-2.210324987999968],[10.988497977000065,-2.223240970999939],[10.990137981000032,-2.233554978999962],[10.984973008000054,-2.248084960999961],[10.984757028000047,-2.266976988999943],[10.991764982000063,-2.284236001999943],[10.602647072000025,-2.333302997999965],[10.587130264000052,-2.306179973999974],[10.57102999700004,-2.304026974999942],[10.577725992000069,-2.317305974999954],[10.580620904000057,-2.330356825999957],[10.588426969000068,-2.334522035999953],[10.582141967000041,-2.33178600399998],[10.576586990000067,-2.335769021999965],[10.571915016000048,-2.329986004999967],[10.576552007000032,-2.316903029999935],[10.570193035000045,-2.306327988999954],[10.565593026000045,-2.307520014999966],[10.569001911000043,-2.301940993999949],[10.561086016000047,-2.294194983999944],[10.560282975000064,-2.282123026999955],[10.544077977000029,-2.267254028999957],[10.53849297000005,-2.269892992999928],[10.539630026000054,-2.262107029999925],[10.530782031000058,-2.260006008999937],[10.526799019000066,-2.247816956999941],[10.53171803600003,-2.239959976999955],[10.520718019000071,-2.222843964999925],[10.506087012000023,-2.221053975999951],[10.509703998000077,-2.215334979999966],[10.506056024000031,-2.215809981999939],[10.507250027000055,-2.21142397999995],[10.498219965000033,-2.202879956999936],[10.509087023000063,-2.198184977999972],[10.501318992000051,-2.197159000999932],[10.498074011000028,-2.189878995999948],[10.502037967000035,-2.189963009999929],[10.501328989000058,-2.186213024999972],[10.48969098300006,-2.168334023999932],[10.495479965000072,-2.166984032999949],[10.49660001500007,-2.157254007999938],[10.506117025000037,-2.154472001999977],[10.495767022000052,-2.126627011999972],[10.496512032000055,-2.099017043999936],[10.510385983000049,-2.09158598099998],[10.51858001100004,-2.107420004999938],[10.529422999000076,-2.107341996999935],[10.531353978000027,-2.101239960999976],[10.53451799000004,-2.106177014999957],[10.544865968000067,-2.102468976999944],[10.546850999000071,-2.09547796399994],[10.561435937000056,-2.101551962999963],[10.559073926000053,-2.082249956999931],[10.56947900800003,-2.06795602699998],[10.56887402600006,-2.057364966999955],[10.573207050000065,-2.062482969999962],[10.581696003000047,-2.058934972999964],[10.587807977000068,-2.048937962999958],[10.584948968000049,-2.043498026999941],[10.589734085000032,-2.022619987999974],[10.594155986000032,-2.020875997999951],[10.595958028000041,-2.007780035999929],[10.609448089000068,-1.983225998999956],[10.623515974000043,-1.930682028999968],[10.609668940000063,-1.92002698999994],[10.60912802300004,-1.889119970999957],[10.612727999000072,-1.882043960999965],[10.605869914000039,-1.87853116399998],[10.770908,-1.861149998999963],[10.789276997000059,-1.831831002999934],[10.786823035000054,-1.828638961999957],[10.793082999000035,-1.828323997999973],[10.789219993000074,-1.824102998999933],[10.796026003000065,-1.811099],[10.803768992000073,-1.807912991999956],[10.798971024000025,-1.791958988999966],[10.806895974000042,-1.787816973999952],[10.810589,-1.777597],[10.81704499500006,-1.778174041999932],[10.817518024000037,-1.78240098699996],[10.830514004000065,-1.779777044999946],[10.832544,-1.782986970999957],[10.840422010000054,-1.7742],[10.856598033000068,-1.776794016999929],[10.861176035000028,-1.771044957999948],[10.89579599800004,-1.782496],[10.903099011000052,-1.770724023999946],[10.91218,-1.76691],[10.907958,-1.779189]]]}},{"type":"Feature","properties":{"PolyCode":"0501","PolyLabel":"MOUGOUTSI","PolyLongitude":10.900142949,"PolyLatitude":-2.799102685},"geometry":{"type":"Polygon","coordinates":[[[10.581159015000026,-2.36257502899997],[10.563173023000047,-2.383950997999932],[10.556554924000068,-2.383208977999971],[10.557779986000071,-2.391113993999966],[10.573035966000077,-2.395908987999974],[10.575569009000048,-2.401176006999947],[10.568429993000052,-2.403002955999966],[10.568028,-2.407390032999956],[10.57342501000005,-2.407123994999949],[10.56641601900003,-2.411919963999935],[10.569618013000024,-2.417989954999939],[10.557382005000022,-2.426601968999933],[10.568237965000037,-2.434669962999976],[10.568866006000064,-2.445657966999931],[10.56278893900003,-2.454669022999951],[10.589194032000023,-2.458581980999952],[10.591448981000042,-2.472879038999963],[10.597764977000054,-2.475691045999952],[10.597685034000051,-2.48091296299998],[10.606016988000022,-2.482409959999927],[10.607621978000054,-2.491670039999974],[10.631900030000054,-2.492463977999932],[10.633857015000046,-2.496733008999968],[10.627256056000022,-2.497109957999953],[10.647290007000038,-2.528000959999929],[10.65340001800007,-2.525135987999931],[10.656961993000039,-2.532158988999925],[10.67186502100003,-2.540072007999925],[10.669396923000022,-2.548365001999969],[10.682864968000047,-2.563933965999979],[10.676517997000076,-2.573003985999947],[10.68443499500006,-2.579889975999947],[10.688542019000067,-2.597150013999965],[10.700964037000062,-2.610717034999936],[10.691689022000048,-2.621856018999949],[10.702053998000054,-2.629489985999953],[10.694782993000047,-2.647874954999963],[10.714341055000034,-2.659411032999969],[10.71813399000007,-2.67105696699997],[10.726282973000025,-2.677054958999975],[10.722006934000035,-2.681954965999978],[10.73303400900005,-2.683136030999947],[10.73248103700007,-2.700068030999944],[10.742050031000076,-2.702990980999971],[10.747850988000039,-2.697536961999958],[10.750689994000027,-2.708384037999963],[10.742552001000035,-2.709894001999942],[10.740612078000026,-2.717552006999938],[10.746474105000061,-2.72481703099993],[10.756152077000024,-2.725146971999948],[10.758441007000044,-2.736636029999943],[10.753915035000034,-2.740061005999962],[10.763511970000025,-2.742384963999939],[10.762000010000065,-2.746849985999972],[10.768483893000052,-2.747185981999962],[10.769151013000055,-2.740198018999934],[10.787273994000032,-2.740227993999952],[10.78661102500007,-2.728446970999926],[10.797765971000047,-2.736028983999972],[10.80739800400005,-2.733448012999929],[10.816684034000048,-2.724174988999948],[10.809423964000075,-2.715579004999938],[10.817051979000041,-2.708032001999925],[10.828194977000067,-2.712729971999977],[10.831287024000062,-2.702247988999943],[10.819611018000046,-2.693864036999969],[10.833994980000057,-2.687578963999954],[10.839936021000028,-2.689357973999961],[10.844096024000066,-2.676173004999953],[10.852267030000064,-2.676180990999967],[10.870945971000026,-2.635512991999974],[10.873058030000038,-2.618791985999962],[10.881412018000049,-2.620961008999927],[10.887688032000028,-2.629864961999942],[10.91689001900005,-2.627936988999977],[10.922676026000033,-2.625028959999952],[10.923076968000032,-2.618965970999966],[10.967775006000068,-2.597324043999947],[10.97607602000005,-2.608240955999975],[10.979806979000045,-2.605451985999935],[10.993964968000057,-2.633414010999957],[11.017878969000037,-2.621955958999934],[11.022386006000033,-2.613621024999929],[11.026107017000072,-2.621327986999972],[11.102312017000031,-2.585958049999931],[11.13277602100004,-2.582948009999939],[11.143640145000063,-2.589019109999924],[11.15330803200004,-2.603864955999939],[11.165872986000068,-2.633277993999968],[11.309918968000034,-2.86621297399995],[11.252316015000076,-2.858037987999978],[11.255405003000021,-2.866576976999966],[11.220231024000043,-2.877007965999951],[11.236315005000051,-2.93517795899993],[11.228778014000056,-2.933098966999978],[11.219855030000076,-2.938670972999944],[11.22407901300005,-2.956870994999974],[11.212490010000067,-2.962287971999956],[11.15880201300007,-2.966559989999951],[11.128908026000033,-2.97617503999993],[11.100862057000029,-2.994266962999973],[11.085612032000029,-3.017153961999952],[11.08600001700006,-3.02317103699994],[11.07003202200002,-3.018188984999938],[11.07234399400005,-2.997521006999932],[11.066617030000032,-2.987668983999924],[11.058137052000063,-2.997952970999961],[11.053990973000055,-2.996441022999932],[11.053030032000038,-2.985262],[11.059830981000061,-2.977195002999963],[11.047391006000055,-2.97496696099995],[11.022698021000053,-2.959332031999963],[11.013786019000065,-2.959324014999936],[11.004006970000034,-2.965134957999965],[10.966161991000035,-3.028739963999953],[10.897579998000026,-3.097089032999975],[10.887663978000035,-3.097819007999931],[10.87995303200006,-3.106165028999953],[10.87559297200005,-3.101533017999941],[10.866149033000056,-3.102241032999927],[10.864172997000026,-3.094261966999966],[10.857035967000058,-3.08978700199998],[10.838569989000064,-3.104553022999937],[10.81877399700005,-3.100593993999951],[10.810268012000051,-3.113985983999953],[10.79995896500003,-3.107911034999972],[10.77908609900004,-3.107316012999945],[10.771933002000026,-3.08262102599997],[10.77922804700006,-3.054360997999936],[10.76076200700004,-3.034555992999969],[10.703830992000064,-2.921130010999946],[10.66678498500005,-2.886092039999937],[10.64842199700007,-2.882155027999943],[10.636917980000021,-2.867562005999957],[10.620219993000035,-2.858833041999958],[10.604609008000068,-2.837545974999955],[10.597553025000025,-2.840657977999967],[10.599978005000025,-2.814047000999949],[10.558899968000048,-2.677548028999979],[10.546054945000037,-2.574476976999961],[10.54833800800003,-2.357293983999966],[10.586736898000026,-2.335938020999947],[10.583159084000044,-2.345267028999956],[10.594970997000075,-2.349667011999941],[10.594408026000053,-2.356925018999959],[10.581159015000026,-2.36257502899997]]]}},{"type":"Feature","properties":{"PolyCode":"0502","PolyLabel":"BASSE-BANIO","PolyLongitude":10.749526907,"PolyLatitude":-3.234135757},"geometry":{"type":"Polygon","coordinates":[[[10.56343703300007,-2.825895],[10.600118018000046,-2.827211039999952],[10.598077028000034,-2.841351002999943],[10.604609008000068,-2.837545974999955],[10.620219993000035,-2.858833041999958],[10.636917980000021,-2.867562005999957],[10.64842199700007,-2.882155027999943],[10.66678498500005,-2.886092039999937],[10.703830992000064,-2.921130010999946],[10.76076200700004,-3.034555992999969],[10.77922804700006,-3.054360997999936],[10.771933002000026,-3.08262102599997],[10.77908609900004,-3.107316012999945],[10.79995896500003,-3.107911034999972],[10.814999019000027,-3.118996967999976],[10.814770041000031,-3.133215977999953],[10.810958035000056,-3.136004012999933],[10.818174921000036,-3.140001032999976],[10.812932978000049,-3.143344958999933],[10.818134964000024,-3.147220955999956],[10.818236010000021,-3.155715959999952],[10.827934991000063,-3.149816010999928],[10.832621932000052,-3.136666972999933],[10.84000499800004,-3.133882998999979],[10.866546976000052,-3.145108954999955],[10.88070596700004,-3.14413802699994],[10.895533986000032,-3.156759018999935],[10.90815899300003,-3.150155969999958],[10.913314910000054,-3.152549972999964],[10.915779987000064,-3.148004991999926],[10.918156929000077,-3.151836977999949],[10.927527007000037,-3.147378988999947],[10.932333032000031,-3.15161500499994],[10.942366995000043,-3.147872986999971],[10.944437035000021,-3.141573016999928],[10.948002012000075,-3.148197955999933],[10.954908978000049,-3.145732026999951],[10.967828030000021,-3.162656990999949],[10.975174022000033,-3.161088973999938],[10.977262014000075,-3.173515983999948],[10.989426008000066,-3.173907020999934],[10.998998,-3.184148],[11.00756896400003,-3.186050013999932],[11.013323018000051,-3.207452043999979],[11.054703012000061,-3.283877027999949],[11.135560036000072,-3.37804095599995],[11.130253010000047,-3.398670977999927],[11.114002989000028,-3.407063964999963],[11.104932001000066,-3.429792004999968],[11.085546948000058,-3.444294004999961],[11.088636049000058,-3.451396968999973],[11.075366005000035,-3.452025955999943],[11.05032202700005,-3.469340042999931],[11.041935951000028,-3.469780037999953],[11.02666989000005,-3.492739974999949],[11.013970021000034,-3.48977496599997],[11.022521967000046,-3.511323954999966],[11.019415890000062,-3.520095984999955],[11.008135969000023,-3.525987962999977],[11.008608025000058,-3.530456001999937],[11.000331002000053,-3.526702989999933],[10.994497036000041,-3.549522975999935],[10.986628017000044,-3.556933991999927],[10.994950026000026,-3.570664007999937],[10.994674003000057,-3.593944971999974],[10.969854034000036,-3.613856016999932],[10.92211499800004,-3.598908980999965],[10.876087967000046,-3.622530018999953],[10.744379004000052,-3.510287987999959],[10.645509725000068,-3.441323390999969],[10.639527616000066,-3.43388919299997],[10.64721793800004,-3.428035522999949],[10.661264553000024,-3.397067685999957],[10.659227783000063,-3.371650393999971],[10.665109846000064,-3.369547221999937],[10.663699980000047,-3.348931991999962],[10.652382912000064,-3.331241005999971],[10.601327075000029,-3.29088802299998],[10.545505035000076,-3.256190965999963],[10.542926020000039,-3.241103024999973],[10.527000997000073,-3.211714989999962],[10.400000998000053,-3.076671981999937],[10.25678397400003,-2.969048006999969],[10.28076503400007,-2.984365024999931],[10.314677964000055,-2.98288600099994],[10.307404029000054,-2.968737027999964],[10.320846987000039,-2.957910009999978],[10.329506036000055,-2.939603043999966],[10.342220032000057,-2.935765009999955],[10.351079996000067,-2.943732964999981],[10.364037022000048,-2.937242961999971],[10.370019981000041,-2.944724966999956],[10.359938011000054,-2.952666009999973],[10.35872598800006,-2.961341985999979],[10.368072987000062,-2.96449002199995],[10.369039027000042,-2.959910998999931],[10.362809996000067,-2.956045016999951],[10.368090985000038,-2.95243702099998],[10.379824031000055,-2.963542988999961],[10.382205026000065,-2.975118040999973],[10.398030023000047,-2.975140977999956],[10.376673991000075,-2.985717019999925],[10.37713401700006,-2.998976021999965],[10.389606022000066,-2.997066043999951],[10.399448973000062,-2.988883980999958],[10.42102898500002,-2.989879954999935],[10.426297973000032,-2.993986029999974],[10.417889978000062,-3.004581040999938],[10.422916030000067,-3.011338042999967],[10.434668970000075,-3.009666955999933],[10.440201032000061,-2.997862987999952],[10.450257994000026,-3.007760961999963],[10.459368968000035,-3.008497011999964],[10.46539598000004,-2.985845],[10.488441993000038,-2.967072012999949],[10.48892703000007,-2.962974989999964],[10.477665036000076,-2.956691013999944],[10.490613016000054,-2.957190996999941],[10.497096018000036,-2.950932024999929],[10.499752973000056,-2.936470033999967],[10.49162700200003,-2.916449966999949],[10.502683027000046,-2.896937025999932],[10.511082010000052,-2.891644006999968],[10.510624989000064,-2.874286031999929],[10.52455199800005,-2.858392028999958],[10.526482008000073,-2.849233000999959],[10.551912999000024,-2.837452029999952],[10.56343703300007,-2.825895]]]}},{"type":"Feature","properties":{"PolyCode":"0503","PolyLabel":"DOUIGNY","PolyLongitude":10.885205031,"PolyLatitude":-2.468063494},"geometry":{"type":"Polygon","coordinates":[[[11.116241986000034,-2.319220970999936],[11.10212301200005,-2.369139036999968],[11.129254968000055,-2.401954038999975],[11.184034977000067,-2.444270012999937],[11.224791005000043,-2.510926997999945],[11.235581982000042,-2.547291958999949],[11.215836968000076,-2.544018966999943],[11.195311969000045,-2.556507970999974],[11.192224972000076,-2.553656044999968],[11.180230017000042,-2.560161978999929],[11.174996968000073,-2.555930008999951],[11.16443901200006,-2.566613992999976],[11.129838986000038,-2.585578991999967],[11.102312017000031,-2.585958049999931],[11.026107017000072,-2.621327986999972],[11.022386006000033,-2.613621024999929],[11.017878969000037,-2.621955958999934],[10.993964968000057,-2.633414010999957],[10.979806979000045,-2.605451985999935],[10.97607602000005,-2.608240955999975],[10.967775006000068,-2.597324043999947],[10.923076968000032,-2.618965970999966],[10.922676026000033,-2.625028959999952],[10.91689001900005,-2.627936988999977],[10.887688032000028,-2.629864961999942],[10.881412018000049,-2.620961008999927],[10.873058030000038,-2.618791985999962],[10.870945971000026,-2.635512991999974],[10.852267030000064,-2.676180990999967],[10.844096024000066,-2.676173004999953],[10.839936021000028,-2.689357973999961],[10.833994980000057,-2.687578963999954],[10.819611018000046,-2.693864036999969],[10.831287024000062,-2.702247988999943],[10.828194977000067,-2.712729971999977],[10.816422899000031,-2.708385973999953],[10.809423964000075,-2.715579004999938],[10.816684034000048,-2.724174988999948],[10.80739800400005,-2.733448012999929],[10.797765971000047,-2.736028983999972],[10.78661102500007,-2.728446970999926],[10.789330029000041,-2.738440969999942],[10.769151013000055,-2.740198018999934],[10.768483893000052,-2.747185981999962],[10.755283966000036,-2.742167042999938],[10.756664958000044,-2.725867970999957],[10.746474105000061,-2.72481703099993],[10.740612078000026,-2.717552006999938],[10.742552001000035,-2.709894001999942],[10.750689994000027,-2.708384037999963],[10.747850988000039,-2.697536961999958],[10.742050031000076,-2.702990980999971],[10.73248103700007,-2.700068030999944],[10.73303400900005,-2.683136030999947],[10.722006934000035,-2.681954965999978],[10.726282973000025,-2.677054958999975],[10.71813399000007,-2.67105696699997],[10.714341055000034,-2.659411032999969],[10.694782993000047,-2.647874954999963],[10.702053998000054,-2.629489985999953],[10.691689022000048,-2.621856018999949],[10.700964037000062,-2.610717034999936],[10.688542019000067,-2.597150013999965],[10.68443499500006,-2.579889975999947],[10.676517997000076,-2.573003985999947],[10.682864968000047,-2.563933965999979],[10.669396923000022,-2.548365001999969],[10.67186502100003,-2.540072007999925],[10.656961993000039,-2.532158988999925],[10.65340001800007,-2.525135987999931],[10.647290007000038,-2.528000959999929],[10.627256056000022,-2.497109957999953],[10.633857015000046,-2.496733008999968],[10.631900030000054,-2.492463977999932],[10.607621978000054,-2.491670039999974],[10.606016988000022,-2.482409959999927],[10.597685034000051,-2.48091296299998],[10.597764977000054,-2.475691045999952],[10.591448981000042,-2.472879038999963],[10.589194032000023,-2.458581980999952],[10.56278893900003,-2.454669022999951],[10.568866006000064,-2.445657966999931],[10.568237965000037,-2.434669962999976],[10.557382005000022,-2.426601968999933],[10.569618013000024,-2.417989954999939],[10.56641601900003,-2.411919963999935],[10.57342501000005,-2.407123994999949],[10.568028,-2.407390032999956],[10.568429993000052,-2.403002955999966],[10.575569009000048,-2.401176006999947],[10.573035966000077,-2.395908987999974],[10.557779986000071,-2.391113993999966],[10.556554924000068,-2.383208977999971],[10.563930016000029,-2.383535025999947],[10.56477902000006,-2.377242989999957],[10.596198980000054,-2.352308962999928],[10.583159084000044,-2.345267028999956],[10.588426969000068,-2.334522035999953],[10.580620904000057,-2.330356825999957],[10.57102999700004,-2.304026974999942],[10.587130264000052,-2.306179973999974],[10.602647072000025,-2.333302997999965],[10.832414970000059,-2.301825991999976],[10.961106963000077,-2.290375967999978],[10.991764982000063,-2.284236001999943],[10.98474359100004,-2.266893232999962],[10.987447088000067,-2.253475932999947],[11.029508037000028,-2.235290978999956],[11.071799963000046,-2.258086015999936],[11.09997097300004,-2.290413004999948],[11.116241986000034,-2.319220970999936]]]}},{"type":"Feature","properties":{"PolyCode":"0504","PolyLabel":"DOUTSILA","PolyLongitude":11.620486373,"PolyLatitude":-2.919555124},"geometry":{"type":"Polygon","coordinates":[[[11.23666102900006,-2.550767041999961],[11.252802975000066,-2.58398595999995],[11.331821934000061,-2.59170895699998],[11.384075018000033,-2.604543966999927],[11.396818033000045,-2.614799980999976],[11.40573502500007,-2.637871012999938],[11.422301012000048,-2.655818980999925],[11.443966979000038,-2.668641993999927],[11.470727977000024,-2.698125991999973],[11.542111030000058,-2.700707957999953],[11.549761019000073,-2.691739011999971],[11.576279980000038,-2.722091989999967],[11.568868988000077,-2.786580967999953],[12.031679079000071,-2.973711996999953],[12.011296016000074,-3.04676703399997],[11.934810939000045,-3.189035039999965],[11.89655190700006,-3.191600992999952],[11.885075006000022,-3.196728020999956],[11.887627001000055,-3.209543954999958],[11.925894991000064,-3.264651028999936],[11.971815974000037,-3.296688034999931],[11.986102001000063,-3.321384997999928],[11.948104001000047,-3.31009798599996],[11.934498035000047,-3.294094016999964],[11.916902965000077,-3.284408042999928],[11.877548023000031,-3.290732961999936],[11.857490967000047,-3.278065995999953],[11.852200028000027,-3.281436984999971],[11.847795016000077,-3.274354967999955],[11.840342001000067,-3.27635296099993],[11.834060993000037,-3.272230970999942],[11.833604963000028,-3.265944975999957],[11.804221015000053,-3.255582988999947],[11.78007105200004,-3.237577033999969],[11.773798986000031,-3.218763981999928],[11.759358998000039,-3.205816027999958],[11.706735025000057,-3.188328976999969],[11.695484935000025,-3.17971198999993],[11.694038980000073,-3.172685987999955],[11.685783996000055,-3.172524037999949],[11.686233972000025,-3.166823978999957],[11.669189045000053,-3.179760030999944],[11.66503890000007,-3.188982001999932],[11.661771953000027,-3.187235960999942],[11.656678890000023,-3.179351976999953],[11.658470027000021,-3.167988031999926],[11.647939971000028,-3.154013002999932],[11.649387034000029,-3.122255032999931],[11.639866986000072,-3.10542298699994],[11.649178033000055,-3.081341004999956],[11.637714997000046,-3.072054959999946],[11.623679956000046,-3.071812020999971],[11.601251983000054,-3.052365975999976],[11.585817965000047,-3.046104968999941],[11.584948040000029,-3.03740797599994],[11.571302016000061,-3.025275043999955],[11.538645990000077,-3.016414018999967],[11.515848038000058,-2.991136959999949],[11.48930497200007,-2.932130970999935],[11.480735964000075,-2.92734001499997],[11.477411059000076,-2.910024972999963],[11.463607976000048,-2.899246958999925],[11.454870024000058,-2.884969025999965],[11.444718997000052,-2.86080501999993],[11.444448986000054,-2.848812993999957],[11.404297002000021,-2.860203971999965],[11.401966985000058,-2.864586021999969],[11.397447027000055,-2.860039018999942],[11.38570001200003,-2.866017021999937],[11.379837019000036,-2.863046004999944],[11.36975301700005,-2.875330954999924],[11.352749033000066,-2.877106990999948],[11.355551964000028,-2.88203404199993],[11.350772019000033,-2.88881598599994],[11.343315988000029,-2.883545975999937],[11.339176019000035,-2.893805977999932],[11.334902021000062,-2.888328028999979],[11.32684302000007,-2.892453031999935],[11.313538022000046,-2.887267988999952],[11.30991900600003,-2.86621297399995],[11.165872986000068,-2.633277993999968],[11.15330803200004,-2.603864955999939],[11.143640145000063,-2.589019109999924],[11.13277602100004,-2.582948009999939],[11.16443901200006,-2.566613992999976],[11.174996968000073,-2.555930008999951],[11.180230017000042,-2.560161978999929],[11.192224972000076,-2.553656044999968],[11.195311969000045,-2.556507970999974],[11.215836968000076,-2.544018966999943],[11.23666102900006,-2.550767041999961]]]}},{"type":"Feature","properties":{"PolyCode":"0505","PolyLabel":"HAUTE-BANIO","PolyLongitude":11.119930686,"PolyLatitude":-3.664264389},"geometry":{"type":"Polygon","coordinates":[[[11.135560036000072,-3.37804095599995],[11.336516028000062,-3.606682991999946],[11.298225023000043,-3.639979],[11.226730983000039,-3.718101008999952],[11.219053014000053,-3.751413959999979],[11.227941010000052,-3.818057974999931],[11.20750001500005,-3.852641974999926],[11.20491596900007,-3.897490956999945],[11.16034400500007,-3.963731043999928],[11.082848014000035,-3.910357986999941],[11.021269973000074,-3.857636000999946],[11.020888008000043,-3.844551973999955],[11.007127973000024,-3.817592003999948],[11.016326992000074,-3.779855024999961],[10.941776015000073,-3.687793989999932],[10.876087967000046,-3.622530018999953],[10.92211499800004,-3.598908980999965],[10.969415028000071,-3.613954001999957],[10.988197974000059,-3.600922968999953],[10.994674003000057,-3.593944971999974],[10.994950026000026,-3.570664007999937],[10.986867030000042,-3.556135966999932],[10.994497036000041,-3.549522975999935],[10.999998972000071,-3.527112041999942],[11.008651026000052,-3.530436965999968],[11.008135969000023,-3.525987962999977],[11.019415890000062,-3.520095984999955],[11.022521967000046,-3.511323954999966],[11.013970021000034,-3.48977496599997],[11.02666989000005,-3.492739974999949],[11.041935951000028,-3.469780037999953],[11.05032202700005,-3.469340042999931],[11.075366005000035,-3.452025955999943],[11.088636049000058,-3.451396968999973],[11.085546948000058,-3.444294004999961],[11.104932001000066,-3.429792004999968],[11.114002989000028,-3.407063964999963],[11.130253010000047,-3.398670977999927],[11.135560036000072,-3.37804095599995]]]}},{"type":"Feature","properties":{"PolyCode":"0506","PolyLabel":"MONGO","PolyLongitude":11.455968384,"PolyLatitude":-3.281903431},"geometry":{"type":"Polygon","coordinates":[[[11.445226010000056,-2.861604014999955],[11.463607976000048,-2.899246958999925],[11.477411059000076,-2.910024972999963],[11.480735964000075,-2.92734001499997],[11.48930497200007,-2.932130970999935],[11.515848038000058,-2.991136959999949],[11.538645990000077,-3.016414018999967],[11.571302016000061,-3.025275043999955],[11.584948040000029,-3.03740797599994],[11.585817965000047,-3.046104968999941],[11.601251983000054,-3.052365975999976],[11.623679956000046,-3.071812020999971],[11.637714997000046,-3.072054959999946],[11.649178033000055,-3.081341004999956],[11.639866986000072,-3.10542298699994],[11.649387034000029,-3.122255032999931],[11.647939971000028,-3.154013002999932],[11.658470027000021,-3.167988031999926],[11.656678890000023,-3.179351976999953],[11.661771953000027,-3.187235960999942],[11.66503890000007,-3.188982001999932],[11.669841003000045,-3.179141016999949],[11.688008,-3.167577970999957],[11.685783996000055,-3.172524037999949],[11.694038980000073,-3.172685987999955],[11.695484935000025,-3.17971198999993],[11.706735025000057,-3.188328976999969],[11.759358998000039,-3.205816027999958],[11.773798986000031,-3.218763981999928],[11.78007105200004,-3.237577033999969],[11.804221015000053,-3.255582988999947],[11.833604963000028,-3.265944975999957],[11.834060993000037,-3.272230970999942],[11.840342001000067,-3.27635296099993],[11.847795016000077,-3.274354967999955],[11.852200028000027,-3.281436984999971],[11.857490967000047,-3.278065995999953],[11.877548023000031,-3.290732961999936],[11.908826989000033,-3.28355500999993],[11.922903030000043,-3.286464038999952],[11.948104001000047,-3.31009798599996],[11.986102001000063,-3.321384997999928],[11.994781980000027,-3.335133011999972],[12.008820983000021,-3.368453009999939],[11.966738988000031,-3.427412036999954],[11.939961009000058,-3.488932040999941],[11.927207082000052,-3.505593979999958],[11.897868068000037,-3.527382993999936],[11.858322951000048,-3.574801956999977],[11.848118968000051,-3.602997013999925],[11.865982031000044,-3.618377019999969],[11.918295965000027,-3.649133976999963],[11.846850006000068,-3.736283025999967],[11.803464982000037,-3.726027961999932],[11.68862897300005,-3.684999991999973],[11.647806016000061,-3.642697956999939],[11.61974497600005,-3.600399015999926],[11.552147991000027,-3.519638960999941],[11.465399985000033,-3.520887021999954],[11.451361987000041,-3.536259007999945],[11.447524996000027,-3.56316996399994],[11.41178996800005,-3.599035984999944],[11.336516028000062,-3.606682991999946],[11.054703012000061,-3.283877027999949],[11.013323018000051,-3.207452043999979],[11.007026016000054,-3.185409997999955],[10.999412028000052,-3.184419988999935],[10.989426008000066,-3.173907020999934],[10.977262014000075,-3.173515983999948],[10.975174022000033,-3.161088973999938],[10.967828030000021,-3.162656990999949],[10.955491021000057,-3.146250996999925],[10.948002012000075,-3.148197955999933],[10.944724006000058,-3.141539032999958],[10.942366995000043,-3.147872986999971],[10.932333032000031,-3.15161500499994],[10.927527007000037,-3.147378988999947],[10.918156929000077,-3.151836977999949],[10.915779987000064,-3.148004991999926],[10.913314910000054,-3.152549972999964],[10.90815899300003,-3.150155969999958],[10.895533986000032,-3.156759018999935],[10.88070596700004,-3.14413802699994],[10.866546976000052,-3.145108954999955],[10.838974001000054,-3.133960976999958],[10.832621932000052,-3.136666972999933],[10.821035032000054,-3.157296028999951],[10.817602970000053,-3.154838039999959],[10.818134964000024,-3.147220955999956],[10.812932978000049,-3.143344958999933],[10.818174921000036,-3.140001032999976],[10.810958035000056,-3.136004012999933],[10.815894989000071,-3.120613018999961],[10.810268012000051,-3.113985983999953],[10.81715596500004,-3.101976975999946],[10.828297968000072,-3.09964703199995],[10.829801026000041,-3.104434968999954],[10.838569989000064,-3.104553022999937],[10.857035967000058,-3.08978700199998],[10.864172997000026,-3.094261966999966],[10.866149033000056,-3.102241032999927],[10.87559297200005,-3.101533017999941],[10.87995303200006,-3.106165028999953],[10.887663978000035,-3.097819007999931],[10.897579998000026,-3.097089032999975],[10.966161991000035,-3.028739963999953],[11.004006970000034,-2.965134957999965],[11.013786019000065,-2.959324014999936],[11.022698021000053,-2.959332031999963],[11.047391006000055,-2.97496696099995],[11.059830981000061,-2.977195002999963],[11.053030032000038,-2.985262],[11.053990973000055,-2.996441022999932],[11.058137052000063,-2.997952970999961],[11.066617030000032,-2.987668983999924],[11.07234399400005,-2.997521006999932],[11.07003202200002,-3.018188984999938],[11.08600001700006,-3.02317103699994],[11.085612032000029,-3.017153961999952],[11.100862057000029,-2.994266962999973],[11.128908026000033,-2.97617503999993],[11.15880201300007,-2.966559989999951],[11.212490010000067,-2.962287971999956],[11.22407901300005,-2.956870994999974],[11.219855030000076,-2.938670972999944],[11.228778014000056,-2.933098966999978],[11.236315005000051,-2.93517795899993],[11.220086990000027,-2.877164968999978],[11.255405003000021,-2.866576976999966],[11.252316015000076,-2.858037987999978],[11.268737973000043,-2.863234962999968],[11.309328189000041,-2.865250241999945],[11.313538022000046,-2.887267988999952],[11.32684302000007,-2.892453031999935],[11.334902021000062,-2.888328028999979],[11.338375019000068,-2.893968040999937],[11.34358401000003,-2.883343983999964],[11.350772019000033,-2.88881598599994],[11.355551964000028,-2.88203404199993],[11.352749033000066,-2.877106990999948],[11.36975301700005,-2.875330954999924],[11.379837019000036,-2.863046004999944],[11.38570001200003,-2.866017021999937],[11.397447027000055,-2.860039018999942],[11.401966985000058,-2.864586021999969],[11.404297002000021,-2.860203971999965],[11.444448986000054,-2.848812993999957],[11.445226010000056,-2.861604014999955]]]}},{"type":"Feature","properties":{"PolyCode":"0601","PolyLabel":"IVINDO","PolyLongitude":13.046328383,"PolyLatitude":0.669208418},"geometry":{"type":"Polygon","coordinates":[[[13.726135036000073,1.357523996000054],[13.475860994000072,0.836291030000041],[13.467994279000038,0.82865307700007],[13.390263007000044,0.683019033000051],[13.398975073000031,0.665866058000063],[13.408155992000047,0.670779005000043],[13.419022064000046,0.665541003000044],[13.420365943000036,0.653097021000065],[13.429633026000033,0.640570991000061],[13.454327978000038,0.628057003000038],[13.452766058000066,0.623973017000026],[13.459341054000049,0.618308042000024],[13.486358001000042,0.610244016000024],[13.497051990000045,0.599473007000029],[13.51157293600005,0.597841045000052],[13.527743195000028,0.586722958000053],[13.544024026000045,0.54705496400004],[13.545841989000053,0.529905964000022],[13.552489024000067,0.52203800500007],[13.549323983000022,0.512516968000057],[13.55431304700005,0.500711007000064],[13.585763978000045,0.48419203800006],[13.602798979000056,0.483307957000022],[13.641411984000058,0.470392958000048],[13.696823890000076,0.407279975000051],[13.716858010000067,0.392999002000067],[13.732551027000056,0.392198025000027],[13.771801001000028,0.378071959000067],[13.804085027000042,0.377190010000049],[13.812559993000036,0.370248975000038],[13.83434498500003,0.367772978000062],[13.859054014000037,0.333555018000027],[13.860424030000047,0.31548697900007],[13.884081939000055,0.304839980000054],[13.909902964000025,0.285617021000064],[13.928734973000076,0.27899300100006],[13.929069995000077,0.270940018000033],[13.919587974000024,0.266660020000074],[13.916796989000034,0.257266966000032],[13.891372964000027,0.23725401300004],[13.883577971000022,0.219941977000076],[13.893573013000037,0.20762501300004],[13.880574036000041,0.204715965000048],[13.883590983000033,0.194010963000039],[13.898230011000066,0.177429990000064],[13.89610403100005,0.168389],[13.902916018000042,0.163762967000025],[13.919226011000035,0.131288957000038],[13.919071010000039,0.110330963000024],[13.911665969000069,0.107208978000074],[13.91154698500003,0.099074972000039],[13.902279006000072,0.08964803300006],[13.909898972000065,0.074207963000049],[13.911390020000056,0.055347985000026],[13.918472995000059,0.04561697400004],[13.934276976000035,0.039302995000071],[13.936986018000027,0.026368024000021],[13.94614002000003,0.024839992000068],[13.940935987000046,0.003342993000047],[13.934017981000068,0.003596045000052],[13.922846013000026,-0.015987036999945],[13.939764031000038,-0.046941971999956],[13.924373997000032,-0.068319993999978],[13.90096397700006,-0.07779198999998],[13.873898018000034,-0.101785973999938],[13.854930989000025,-0.103178982999964],[13.828427016000035,-0.086317019999967],[13.814247027000022,-0.084005038999976],[13.798179025000024,-0.074208971999951],[13.778279983000061,-0.048276961999932],[13.751266034000025,-0.028658041999961],[13.711848021000037,-0.017846021999958],[13.700564024000073,-0.009118042999944],[13.683813013000076,-0.013224970999943],[13.666656035000074,-0.006646042999932],[13.658426011000074,-0.013130024999953],[13.657535995000046,-0.003258975999927],[13.649643014000048,-0.007354969999938],[13.645271022000031,-0.002890003999937],[13.62244802300006,-0.00265802399997],[13.614738965000072,0.002243013000054],[13.59661171700003,0.000200550000045],[13.578219348000061,0.005517349000058],[13.569783292000068,0.002354190000062],[13.555680667000047,0.011845986000026],[13.546252414000037,0.010011567000049],[13.542053373000044,0.01703066400006],[13.509103727000024,0.028596679000032],[13.333847191000075,0.034277420000024],[13.296411349000039,0.046749967000039],[13.263922066000077,0.049680034000062],[13.25863299100007,0.054446034000023],[13.245383023000045,0.042841017000057],[13.226869011000076,0.058598963000065],[13.217708982000033,0.059098994000067],[13.203887020000025,0.069621004000055],[13.198866008000039,0.067068973000062],[13.204511987000046,0.058834039000033],[13.199678027000061,0.054766026000038],[13.193122007000056,0.062736013000062],[13.180740004000029,0.05907402400004],[13.17827098400005,0.066670023000029],[13.17362596700002,0.062736999000037],[13.162355990000037,0.064818004000074],[13.158870059000037,0.078938957000048],[13.147746985000026,0.074164042000064],[13.14154796300005,0.078376019000075],[13.142149998000036,0.088352972000052],[13.115840985000034,0.087157018000028],[13.100456972000075,0.124798010000063],[13.098153985000067,0.146573043000046],[13.084205033000046,0.159442029000047],[13.076897987000052,0.173827041000038],[13.083772992000036,0.18283096600004],[13.079236019000064,0.20100098100005],[13.060138018000032,0.204512998000041],[13.045005031000073,0.243126991000054],[13.03787298800006,0.241610926000021],[13.029241987000034,0.225601022000035],[13.021706068000071,0.228369028000031],[13.000286972000026,0.218872993000048],[12.996380098000031,0.222551039000052],[12.988726976000066,0.220110003000059],[12.982113997000056,0.223747991000039],[12.985033956000052,0.229039929000066],[12.98187702000007,0.233319959000028],[12.973237056000073,0.229970973000036],[12.968006996000042,0.23818600200002],[12.955167059000075,0.234996971000044],[12.95580196700007,0.244010026000069],[12.948855993000052,0.244866057000024],[12.946222013000067,0.251751040000045],[12.950572070000021,0.261397997000074],[12.948035996000044,0.266423975000066],[12.935540998000022,0.266408024000043],[12.923747982000066,0.25365903900007],[12.927316073000043,0.243466025000032],[12.912525967000022,0.238270034000038],[12.894452994000062,0.216913041000055],[12.880476031000057,0.210872013000028],[12.852630032000036,0.217831008000076],[12.849831003000077,0.22622996900003],[12.845691015000057,0.216502966000064],[12.830645964000041,0.23919296300005],[12.81899805200004,0.237716996000074],[12.817814017000046,0.241785021000055],[12.813029001000075,0.239612971000042],[12.81256800500006,0.224203999000053],[12.802828041000055,0.213310080000042],[12.794806993000066,0.234664003000034],[12.78258101800003,0.241575992000037],[12.766314976000046,0.266985985000019],[12.765868012000055,0.275022011000033],[12.750960002000056,0.271347023000033],[12.741028998000047,0.314384027000074],[12.734667985000044,0.308634984000037],[12.73230002300005,0.277372925000066],[12.722603992000074,0.278004973000066],[12.710967006000033,0.26676896400005],[12.694891961000053,0.265066958000034],[12.683619019000048,0.255194046000042],[12.67046100400006,0.262214044000075],[12.668274981000025,0.244837038000071],[12.640732962000072,0.25717495300006],[12.63843902900004,0.266683043000057],[12.613176022000061,0.27434600700002],[12.606020024000031,0.291094032000046],[12.558781966000026,0.275655977000042],[12.552436983000064,0.293409974000042],[12.558937009000033,0.29596297300003],[12.55869997800005,0.307928032000063],[12.574157022000065,0.324120039000036],[12.575285974000053,0.338729023000042],[12.588427015000036,0.348607979000064],[12.573333019000074,0.365008973000045],[12.560610994000058,0.365524985000036],[12.540816020000022,0.386358977000043],[12.535714015000053,0.429632002000062],[12.52691790700004,0.439867038000045],[12.523832971000047,0.453742962000035],[12.485938002000069,0.480472020000036],[12.486737033000054,0.500640991000068],[12.47268497600004,0.517537019000031],[12.320351970000047,0.554911024000035],[12.29371610100003,0.543105979000075],[12.28199601700004,0.543686981000064],[12.273264106000056,0.534731031000035],[12.222529965000035,0.525480014000038],[12.223728985000037,0.539519963000032],[12.228554988000042,0.543428025000026],[12.21983999500003,0.550316963000057],[12.233549020000055,0.557467994000035],[12.234183977000043,0.565285988000028],[12.249035973000048,0.56860302900003],[12.254000982000036,0.58393661100007],[12.248930235000046,0.581477684000049],[12.247819990000039,0.591371022000033],[12.235360024000045,0.586476024000035],[12.237356376000037,0.599107650000064],[12.245085256000038,0.605582712000057],[12.241241269000056,0.610674624000069],[12.239417905000039,0.606049970000072],[12.232878980000066,0.608643027000028],[12.231571032000033,0.624955987000021],[12.223089576000064,0.631815371000073],[12.222138013000063,0.644100971000057],[12.230010030000074,0.646492040000055],[12.231322327000044,0.662721693000037],[12.215902328000027,0.668530721000025],[12.214938029000052,0.664953997000055],[12.205730986000049,0.672855008000056],[12.18781296900005,0.671624021000071],[12.18963698300007,0.677208044000054],[12.182978020000064,0.675693014000046],[12.182502012000043,0.679362032000029],[12.186704018000057,0.694679008000037],[12.17402009600005,0.695237959000053],[12.163160997000034,0.714622960000042],[12.17259497300006,0.72028597000002],[12.172039969000025,0.728582969000058],[12.167046024000058,0.731535041000029],[12.173975993000056,0.738237971000046],[12.171406932000025,0.749881964000053],[12.182346954000025,0.759055014000069],[12.17664996800005,0.763348024000038],[12.185281001000021,0.77756297000002],[12.180762965000042,0.782509016000063],[12.18520200200004,0.780992992000051],[12.187500981000028,0.788092991000042],[12.181477653000059,0.793277001000035],[12.196935359000065,0.797423682000044],[12.189483971000072,0.801813966000054],[12.187105969000072,0.81409800900002],[12.191204028000072,0.821481036000023],[12.188533991000043,0.831250019000038],[12.19736834300005,0.835788829000023],[12.19384638400004,0.837390768000034],[12.19410997600005,0.851716956000075],[12.20764101900005,0.864194003000023],[12.202289019000034,0.871462992000033],[12.210336977000054,0.877835026000071],[12.208910999000068,0.888444987000071],[12.21263701600003,0.890677989000039],[12.208911982000075,0.899294028000043],[12.21319303100006,0.900171995000051],[12.213654014000042,0.91167697700007],[12.218664001000036,0.915488037000046],[12.21668302200004,0.924742038000034],[12.225483014000076,0.924182029000065],[12.226764007000043,0.925915041000053],[12.227686987000027,0.937229029000036],[12.212247986000023,0.956592014000023],[12.22271003700007,0.955932029000053],[12.216996036000069,0.960068037000042],[12.221601,0.970689999000058],[12.24229301500003,0.97635196400006],[12.246634003000054,0.989783013000022],[12.246135012000025,1.000992966000069],[12.241061982000076,1.005940979000059],[12.266748019000033,1.034742964000031],[12.263816033000069,1.046153011000058],[12.273328925000044,1.058519973000045],[12.278640007000035,1.056844030000036],[12.274043014000029,1.065142995000031],[12.284408997000071,1.073352043000057],[12.282843981000042,1.07902596200006],[12.289977972000031,1.079903045000037],[12.287678977000041,1.088445037000042],[12.298460985000077,1.092588998000053],[12.295451988000025,1.121313970000074],[12.309007977000022,1.123706040000059],[12.323016015000064,1.136891014000071],[12.322486965000053,1.15210995800004],[12.332635978000042,1.165035034000027],[12.327943025000025,1.168293972000072],[12.342447929000059,1.180393990000027],[12.342073891000041,1.203493035000065],[12.34548396300005,1.215540988000043],[12.353471002000049,1.218040962000032],[12.352942017000032,1.23219098200002],[12.360999969000034,1.24728198400004],[13.167929001000061,1.216983029000062],[13.20124105800005,1.217840026000033],[13.214627026000073,1.225401035000061],[13.244597965000025,1.223085010000034],[13.255142056000068,1.228504996000026],[13.259417024000072,1.220126941000046],[13.262907994000045,1.228101968000033],[13.271706057000074,1.227698953000072],[13.276695004000032,1.22043704500004],[13.280212908000067,1.226970047000066],[13.289618970000049,1.229764026000055],[13.290691977000051,1.22532594200004],[13.298494971000025,1.229680046000055],[13.299917965000077,1.221462935000034],[13.308299714000043,1.219178689000046],[13.314361794000035,1.226762362000045],[13.313854700000036,1.238008752000042],[13.324412934000065,1.237590717000046],[13.324725440000066,1.247701710000058],[13.319497865000073,1.248426557000073],[13.323093627000048,1.264210502000026],[13.330062062000025,1.259873535000054],[13.33662376600006,1.262036893000072],[13.336006101000066,1.256981612000061],[13.343794745000025,1.253160089000062],[13.350361176000035,1.26460910000003],[13.370246632000033,1.262431924000055],[13.375272315000075,1.267897495000057],[13.368609444000072,1.268004129000076],[13.364923842000053,1.27708537500007],[13.368667490000064,1.280900762000044],[13.369792167000071,1.275432040000055],[13.374609689000067,1.274810321000075],[13.37482221700003,1.288738576000071],[13.398085330000072,1.277376927000034],[13.401678463000053,1.287382672000035],[13.413570858000071,1.290368020000074],[13.414907466000045,1.297589214000027],[13.421157234000077,1.291911262000042],[13.43909979700004,1.299019798000074],[13.437964445000034,1.285195702000067],[13.441043535000063,1.292209532000072],[13.446784241000046,1.292928391000032],[13.452519754000036,1.284361987000068],[13.467070873000068,1.276512895000053],[13.475476736000076,1.277642866000065],[13.477009561000045,1.269285430000025],[13.496071787000062,1.26349693100002],[13.498744249000026,1.27649445000003],[13.499457287000041,1.268653379000057],[13.505300996000074,1.270610108000028],[13.512778928000046,1.26255879200005],[13.516163412000026,1.265961305000076],[13.511554228000023,1.271844408000049],[13.528826786000025,1.273587990000067],[13.539491863000023,1.282144386000027],[13.54848677800004,1.277446617000066],[13.552029076000053,1.282102996000049],[13.554928506000067,1.274062938000043],[13.561918929000058,1.277621145000069],[13.57118004800003,1.284009606000041],[13.571001661000025,1.289125084000034],[13.578081014000077,1.289759976000028],[13.576905636000049,1.296976954000058],[13.59043362500006,1.30546352600004],[13.589351536000038,1.316334102000042],[13.592526003000046,1.313135069000055],[13.607504557000027,1.319062709000036],[13.604693648000023,1.322992358000022],[13.610415275000037,1.329108579000035],[13.635917039000049,1.328178363000063],[13.63329363300005,1.341150570000025],[13.638923508000062,1.345531193000056],[13.653986663000069,1.342324035000047],[13.663703525000074,1.351268896000022],[13.671597596000026,1.348888530000067],[13.677952814000037,1.352446456000052],[13.688565875000052,1.344949150000048],[13.691020990000027,1.35179796400007],[13.696279602000061,1.344669809000038],[13.726135036000073,1.357523996000054]]]}},{"type":"Feature","properties":{"PolyCode":"0602","PolyLabel":"LOPE","PolyLongitude":11.897822662,"PolyLatitude":-0.14535837},"geometry":{"type":"Polygon","coordinates":[[[11.881425215000036,0.587292900000023],[11.909246113000052,0.578516790000037],[11.916776221000077,0.550110733000054],[11.933183089000067,0.533992828000066],[11.946896139000046,0.509976034000033],[11.946104243000036,0.474467831000027],[11.940952214000049,0.461461771000074],[11.932075127000076,0.457870736000075],[11.93136121200007,0.447497755000029],[11.905696137000064,0.426347753000073],[11.890325992000044,0.399095035000073],[11.881428167000024,0.388690853000071],[11.864467210000043,0.383104770000045],[11.862499124000067,0.374205740000036],[11.851944049000053,0.363503730000048],[11.860480972000062,0.332247783000071],[11.858999167000036,0.311080699000058],[11.882690155000034,0.264536698000029],[11.887769992000074,0.245332698000027],[11.874425038000027,0.24101274800006],[11.862021023000068,0.221570995000036],[11.861332005000065,0.208733678000044],[11.86465499700006,0.204018676000032],[11.891892036000058,0.200010740000039],[11.889197077000063,0.192988735000029],[11.908933082000033,0.181179723000071],[11.914797991000057,0.168253691000075],[11.910927125000057,0.166566696000075],[11.927003928000033,0.156364646000043],[11.925604963000069,0.138035961000071],[11.905207983000025,0.139290042000027],[11.901191035000068,0.128250716000025],[11.903721029000053,0.11804397100002],[11.909326960000044,0.114737963000039],[11.919181003000062,0.118413739000061],[11.933265950000077,0.099552703000029],[11.927242013000068,0.09827565400002],[11.924151034000033,0.088303],[11.911885017000031,0.078292656000031],[11.92177308500004,0.06572065000006],[11.916224974000045,0.063007637000055],[11.919871016000059,0.052395682000054],[11.925974015000065,0.051597696000044],[11.928000079000071,0.044050611000046],[11.939213984000048,0.044373631000042],[11.936594014000036,0.035082029000023],[11.943733031000022,0.028803664000066],[11.943331213000022,0.017925984000044],[11.961534006000022,0.011839978000069],[11.977360027000032,0.015270023000028],[12.00026403000004,0.003084958000045],[12.093392077000033,-0.000244294999959],[12.111385979000033,0.015200545000027],[12.124196004000055,0.036684569000045],[12.140324040000053,0.038468572000056],[12.149344005000046,0.031327627000053],[12.16504704600004,0.035209537000071],[12.182886001000043,0.030517542000041],[12.192398059000027,0.021024621000038],[12.19556902000005,0.032432521000032],[12.223812075000069,0.03714953900004],[12.227258921000043,0.05191226900007],[12.221094161000053,0.06415361400002],[12.230765158000054,0.075960528000053],[12.221592668000028,0.091018016000021],[12.224804083000038,0.096211594000067],[12.242100047000065,0.07755703700002],[12.23369877600004,0.060701667000046],[12.240686051000068,0.051418955000031],[12.261671995000029,0.055443980000064],[12.261511984000038,0.063987993000069],[12.251057065000055,0.077796013000068],[12.258745992000058,0.081944025000041],[12.301973992000057,0.064806992000058],[12.311371008000037,0.074536995000074],[12.318508011000063,0.106609985000034],[12.327867998000045,0.112415995000049],[12.325886019000052,0.121910022000066],[12.345861981000041,0.127334079000036],[12.35569102900007,0.124015997000072],[12.358708032000038,0.138301020000029],[12.369347978000064,0.149625955000033],[12.364640044000055,0.18631404000007],[12.355851029000064,0.194420999000045],[12.365294046000031,0.205093059000035],[12.359257971000034,0.230429059000073],[12.366239996000047,0.238750970000069],[12.389462004000052,0.245793044000038],[12.394138973000054,0.25393004600005],[12.41617494600007,0.251091012000074],[12.423235005000038,0.257034071000021],[12.439409949000037,0.251607014000058],[12.444116015000077,0.242959966000058],[12.458633010000028,0.24139],[12.465439013000037,0.242918984000028],[12.471304962000033,0.252930013000025],[12.485613046000026,0.248542056000019],[12.500118992000068,0.258744045000071],[12.504279999000062,0.24690593300005],[12.520108054000048,0.249386985000058],[12.523660968000058,0.25460294200002],[12.559092945000032,0.252648042000033],[12.564778055000033,0.263818959000048],[12.558781966000026,0.275655977000042],[12.606020024000031,0.291094032000046],[12.482339996000064,-0.429162972999961],[12.188811963000035,-0.546500958999957],[11.56779496300004,-0.761599014999945],[11.529755033000072,-0.690103034999936],[11.51482795000004,-0.595585024999934],[11.507647034000058,-0.574717998999972],[11.48770999800007,-0.547215964999964],[11.43626901700003,-0.507289025999967],[11.406951974000037,-0.421756978999952],[11.416911971000047,-0.385982966999961],[11.373392969000065,-0.311282973999937],[11.337411005000035,-0.274184979999973],[11.334656020000068,-0.258585975999949],[11.323129007000034,-0.249235986999963],[11.327011982000045,-0.240853969999932],[11.336031983000055,-0.24203296099995],[11.338643925000042,-0.236833015999935],[11.336580034000065,-0.205405009999936],[11.340682977000029,-0.191887986999973],[11.336231031000068,-0.182508021999979],[11.341158963000055,-0.176404997999953],[11.328954022000062,-0.161404041999958],[11.333532019000074,-0.148259032999931],[11.322708894000073,-0.127643983999974],[11.324357984000073,-0.120552963999955],[11.314212972000064,-0.117635030999963],[11.300424020000037,-0.100604967999971],[11.288451989000066,-0.109479978999957],[11.271614973000055,-0.108436984999969],[11.250494971000023,-0.087997991999941],[11.264312033000067,-0.074564957999939],[11.273320021000075,-0.048903010999936],[11.299553095000022,-0.011536],[11.303163967000046,-0.001287978999926],[11.297078906000024,0.006886972000075],[11.304766090000044,0.013827965000075],[11.302944012000069,0.017497977000062],[11.309243971000058,0.01434696900003],[11.313011002000053,0.023006037000073],[11.323122073000036,0.017533959000048],[11.32727397800005,0.025795988000027],[11.324521029000039,0.034582040000032],[11.344248962000052,0.03427004100007],[11.339026993000061,0.038719988000025],[11.340034020000076,0.043987003000041],[11.343600025000057,0.041832998000075],[11.347324913000023,0.046621028000061],[11.345660026000076,0.051009045000058],[11.355329019000067,0.048933973000032],[11.356913982000037,0.041275039000027],[11.362304036000069,0.045185016000062],[11.368763927000032,0.040977014000021],[11.366979019000041,0.051247955000065],[11.374483070000053,0.052542992000042],[11.368160012000033,0.057650956000032],[11.37593496900007,0.059146983000062],[11.372288974000071,0.061940014000072],[11.40272297100006,0.053402995000056],[11.39582802800004,0.061222029000021],[11.40212090600005,0.067729961000055],[11.401400029000058,0.064728015000071],[11.414550986000052,0.062978958000031],[11.415323967000063,0.071276033000061],[11.42601998300006,0.074026035000031],[11.426037069000074,0.086844993000057],[11.434377052000059,0.082664960000045],[11.439298030000032,0.091980965000062],[11.440971994000051,0.083700982000039],[11.448781002000032,0.084443963000069],[11.451066964000063,0.095771027000069],[11.457512,0.093437956000059],[11.464728009000055,0.10329095700007],[11.467829969000036,0.100119987000028],[11.471785977000025,0.10358504200002],[11.474844027000074,0.098644032000038],[11.471792031000064,0.104906981000056],[11.480198980000068,0.106646042000023],[11.482927026000027,0.112926013000049],[11.496067021000044,0.105538010000032],[11.506832024000062,0.108042963000059],[11.512053981000065,0.102913004000072],[11.516184013000043,0.127662039000029],[11.543873981000047,0.140613985000073],[11.536633988000062,0.16226699300006],[11.541258008000057,0.170535026000039],[11.548074001000032,0.170215984000038],[11.553573966000044,0.19088004200006],[11.586948006000057,0.217038977000072],[11.578902982000045,0.237719033000076],[11.565507986000057,0.250645033000069],[11.45403397800004,0.314935991000027],[11.456877993000035,0.342084980000038],[11.472697990000029,0.351102007000065],[11.470007027000065,0.355750030000024],[11.478796009000064,0.368490004000023],[11.879204892000075,0.632045430000062],[11.886133963000077,0.611124967000023],[11.879681030000029,0.602694022000037],[11.881425215000036,0.587292900000023]]]}},{"type":"Feature","properties":{"PolyCode":"0603","PolyLabel":"ZADIE","PolyLongitude":13.957781786,"PolyLatitude":0.889713527},"geometry":{"type":"Polygon","coordinates":[[[13.804239979000045,1.437298012000042],[13.811940974000038,1.43673098000005],[13.814125015000059,1.428022980000037],[13.82848393200004,1.430977990000031],[13.83608608700007,1.425149999000041],[13.852508003000025,1.433811007000031],[13.856925019000073,1.431976044000066],[13.855818973000055,1.427367029000038],[13.868851026000073,1.42612697800007],[13.860889026000052,1.425689035000062],[13.864998978000074,1.422084998000059],[13.875713020000035,1.432934041000067],[13.877204088000042,1.427745986000048],[13.899642971000048,1.432914011000037],[13.910711990000038,1.42856600500005],[13.911997,1.423733042000038],[13.915313965000053,1.426756974000057],[13.921611101000053,1.41901698700002],[13.93592697500003,1.422599004000062],[13.939249977000031,1.417967970000063],[13.963099027000055,1.416991025000073],[13.96753990600007,1.421850962000065],[13.979102032000071,1.413867018000076],[13.999312022000026,1.420946977000028],[14.000192967000032,1.432669028000021],[14.009418972000049,1.435716995000064],[14.02419799300003,1.429060024000023],[14.024657985000033,1.411995030000071],[14.038272993000021,1.396592032000058],[14.047385026000029,1.397381986000028],[14.050857902000075,1.382069030000025],[14.05904901200006,1.378358031000062],[14.08397399300003,1.379967004000036],[14.099022020000064,1.374530998000068],[14.122509992000062,1.396099997000022],[14.134763995000071,1.398869980000029],[14.157963016000053,1.390941961000067],[14.18772100600006,1.401611965000029],[14.206859026000075,1.38727003200006],[14.211521966000078,1.375624960000039],[14.226874954000039,1.370710966000047],[14.241432020000047,1.373272984000039],[14.251515045000076,1.361793987000055],[14.262608028000045,1.364095985000063],[14.286235909000027,1.353028031000065],[14.298788973000057,1.341019996000057],[14.30866502300006,1.314221977000045],[14.320306020000032,1.309428043000025],[14.314820925000049,1.291448971000023],[14.318701013000066,1.281474983000066],[14.313336958000036,1.265143024000054],[14.315348,1.257611027000053],[14.308445965000033,1.234335987000065],[14.343779961000052,1.213979986000027],[14.347969031000048,1.196713960000068],[14.358768970000028,1.182311963000075],[14.358751107000046,1.160787009000046],[14.395532952000053,1.126209006000067],[14.399979021000036,1.115628969000056],[14.418343985000035,1.103417040000068],[14.416440055000066,1.074777977000053],[14.431918004000067,1.055665026000042],[14.454357986000048,0.982764001000021],[14.491761011000051,0.961992043000066],[14.497531997000067,0.950730017000069],[14.524584016000063,0.944616994000057],[14.528972990000057,0.93801996600007],[14.523395082000036,0.919059042000072],[14.509584905000054,0.907859965000057],[14.513007966000032,0.898598029000027],[14.477448034000076,0.887853981000035],[14.493017920000057,0.875446980000049],[14.494252979000066,0.867310025000052],[14.504143026000065,0.861958024000046],[14.50225100700004,0.849414970000055],[14.507070006000049,0.83309996600002],[14.487091029000055,0.828568976000042],[14.473326977000056,0.794169013000044],[14.461925989000065,0.798459974000025],[14.439815030000034,0.787175029000025],[14.426644035000038,0.766154978000031],[14.41572002600003,0.76412001500006],[14.420221967000032,0.750018043000068],[14.40823198000004,0.74338003400004],[14.407722073000059,0.735194038000031],[14.397930019000057,0.736057003000042],[14.379636954000034,0.713261011000043],[14.377929004000066,0.70507499200005],[14.363672033000057,0.702051958000027],[14.355955003000076,0.675225019000038],[14.367164024000033,0.66318602900003],[14.375446965000037,0.640851025000075],[14.356551996000064,0.631630001000076],[14.345097906000035,0.611175002000039],[14.335753969000052,0.614049992000048],[14.31705897200004,0.604011977000027],[14.318300019000048,0.595994005000023],[14.284548026000039,0.582796039000073],[14.283348989000046,0.57096195500003],[14.271264020000046,0.558107971000027],[14.273970964000057,0.545148986000072],[14.26962399000007,0.539229],[14.251298987000041,0.539459013000055],[14.238226965000024,0.55043898100007],[14.229755978000071,0.537234023000053],[14.21744097900006,0.530487029000028],[14.20579796800007,0.53344299400004],[14.193438,0.547614035000038],[14.171908011000028,0.539057008000043],[14.134240977000047,0.55819698800002],[14.123865022000075,0.55346097100005],[14.111429008000073,0.556260027000064],[14.096065020000026,0.542876967000041],[14.092682094000054,0.530869043000052],[14.078263975000027,0.51778297200002],[14.061032027000067,0.488812007000035],[14.086917977000041,0.468048980000049],[14.082765022000046,0.461154025000042],[14.074854027000072,0.459203007000042],[14.073392009000031,0.445685034000064],[14.065788962000056,0.434392992000028],[14.067506980000076,0.424369025000033],[14.023358009000049,0.393923015000041],[13.999961018000022,0.388513971000066],[13.985221009000043,0.37848496700002],[13.99071400400004,0.361039985000048],[13.956114006000064,0.340590021000025],[13.944775031000063,0.317122011000038],[13.94528096700003,0.307164020000073],[13.938580972000068,0.304591033000065],[13.942065023000055,0.293905019000022],[13.932078109000031,0.295221040000058],[13.935815988000058,0.284194959000047],[13.928734973000076,0.27899300100006],[13.909902964000025,0.285617021000064],[13.884081939000055,0.304839980000054],[13.860424030000047,0.31548697900007],[13.859054014000037,0.333555018000027],[13.83434498500003,0.367772978000062],[13.812559993000036,0.370248975000038],[13.804085027000042,0.377190010000049],[13.771801001000028,0.378071959000067],[13.732551027000056,0.392198025000027],[13.716858010000067,0.392999002000067],[13.696823890000076,0.407279975000051],[13.641411984000058,0.470392958000048],[13.602798979000056,0.483307957000022],[13.585763978000045,0.48419203800006],[13.55431304700005,0.500711007000064],[13.549323983000022,0.512516968000057],[13.552489024000067,0.52203800500007],[13.545841989000053,0.529905964000022],[13.544024026000045,0.54705496400004],[13.527743195000028,0.586722958000053],[13.51157293600005,0.597841045000052],[13.497051990000045,0.599473007000029],[13.486358001000042,0.610244016000024],[13.459341054000049,0.618308042000024],[13.452766058000066,0.623973017000026],[13.454327978000038,0.628057003000038],[13.429633026000033,0.640570991000061],[13.420365943000036,0.653097021000065],[13.419022064000046,0.665541003000044],[13.408155992000047,0.670779005000043],[13.398975073000031,0.665866058000063],[13.390263007000044,0.683019033000051],[13.467994279000038,0.82865307700007],[13.475860994000072,0.836291030000041],[13.729856988000051,1.365678990000049],[13.736754019000045,1.370596036000052],[13.746574964000047,1.363251013000024],[13.740389979000042,1.357593002000044],[13.751959892000059,1.358062959000051],[13.759638033000044,1.347370998000031],[13.766700022000066,1.360206020000021],[13.774780995000071,1.35796700100002],[13.78579998300006,1.363541019000024],[13.784978034000062,1.374033992000022],[13.791019904000052,1.374899002000063],[13.784543979000034,1.379652039000064],[13.782882983000036,1.382923971000025],[13.788034968000034,1.385711024000045],[13.78220996400006,1.391539034000061],[13.800166989000047,1.396149021000042],[13.795933993000062,1.405164028000058],[13.81086700700007,1.410857036000039],[13.806646011000055,1.41456303800004],[13.80763700500006,1.422940002000075],[13.799994990000073,1.419467972000064],[13.804239979000045,1.437298012000042]]]}},{"type":"Feature","properties":{"PolyCode":"0604","PolyLabel":"MVOUNG","PolyLongitude":12.16145443,"PolyLatitude":0.367091088},"geometry":{"type":"Polygon","coordinates":[[[12.19410997600005,0.851716956000075],[12.19736834300005,0.835788829000023],[12.188533991000043,0.831250019000038],[12.191204028000072,0.821481036000023],[12.187105969000072,0.81409800900002],[12.189483971000072,0.801813966000054],[12.196935359000065,0.797423682000044],[12.181477653000059,0.793277001000035],[12.187500981000028,0.788092991000042],[12.18520200200004,0.780992992000051],[12.180762965000042,0.782509016000063],[12.185281001000021,0.77756297000002],[12.17664996800005,0.763348024000038],[12.182346954000025,0.759055014000069],[12.171406932000025,0.749881964000053],[12.173975993000056,0.738237971000046],[12.167046024000058,0.731535041000029],[12.172039969000025,0.728582969000058],[12.17259497300006,0.72028597000002],[12.163018974000067,0.713751982000076],[12.168630011000062,0.702657029000022],[12.174042026000052,0.701123993000067],[12.17402009600005,0.695237959000053],[12.186704018000057,0.694679008000037],[12.182502012000043,0.679362032000029],[12.182978020000064,0.675693014000046],[12.18963698300007,0.677208044000054],[12.18781296900005,0.671624021000071],[12.205730986000049,0.672855008000056],[12.214938029000052,0.664953997000055],[12.215902328000027,0.668530721000025],[12.231322327000044,0.662721693000037],[12.230010030000074,0.646492040000055],[12.222138013000063,0.644100971000057],[12.223089576000064,0.631815371000073],[12.231571032000033,0.624955987000021],[12.232878980000066,0.608643027000028],[12.239417905000039,0.606049970000072],[12.241241269000056,0.610674624000069],[12.245085256000038,0.605582712000057],[12.237356376000037,0.599107650000064],[12.235360024000045,0.586476024000035],[12.247819990000039,0.591371022000033],[12.248930235000046,0.581477684000049],[12.254000982000036,0.58393661100007],[12.249035973000048,0.56860302900003],[12.234183977000043,0.565285988000028],[12.233549020000055,0.557467994000035],[12.21983999500003,0.550316963000057],[12.228554988000042,0.543428025000026],[12.223728985000037,0.539519963000032],[12.222529965000035,0.525480014000038],[12.273264106000056,0.534731031000035],[12.28199601700004,0.543686981000064],[12.29371610100003,0.543105979000075],[12.320351970000047,0.554911024000035],[12.47268497600004,0.517537019000031],[12.486737033000054,0.500640991000068],[12.485938002000069,0.480472020000036],[12.523832971000047,0.453742962000035],[12.52691790700004,0.439867038000045],[12.535714015000053,0.429632002000062],[12.540816020000022,0.386358977000043],[12.560610994000058,0.365524985000036],[12.573333019000074,0.365008973000045],[12.588427015000036,0.348607979000064],[12.575285974000053,0.338729023000042],[12.574157022000065,0.324120039000036],[12.55869997800005,0.307928032000063],[12.558937009000033,0.29596297300003],[12.552436983000064,0.293409974000042],[12.55452697000004,0.278973981000036],[12.564520019000042,0.264998049000042],[12.56376999400004,0.256476022000072],[12.55855600500007,0.252581027000076],[12.523660968000058,0.25460294200002],[12.520108054000048,0.249386985000058],[12.504279999000062,0.24690593300005],[12.50005806200005,0.258736990000045],[12.485613046000026,0.248542056000019],[12.471304962000033,0.252930013000025],[12.465439013000037,0.242918984000028],[12.458633010000028,0.24139],[12.444116015000077,0.242959966000058],[12.439409949000037,0.251607014000058],[12.422358002000067,0.256960005000053],[12.41617494600007,0.251091012000074],[12.394138973000054,0.25393004600005],[12.389462004000052,0.245793044000038],[12.366239996000047,0.238750970000069],[12.359257971000034,0.230429059000073],[12.365294046000031,0.205093059000035],[12.355851029000064,0.194420999000045],[12.364640044000055,0.18631404000007],[12.369347978000064,0.149625955000033],[12.358708032000038,0.138301020000029],[12.35569102900007,0.124015997000072],[12.345861981000041,0.127334079000036],[12.325886019000052,0.121910022000066],[12.327867998000045,0.112415995000049],[12.318508011000063,0.106609985000034],[12.311371008000037,0.074536995000074],[12.301154050000036,0.064473970000051],[12.258745992000058,0.081944025000041],[12.251057065000055,0.077796013000068],[12.261511984000038,0.063987993000069],[12.261671995000029,0.055443980000064],[12.240686051000068,0.051418955000031],[12.23369877600004,0.060701667000046],[12.242100047000065,0.07755703700002],[12.224804083000038,0.096211594000067],[12.221592668000028,0.091018016000021],[12.230765158000054,0.075960528000053],[12.221094161000053,0.06415361400002],[12.227258921000043,0.05191226900007],[12.223812075000069,0.03714953900004],[12.19556902000005,0.032432521000032],[12.193218009000077,0.021268575000022],[12.18274602100007,0.030582579000054],[12.16504704600004,0.035209537000071],[12.149344005000046,0.031327627000053],[12.140324040000053,0.038468572000056],[12.123172045000047,0.036330532000022],[12.111385979000033,0.015200545000027],[12.093392077000033,-0.000244294999959],[12.00026403000004,0.003084958000045],[11.977360027000032,0.015270023000028],[11.972511003000022,0.011181017000069],[11.960371918000021,0.01202197300006],[11.941587963000075,0.018962646000034],[11.943733031000022,0.028803664000066],[11.936594014000036,0.035082029000023],[11.939213984000048,0.044373631000042],[11.928000079000071,0.044050611000046],[11.925974015000065,0.051597696000044],[11.919871016000059,0.052395682000054],[11.916224974000045,0.063007637000055],[11.92177308500004,0.06572065000006],[11.911885017000031,0.078292656000031],[11.924151034000033,0.088303],[11.927242013000068,0.09827565400002],[11.933265950000077,0.099552703000029],[11.919181003000062,0.118413739000061],[11.909326960000044,0.114737963000039],[11.903721029000053,0.11804397100002],[11.901244980000058,0.128995700000075],[11.90528701900007,0.13083076700002],[11.905207983000025,0.139290042000027],[11.925604963000069,0.138035961000071],[11.927003928000033,0.156364646000043],[11.910927125000057,0.166566696000075],[11.914797991000057,0.168253691000075],[11.908933082000033,0.181179723000071],[11.889197077000063,0.192988735000029],[11.891892036000058,0.200010740000039],[11.86465499700006,0.204018676000032],[11.861332005000065,0.208733678000044],[11.862021023000068,0.221570995000036],[11.874425038000027,0.24101274800006],[11.887769992000074,0.245332698000027],[11.882690155000034,0.264536698000029],[11.858999167000036,0.311080699000058],[11.860480972000062,0.332247783000071],[11.851944049000053,0.363503730000048],[11.862499124000067,0.374205740000036],[11.864467210000043,0.383104770000045],[11.881428167000024,0.388690853000071],[11.890325992000044,0.399095035000073],[11.905696137000064,0.426347753000073],[11.93136121200007,0.447497755000029],[11.932075127000076,0.457870736000075],[11.940952214000049,0.461461771000074],[11.946104243000036,0.474467831000027],[11.946896139000046,0.509976034000033],[11.933183089000067,0.533992828000066],[11.916776221000077,0.550110733000054],[11.909246113000052,0.578516790000037],[11.880974258000037,0.588020777000054],[11.879681030000029,0.602694022000037],[11.886133963000077,0.611124967000023],[11.879204210000069,0.632055770000022],[12.19410997600005,0.851716956000075]]]}},{"type":"Feature","properties":{"PolyCode":"0701","PolyLabel":"LOLO-BOUENGUIDI","PolyLongitude":12.324651256,"PolyLatitude":-1.175949514},"geometry":{"type":"Polygon","coordinates":[[[12.29111698500003,-0.517565029999957],[12.323469961000058,-0.516685965999955],[12.339148008000052,-0.50982301199997],[12.344458969000073,-0.514211959999955],[12.337643999000022,-0.54469202599995],[12.32317901700003,-0.53527700799998],[12.316797983000072,-0.535916033999968],[12.308000969000034,-0.554229032999956],[12.295636915000046,-0.552074975999972],[12.296192004000034,-0.564681983999947],[12.287195894000035,-0.571743961999971],[12.293616978000045,-0.576490992999936],[12.308319075000043,-0.565000015999942],[12.315968027000054,-0.579442000999961],[12.320645020000029,-0.578484018999973],[12.32167503200003,-0.570784040999968],[12.334594991000074,-0.592048003999935],[12.346483979000027,-0.584027979999973],[12.35221499000005,-0.597639969999932],[12.364991987000053,-0.598150007999948],[12.363323015000049,-0.607690989999981],[12.352350931000046,-0.613031969999952],[12.368442015000028,-0.622606025999971],[12.36578802400004,-0.638125010999943],[12.36983002200003,-0.642472962999932],[12.392538036000076,-0.636526992999961],[12.397887997000055,-0.627031969999962],[12.402887011000075,-0.635422036999955],[12.426321976000054,-0.640973991999942],[12.443299016000026,-0.629646970999943],[12.469303001000071,-0.640670000999933],[12.486423993000074,-0.654591023999956],[12.49078496800007,-0.667636019999975],[12.501737909000042,-0.674137979999955],[12.510403970000027,-0.689057957999978],[12.508818943000051,-0.696198964999951],[12.528436917000022,-0.702579989999947],[12.541874998000026,-0.726554971999974],[12.539501962000031,-0.773031997999965],[12.533995018000041,-0.782488042999944],[12.52507797000004,-0.782687986999974],[12.519645020000041,-0.788598000999968],[12.520602970000027,-0.81185196399997],[12.497106014000053,-0.842414029999929],[12.499049071000059,-0.853464005999967],[12.490016999000034,-0.882268993999958],[12.500560987000028,-0.896709987999941],[12.496322891000034,-0.921166007999943],[12.516697994000026,-0.946974037999951],[12.512854964000041,-0.953756977999944],[12.512814098000035,-0.947014959999933],[12.507119018000026,-0.94401301399995],[12.503857951000043,-0.951285023999958],[12.487847969000029,-0.962297960999933],[12.497956015000057,-0.971313011999939],[12.49435898400003,-0.974544997999942],[12.504735900000071,-0.991977051999925],[12.50093115900006,-0.991937744999973],[12.499029249000046,-0.995488686999977],[12.511321468000062,-1.007007965999946],[12.531023127000026,-1.012351054999954],[12.531141887000047,-1.029265825999971],[12.538515356000062,-1.038918897999963],[12.535266318000026,-1.044424900999957],[12.543114743000046,-1.050088539999933],[12.54494102700005,-1.067960747999962],[12.539234532000023,-1.072429917999955],[12.543120534000025,-1.083120815999962],[12.539158087000033,-1.08862697099994],[12.547005599000045,-1.088386216999936],[12.550257412000065,-1.098279335999962],[12.570392966000043,-1.104977691999977],[12.583630783000046,-1.104257023999935],[12.58504269100007,-1.10982355799996],[12.589061607000076,-1.102949039999942],[12.599008429000037,-1.102817788999971],[12.651725432000035,-1.120200068999964],[12.651089776000049,-1.11349815799997],[12.658381054000074,-1.107273136999936],[12.681527129000074,-1.107347647999973],[12.68723691200006,-1.118197347999967],[12.701662732000045,-1.114842830999976],[12.710621201000038,-1.120425703999956],[12.714586834000045,-1.129839391999951],[12.731471431000045,-1.132308615999932],[12.732821046000026,-1.141004835999979],[12.743840488000046,-1.145868835999977],[12.748322097000027,-1.157795576999945],[12.726574434000042,-1.201084783999931],[12.729903463000028,-1.199966961999962],[12.728675793000036,-1.203956545999972],[12.750638197000058,-1.221782530999974],[12.752027738000038,-1.229960038999934],[12.756110127000056,-1.23014176099997],[12.753693732000045,-1.234666940999944],[12.75852997800007,-1.237856864999969],[12.762729943000068,-1.233188264999967],[12.773909008000032,-1.240285932999939],[12.787200042000052,-1.285160599999926],[12.791045630000042,-1.288510323999958],[12.804718404000027,-1.28383867499997],[12.820255755000062,-1.285549084999957],[12.83254037200004,-1.278843133999942],[12.853112414000066,-1.284101996999937],[12.852500674000055,-1.373157960999947],[12.431350964000046,-1.395942022999975],[12.43897547000006,-1.410992819999933],[12.44848855500004,-1.40795897299995],[12.460739328000045,-1.419166913999959],[12.472241645000054,-1.452356864999956],[12.48552468500003,-1.468710624999972],[12.48334862300004,-1.487661011999933],[12.487434927000038,-1.502740157999938],[12.483996947000037,-1.510716430999935],[12.488549484000032,-1.523604732999956],[12.505319764000035,-1.531699329999981],[12.509840922000024,-1.540235601999939],[12.51404231600003,-1.537561685999947],[12.51578796900003,-1.543585348999954],[12.538068321000026,-1.550481403999925],[12.53810975600004,-1.557502758999931],[12.545007981000026,-1.559894641999961],[12.547824940000055,-1.568949839999959],[12.555040040000051,-1.569985114999952],[12.556274466000048,-1.590809391999926],[12.550330603000077,-1.600146231999929],[12.557629991000056,-1.619333152999957],[12.552639587000044,-1.635850654999956],[12.559262531000059,-1.645064270999967],[12.570601770000053,-1.649529153999936],[12.57544305600004,-1.66620336099993],[12.569878169000049,-1.682999461999941],[12.565835669000023,-1.682865062999952],[12.558987504000072,-1.69567118599997],[12.541436665000049,-1.694936686999938],[12.535159992000047,-1.705273887999965],[12.529465755000047,-1.701642274999926],[12.526686895000068,-1.706560538999952],[12.509248369000034,-1.707073322999975],[12.500054287000069,-1.720719568999925],[12.502924088000043,-1.73148819599993],[12.497761446000027,-1.745853551999971],[12.512435491000076,-1.764599829999952],[12.514107771000056,-1.790370886999938],[12.530609885000047,-1.822041991999924],[12.52688360600007,-1.823878321999928],[12.521079753000038,-1.817170798999939],[12.511816857000042,-1.821010268999942],[12.505952634000039,-1.833937638999942],[12.507304402000045,-1.847341615999937],[12.482140951000076,-1.86760406999997],[12.482555302000037,-1.881352074999938],[12.49388258600004,-1.898071800999958],[12.494982013000026,-1.914394060999939],[12.489161803000059,-1.905432738999934],[12.482659547000026,-1.906551646999958],[12.478533471000048,-1.89729736299995],[12.466068097000061,-1.895004693999965],[12.460271295000041,-1.882323964999955],[12.461351278000052,-1.872336642999926],[12.44967186100007,-1.870496033999927],[12.443952975000059,-1.874327013999959],[12.439034967000055,-1.866987973999926],[12.43216398100003,-1.869260010999938],[12.424165007000056,-1.859505988999956],[12.414136007000025,-1.86683503699993],[12.415241012000024,-1.846567966999942],[12.400301970000044,-1.848358012999938],[12.393404028000077,-1.836325967999926],[12.393029020000029,-1.847444005999932],[12.383138988000042,-1.849549995999951],[12.381722035000053,-1.85756496099998],[12.372857990000057,-1.860906980999971],[12.37082203600005,-1.870914010999968],[12.363478032000046,-1.871463967999944],[12.359581994000052,-1.882007040999952],[12.349111988000061,-1.871795967999958],[12.346335019000037,-1.880049008999947],[12.340713977000064,-1.878929961999972],[12.32928296700004,-1.846585984999933],[12.315022982000073,-1.846753026999977],[12.30860498900006,-1.839291016999937],[12.297752980000041,-1.839554006999947],[12.289473996000027,-1.831972009999959],[12.289367968000022,-1.840228000999957],[12.280275963000065,-1.84388103699996],[12.280864983000072,-1.85643496199998],[12.257595035000065,-1.85639402399994],[12.24646602100006,-1.843747042999951],[12.24642699800006,-1.826232008999966],[12.234047007000072,-1.812944039999934],[12.234593983000025,-1.795374998999932],[12.22371002500006,-1.803287040999976],[12.209852014000035,-1.780058955999948],[12.209060971000042,-1.793941989999951],[12.194311994000032,-1.79538002399994],[12.186541979000026,-1.801764040999956],[12.19029503300004,-1.809347979999927],[12.209042994000072,-1.818285033999928],[12.210760010000058,-1.827933021999968],[12.179550130000052,-1.810193102999961],[12.169017001000043,-1.789798499999961],[12.150695710000036,-1.781641287999946],[12.083213319000038,-1.710169739999969],[12.065427916000033,-1.678799039999944],[12.063468528000044,-1.667164562999972],[12.050591158000032,-1.661659911999948],[12.050306037000041,-1.646898018999934],[12.062198970000054,-1.643226970999933],[12.08254396600006,-1.578976994999948],[12.097875986000076,-1.556293017999963],[12.092561989000046,-1.533233019999955],[12.169273012000076,-1.493772036999928],[12.164192031000027,-1.486455983999974],[12.16217202300004,-1.490142033999973],[12.157177002000026,-1.486193005999951],[12.157465013000035,-1.481301968999958],[12.162092032000032,-1.479889016999948],[12.157946990000028,-1.477093028999946],[12.163122022000039,-1.469515974999979],[12.161297975000025,-1.460219992999953],[12.166604015000075,-1.460698013999945],[12.172511994000047,-1.453715984999974],[12.157925983000041,-1.424273982999978],[12.163107,-1.421065042999942],[12.16307796500007,-1.408634974999927],[12.155665003000024,-1.402092957999969],[12.153841038000053,-1.386573005999935],[12.145912035000038,-1.378635004999978],[12.118416970000055,-1.316945988999976],[12.125571978000039,-1.308604960999958],[12.118953012000077,-1.296210997999935],[12.131319966000035,-1.287512957999979],[12.135045012000035,-1.27163500599994],[12.123297986000068,-1.262406025999951],[12.110229022000055,-1.228069957999935],[12.056004032000033,-1.227033964999976],[12.043002996000041,-1.218576006999967],[12.034758066000052,-1.197192005999966],[12.045459893000043,-1.19432001399997],[12.06575403200003,-1.177962030999936],[12.10182396700003,-1.170380967999961],[12.12120900800005,-1.160066970999935],[12.12774599200003,-1.149633974999972],[12.154381019000027,-1.135988021999935],[12.170266912000045,-1.093297005999943],[12.160481975000039,-1.086037977999979],[12.16503009400003,-1.081471974999943],[12.164681016000031,-1.070575991999931],[12.17260944000003,-1.063137249999954],[12.163888968000037,-1.051408008999942],[12.163959036000051,-1.041958],[12.170625982000047,-1.033454964999976],[12.165100018000032,-1.00238401699994],[12.167013002000033,-0.998394985999937],[12.19321203000004,-0.998033987999975],[12.19146397000003,-0.992798978999929],[12.200424009000074,-0.979761956999937],[12.199710026000048,-0.965079972999945],[12.193764981000072,-0.959055995999961],[12.175533027000029,-0.955706024999927],[12.177910036000071,-0.950917988999947],[12.168278017000034,-0.928058012999941],[12.143387003000043,-0.90655598099994],[12.121085014000073,-0.918954012999961],[12.107659019000039,-0.919880969999952],[12.109566931000074,-0.930537967999953],[12.106242017000056,-0.935866011999963],[12.10247602100003,-0.932729981999955],[12.09830200500005,-0.936330003999956],[12.101784972000075,-0.942345026999931],[12.098443016000033,-0.943341025999928],[12.100028983000072,-0.959459037999977],[12.080371036000031,-0.959619030999932],[12.069352004000052,-0.949885022999979],[12.042003971000042,-0.952758027999948],[12.045578990000024,-0.970155989999967],[12.021948967000071,-0.992335025999978],[11.974093004000053,-0.966743985999926],[11.964992018000032,-0.940836027999978],[11.965615030000038,-0.908339],[11.970382019000056,-0.899823022999954],[11.962297001000024,-0.887533982999969],[11.965000965000058,-0.873553000999948],[11.957223976000023,-0.865831000999947],[11.953340022000077,-0.852106022999976],[11.938358900000026,-0.84372800899996],[11.935487031000036,-0.824549984999976],[11.923932010000044,-0.829604012999937],[11.918337928000028,-0.824202956999954],[11.924012050000044,-0.801955975999931],[11.91600603300003,-0.798882988999935],[11.92107997000005,-0.784919996999975],[11.91624402900004,-0.782725024999934],[11.920685005000053,-0.778748008999969],[11.915372010000056,-0.777259025999967],[11.91755196500003,-0.772911012999941],[11.910418996000033,-0.763973967999959],[11.91291900300007,-0.753471984999976],[11.905489012000032,-0.749440002999961],[11.901897967000025,-0.752522972999941],[11.90538600900004,-0.745541957999933],[11.896871025000053,-0.740481020999937],[11.907921980000026,-0.733771986999955],[11.899307965000048,-0.723815027999933],[11.900860956000031,-0.71178995799994],[11.905227971000045,-0.711829035999926],[11.901009031000058,-0.701052022999932],[11.891167017000043,-0.694880006999938],[11.896579968000026,-0.685355004999963],[11.886124989000052,-0.68765104199997],[11.884986970000057,-0.681813990999956],[11.879231014000027,-0.68014397099995],[11.873680985000021,-0.685097018999954],[11.884018102000027,-0.665042000999961],[11.859827695000035,-0.658666961999927],[12.18702498600004,-0.547144957999933],[12.286351062000051,-0.50789296399995],[12.29111698500003,-0.517565029999957]]]}},{"type":"Feature","properties":{"PolyCode":"0702","PolyLabel":"MULUNDU","PolyLongitude":12.937029204,"PolyLatitude":-0.571511018},"geometry":{"type":"Polygon","coordinates":[[[12.741028998000047,0.314384027000074],[12.752131030000044,0.270573033000062],[12.765868012000055,0.275022011000033],[12.766314976000046,0.266985985000019],[12.78258101800003,0.241575992000037],[12.794806993000066,0.234664003000034],[12.802828041000055,0.213310080000042],[12.81256800500006,0.224203999000053],[12.813029001000075,0.239612971000042],[12.817814017000046,0.241785021000055],[12.81899805200004,0.237716996000074],[12.830645964000041,0.23919296300005],[12.845691015000057,0.216502966000064],[12.849831003000077,0.22622996900003],[12.852630032000036,0.217831008000076],[12.880476031000057,0.210872013000028],[12.894452994000062,0.216913041000055],[12.912525967000022,0.238270034000038],[12.927316073000043,0.243466025000032],[12.923747982000066,0.25365903900007],[12.935540998000022,0.266408024000043],[12.948035996000044,0.266423975000066],[12.950572070000021,0.261397997000074],[12.946222013000067,0.251751040000045],[12.948855993000052,0.244866057000024],[12.95580196700007,0.244010026000069],[12.955167059000075,0.234996971000044],[12.968006996000042,0.23818600200002],[12.973237056000073,0.229970973000036],[12.98187702000007,0.233319959000028],[12.985033956000052,0.229039929000066],[12.982113997000056,0.223747991000039],[12.988726976000066,0.220110003000059],[12.996380098000031,0.222551039000052],[13.000286972000026,0.218872993000048],[13.021706068000071,0.228369028000031],[13.029241987000034,0.225601022000035],[13.03787298800006,0.241610926000021],[13.045623080000041,0.242886001000045],[13.060138018000032,0.204512998000041],[13.079236019000064,0.20100098100005],[13.083772992000036,0.18283096600004],[13.076897987000052,0.173827041000038],[13.084205033000046,0.159442029000047],[13.098153985000067,0.146573043000046],[13.100456972000075,0.124798010000063],[13.117305008000073,0.085304002000044],[13.141328070000043,0.088700997000046],[13.14135697000006,0.078620022000052],[13.146508012000027,0.074472010000022],[13.159411035000062,0.07838203600005],[13.161535030000039,0.065204999000059],[13.17362596700002,0.062736999000037],[13.17827098400005,0.066670023000029],[13.180740004000029,0.05907402400004],[13.193122007000056,0.062736013000062],[13.199678027000061,0.054766026000038],[13.204511987000046,0.058834039000033],[13.19912400100003,0.067929001000039],[13.204749978000052,0.069364962000066],[13.217708982000033,0.059098994000067],[13.226869011000076,0.058598963000065],[13.245383023000045,0.042841017000057],[13.257729963000031,0.05439803400003],[13.27321300400007,0.049897888000032],[13.267295431000036,0.000713693000023],[13.246934961000022,-0.02464176999996],[13.231724260000021,-0.065431934999935],[13.220204426000066,-0.081532196999945],[13.22799073300007,-0.129960166999979],[13.239789447000021,-0.154326504999972],[13.234441420000053,-0.18736998199995],[13.264146116000063,-0.222289644999933],[13.299904929000036,-0.227723699999956],[13.305869097000027,-0.232448903999966],[13.307121367000036,-0.260755863999975],[13.319421576000025,-0.277626563999945],[13.327647290000073,-0.280160305999971],[13.551087475000031,-0.737809689999949],[13.565579573000036,-0.760106997999969],[13.27755071300004,-1.190173637999976],[13.265084107000064,-1.178840855999965],[13.249056234000022,-1.177048075999949],[13.223552970000071,-1.158431851999978],[13.211823675000062,-1.143544252999959],[13.202428862000033,-1.145656162999956],[13.185303981000061,-1.13964797899996],[13.175710791000029,-1.119525216999932],[13.15387609100003,-1.12811703999995],[13.160228923000034,-1.131563534999941],[13.150324751000028,-1.139066369999966],[13.158385009000028,-1.140436025999975],[13.153420520000054,-1.15087198699996],[13.162140974000067,-1.156213350999963],[13.161975834000032,-1.176891527999942],[13.15549737400005,-1.185974085999931],[13.161124491000066,-1.189799132999951],[13.16001955300004,-1.200808607999932],[13.163938169000062,-1.198323842999969],[13.167391461000022,-1.202799911999932],[13.16327585700003,-1.216523107999933],[13.16782016600007,-1.225277903999938],[13.163046458000053,-1.23598828799993],[13.167248923000045,-1.239815648999979],[13.166437812000026,-1.252378666999959],[13.163532546000056,-1.259840897999936],[13.157721214000048,-1.260279674999936],[13.157907567000052,-1.265587263999976],[13.163218500000028,-1.266701659999967],[13.16258779900005,-1.274360479999928],[13.144827715000076,-1.285142138999959],[13.13762306600006,-1.280195255999956],[13.137308781000058,-1.286577488999967],[13.126049465000051,-1.277328489999945],[13.127004018000036,-1.284906752999973],[13.123515506000047,-1.282754455999964],[13.118922982000072,-1.293606017999934],[13.10874565000006,-1.293762809999976],[13.10600726000007,-1.303264723999973],[13.11103306800004,-1.318055572999924],[13.102454144000035,-1.334459056999947],[13.093496066000057,-1.331591051999965],[13.096095709000053,-1.336506800999928],[13.091359374000035,-1.339569788999938],[13.078922723000062,-1.33444052699997],[13.065049997000074,-1.355058360999976],[13.046894047000023,-1.345811970999932],[13.034767554000041,-1.349088190999964],[13.028511521000041,-1.363371266999934],[13.02526094600006,-1.361936661999948],[13.025676013000066,-1.370415741999977],[13.014484891000052,-1.37223277399994],[13.016707791000044,-1.380369242999961],[13.010870843000077,-1.377489784999966],[13.00482239300004,-1.387164216999963],[12.997538242000076,-1.383853761999944],[12.990166944000066,-1.385731704999955],[12.989574693000066,-1.391236712999955],[12.979349347000039,-1.391998900999965],[12.972895521000055,-1.408276821999948],[12.957037908000075,-1.399786811999945],[12.945387792000076,-1.406493123999951],[12.941989507000073,-1.431904694999957],[12.945637530000056,-1.435573128999977],[12.94017365700006,-1.449975827999936],[12.903280832000064,-1.471691525999972],[12.904036031000032,-1.477036568999949],[12.887912497000059,-1.499142813999924],[12.896776373000023,-1.529437748999953],[12.89252470300005,-1.533806212999934],[12.89375867700005,-1.546291531999941],[12.88670471100005,-1.550203824999926],[12.884805936000078,-1.559618857999965],[12.875833800000066,-1.556955366999944],[12.874224565000077,-1.565088443999969],[12.865269271000045,-1.572671541999966],[12.872526356000037,-1.580088214999932],[12.87494336800006,-1.577653901999952],[12.874112291000074,-1.581164634999936],[12.849261755000043,-1.589512326999966],[12.83951932900004,-1.611576231999948],[12.84729862000006,-1.63510897599997],[12.831287033000024,-1.643014311999934],[12.823199216000035,-1.640424634999931],[12.823801674000038,-1.659612291999963],[12.816234265000048,-1.66958842799994],[12.809574973000053,-1.670827761999931],[12.801892680000037,-1.69089652599996],[12.795918014000051,-1.619292994999967],[12.816508985000041,-1.60138103099996],[12.825719981000077,-1.599334988999942],[12.830762031000063,-1.590025030999925],[12.824191021000047,-1.564972980999926],[12.802283970000076,-1.521284037999976],[12.822497990000045,-1.467613978999964],[12.855608013000051,-1.417918958999962],[12.851522035000073,-1.376897996999958],[12.853112414000066,-1.284101996999937],[12.83254037200004,-1.278843133999942],[12.820255755000062,-1.285549084999957],[12.804718404000027,-1.28383867499997],[12.791045630000042,-1.288510323999958],[12.787200042000052,-1.285160599999926],[12.773909008000032,-1.240285932999939],[12.762729943000068,-1.233188264999967],[12.75852997800007,-1.237856864999969],[12.753693732000045,-1.234666940999944],[12.756110127000056,-1.23014176099997],[12.752027738000038,-1.229960038999934],[12.750638197000058,-1.221782530999974],[12.728675793000036,-1.203956545999972],[12.729903463000028,-1.199966961999962],[12.726574434000042,-1.201084783999931],[12.748322097000027,-1.157795576999945],[12.743840488000046,-1.145868835999977],[12.732821046000026,-1.141004835999979],[12.731471431000045,-1.132308615999932],[12.714586834000045,-1.129839391999951],[12.710621201000038,-1.120425703999956],[12.701662732000045,-1.114842830999976],[12.68723691200006,-1.118197347999967],[12.681527129000074,-1.107347647999973],[12.658381054000074,-1.107273136999936],[12.651089776000049,-1.11349815799997],[12.651725432000035,-1.120200068999964],[12.599008429000037,-1.102817788999971],[12.589061607000076,-1.102949039999942],[12.58504269100007,-1.10982355799996],[12.583630783000046,-1.104257023999935],[12.570392966000043,-1.104977691999977],[12.550257412000065,-1.098279335999962],[12.547005599000045,-1.088386216999936],[12.539158087000033,-1.08862697099994],[12.543120534000025,-1.083120815999962],[12.539234532000023,-1.072429917999955],[12.54494102700005,-1.067960747999962],[12.543114743000046,-1.050088539999933],[12.535266318000026,-1.044424900999957],[12.538515356000062,-1.038918897999963],[12.531141887000047,-1.029265825999971],[12.531023127000026,-1.012351054999954],[12.511321468000062,-1.007007965999946],[12.499029249000046,-0.995488686999977],[12.504735900000071,-0.991977051999925],[12.49435898400003,-0.974544997999942],[12.497956015000057,-0.971313011999939],[12.487847969000029,-0.962297960999933],[12.503857951000043,-0.951285023999958],[12.507119018000026,-0.94401301399995],[12.512814098000035,-0.947014959999933],[12.512854964000041,-0.953756977999944],[12.516697994000026,-0.946974037999951],[12.496322891000034,-0.921166007999943],[12.500560987000028,-0.896709987999941],[12.490016999000034,-0.882268993999958],[12.499049071000059,-0.853464005999967],[12.497106014000053,-0.842414029999929],[12.520602970000027,-0.81185196399997],[12.519645020000041,-0.788598000999968],[12.52507797000004,-0.782687986999974],[12.533995018000041,-0.782488042999944],[12.539501962000031,-0.773031997999965],[12.538389103000043,-0.744267961999981],[12.543896988000029,-0.73589002999995],[12.537417038000058,-0.717337960999942],[12.527842981000049,-0.702101030999927],[12.508818943000051,-0.696198964999951],[12.510403970000027,-0.689057957999978],[12.501737909000042,-0.674137979999955],[12.49078496800007,-0.667636019999975],[12.486423993000074,-0.654591023999956],[12.471583036000027,-0.641839961999949],[12.444175982000047,-0.629661005999935],[12.426321976000054,-0.640973991999942],[12.402887011000075,-0.635422036999955],[12.397887997000055,-0.627031969999962],[12.392538036000076,-0.636526992999961],[12.370345970000074,-0.642752966999979],[12.36578802400004,-0.638125010999943],[12.368442015000028,-0.622606025999971],[12.352350931000046,-0.613031969999952],[12.363323015000049,-0.607690989999981],[12.364991987000053,-0.598150007999948],[12.35221499000005,-0.597639969999932],[12.346483979000027,-0.584027979999973],[12.334594991000074,-0.592048003999935],[12.32167503200003,-0.570784040999968],[12.320645020000029,-0.578484018999973],[12.315968027000054,-0.579442000999961],[12.308319075000043,-0.565000015999942],[12.293616978000045,-0.576490992999936],[12.287125003000028,-0.570859962999975],[12.296192004000034,-0.564681983999947],[12.295636915000046,-0.552074975999972],[12.308000969000034,-0.554229032999956],[12.316797983000072,-0.535916033999968],[12.32317901700003,-0.53527700799998],[12.337009912000042,-0.545250970999973],[12.33819797700005,-0.531964976999973],[12.345965074000048,-0.519596996999951],[12.339148008000052,-0.50982301199997],[12.323469961000058,-0.516685965999955],[12.29111698500003,-0.517565029999957],[12.286351062000051,-0.50789296399995],[12.482339996000064,-0.429162972999961],[12.606574988000034,0.28997707000002],[12.613176022000061,0.27434600700002],[12.63843902900004,0.266683043000057],[12.640054978000023,0.257714991000057],[12.665297923000026,0.244596026000067],[12.669929025000044,0.247430992000034],[12.67046100400006,0.262214044000075],[12.683619019000048,0.255194046000042],[12.694891961000053,0.265066958000034],[12.710967006000033,0.26676896400005],[12.722603992000074,0.278004973000066],[12.73230002300005,0.277372925000066],[12.734667985000044,0.308634984000037],[12.741028998000047,0.314384027000074]]]}},{"type":"Feature","properties":{"PolyCode":"0703","PolyLabel":"LOMBO-BOUENGUIDI","PolyLongitude":12.681679157,"PolyLatitude":-1.640144734},"geometry":{"type":"Polygon","coordinates":[[[12.857159018000061,-1.407255033999945],[12.852290015000051,-1.42707304299995],[12.842382978000046,-1.432821014999945],[12.839534030000038,-1.446226016999958],[12.822497990000045,-1.467613978999964],[12.811090028000024,-1.504738970999938],[12.803240006000067,-1.515289969999969],[12.80325500300006,-1.526580955999975],[12.824191021000047,-1.564972980999926],[12.830762031000063,-1.590025030999925],[12.825719981000077,-1.599334988999942],[12.816508985000041,-1.60138103099996],[12.795918014000051,-1.619292994999967],[12.799990596000043,-1.692812126999968],[12.805796486000077,-1.71286306899998],[12.801749193000035,-1.727238025999952],[12.787399552000068,-1.730116333999945],[12.788753703000054,-1.745354440999961],[12.768703563000031,-1.768659884999977],[12.768785975000071,-1.776155535999976],[12.780286889000024,-1.785888310999951],[12.78148038200004,-1.795781079999927],[12.792368013000043,-1.80663502699997],[12.795687979000036,-1.830002033999961],[12.818873969000038,-1.833105992999947],[12.82287896500003,-1.820268000999931],[12.834425017000058,-1.825008992999926],[12.855807042000038,-1.865875976999973],[12.869814015000031,-1.875731996999946],[12.865647009000043,-1.882067010999947],[12.880396585000028,-1.884612880999953],[12.913680033000048,-1.96402898599996],[12.92391002200003,-2.002997966999942],[12.937412001000041,-2.015392037999959],[12.93472097700004,-2.023690968999972],[12.944270981000045,-2.036048995999977],[12.928303972000037,-2.035102987999949],[12.919169024000041,-2.046203027999979],[12.903975993000074,-2.04790497099998],[12.888985964000028,-2.059300039999926],[12.881971986000053,-2.045100008999952],[12.865982990000077,-2.039846960999967],[12.85898097200004,-2.020155967999926],[12.863232895000067,-2.010919982999951],[12.84239001700007,-1.993055985999945],[12.840123998000024,-1.975998984999933],[12.851733964000061,-1.972108032999927],[12.847581965000074,-1.945989021999935],[12.84278,-1.937323031999938],[12.834894015000032,-1.944153042999972],[12.817935974000022,-1.930359028999931],[12.819019972000035,-1.913001043999941],[12.824584017000063,-1.902751022999951],[12.795565993000025,-1.911700963999976],[12.792073018000053,-1.902127985999925],[12.772698005000052,-1.89163302999998],[12.767484017000072,-1.883629022999969],[12.757519986000034,-1.899332989999948],[12.748867991000054,-1.898946960999979],[12.734119013000054,-1.889299],[12.720058996000034,-1.867532981999943],[12.716782004000038,-1.850422996999953],[12.699364,-1.845206042999962],[12.68547998200006,-1.848399021999967],[12.668511025000043,-1.841805025999975],[12.65676505700003,-1.828945025999928],[12.652594005000026,-1.812621973999967],[12.646297004000076,-1.813415033999945],[12.642858037000053,-1.822097020999934],[12.628224029000023,-1.831026028999929],[12.621548112000028,-1.829301979999968],[12.621106988000065,-1.819325034999963],[12.612217014000066,-1.820602964999978],[12.60866997100004,-1.813096026999972],[12.590001100000052,-1.820667036999964],[12.578952111000035,-1.819156972999963],[12.57731297500004,-1.823891973999935],[12.58832497000003,-1.831454988999951],[12.587497013000075,-1.836020043999952],[12.567398056000059,-1.840397989999929],[12.552942975000065,-1.859079031999954],[12.526622022000026,-1.861391971999979],[12.52497396900003,-1.867593985999974],[12.518490969000027,-1.868243001999929],[12.51926499700005,-1.881617977999952],[12.536897989000067,-1.90095004099993],[12.532702999000037,-1.908784028999946],[12.519680996000034,-1.914150001999928],[12.520728034000058,-1.924731965999968],[12.508356971000069,-1.922820980999973],[12.504725009000026,-1.91582800499998],[12.498682964000068,-1.925217978999967],[12.493767011000045,-1.924581019999948],[12.493931954000061,-1.898296827999957],[12.482555302000037,-1.881352074999938],[12.482140951000076,-1.86760406999997],[12.507304402000045,-1.847341615999937],[12.505952634000039,-1.833937638999942],[12.511816857000042,-1.821010268999942],[12.521079753000038,-1.817170798999939],[12.52688360600007,-1.823878321999928],[12.530609885000047,-1.822041991999924],[12.514107771000056,-1.790370886999938],[12.512435491000076,-1.764599829999952],[12.497761446000027,-1.745853551999971],[12.502924088000043,-1.73148819599993],[12.500054287000069,-1.720719568999925],[12.509248369000034,-1.707073322999975],[12.526686895000068,-1.706560538999952],[12.529465755000047,-1.701642274999926],[12.535159992000047,-1.705273887999965],[12.541436665000049,-1.694936686999938],[12.558987504000072,-1.69567118599997],[12.565835669000023,-1.682865062999952],[12.569878169000049,-1.682999461999941],[12.57544305600004,-1.66620336099993],[12.570601770000053,-1.649529153999936],[12.559262531000059,-1.645064270999967],[12.552639587000044,-1.635850654999956],[12.557629991000056,-1.619333152999957],[12.550330603000077,-1.600146231999929],[12.556274466000048,-1.590809391999926],[12.555040040000051,-1.569985114999952],[12.547824940000055,-1.568949839999959],[12.545007981000026,-1.559894641999961],[12.53810975600004,-1.557502758999931],[12.538068321000026,-1.550481403999925],[12.51578796900003,-1.543585348999954],[12.51404231600003,-1.537561685999947],[12.509840922000024,-1.540235601999939],[12.505319764000035,-1.531699329999981],[12.488549484000032,-1.523604732999956],[12.483996947000037,-1.510716430999935],[12.487434927000038,-1.502740157999938],[12.48334862300004,-1.487661011999933],[12.48552468500003,-1.468710624999972],[12.472241645000054,-1.452356864999956],[12.460739328000045,-1.419166913999959],[12.44848855500004,-1.40795897299995],[12.43897547000006,-1.410992819999933],[12.431350964000046,-1.395942022999975],[12.852500674000055,-1.373157960999947],[12.857159018000061,-1.407255033999945]]]}},{"type":"Feature","properties":{"PolyCode":"0704","PolyLabel":"OFFOUE-ONOYE","PolyLongitude":11.868175897,"PolyLatitude":-1.081951601},"geometry":{"type":"Polygon","coordinates":[[[11.86298097100007,-0.662037017999978],[11.867815928000027,-0.659244008999963],[11.884018102000027,-0.665042000999961],[11.873680985000021,-0.685097018999954],[11.879231014000027,-0.68014397099995],[11.884986970000057,-0.681813990999956],[11.886124989000052,-0.68765104199997],[11.896579968000026,-0.685355004999963],[11.891167017000043,-0.694880006999938],[11.901009031000058,-0.701052022999932],[11.905227971000045,-0.711829035999926],[11.900860956000031,-0.71178995799994],[11.899307965000048,-0.723815027999933],[11.907921980000026,-0.733771986999955],[11.896871025000053,-0.740481020999937],[11.90538600900004,-0.745541957999933],[11.901897967000025,-0.752522972999941],[11.905489012000032,-0.749440002999961],[11.91291900300007,-0.753471984999976],[11.910418996000033,-0.763973967999959],[11.91755196500003,-0.772911012999941],[11.915372010000056,-0.777259025999967],[11.920685005000053,-0.778748008999969],[11.91624402900004,-0.782725024999934],[11.92107997000005,-0.784919996999975],[11.91600603300003,-0.798882988999935],[11.924012050000044,-0.801955975999931],[11.918337928000028,-0.824202956999954],[11.923932010000044,-0.829604012999937],[11.935487031000036,-0.824549984999976],[11.938358900000026,-0.84372800899996],[11.953340022000077,-0.852106022999976],[11.957223976000023,-0.865831000999947],[11.965000965000058,-0.873553000999948],[11.962297001000024,-0.887533982999969],[11.970382019000056,-0.899823022999954],[11.965615030000038,-0.908339],[11.964992018000032,-0.940836027999978],[11.974093004000053,-0.966743985999926],[12.021948967000071,-0.992335025999978],[12.045578990000024,-0.970155989999967],[12.042003971000042,-0.952758027999948],[12.069352004000052,-0.949885022999979],[12.080371036000031,-0.959619030999932],[12.100028983000072,-0.959459037999977],[12.098443016000033,-0.943341025999928],[12.101784972000075,-0.942345026999931],[12.09830200500005,-0.936330003999956],[12.10247602100003,-0.932729981999955],[12.106242017000056,-0.935866011999963],[12.109566931000074,-0.930537967999953],[12.107659019000039,-0.919880969999952],[12.121085014000073,-0.918954012999961],[12.143387003000043,-0.90655598099994],[12.168278017000034,-0.928058012999941],[12.177910036000071,-0.950917988999947],[12.175533027000029,-0.955706024999927],[12.193764981000072,-0.959055995999961],[12.199710026000048,-0.965079972999945],[12.200424009000074,-0.979761956999937],[12.19146397000003,-0.992798978999929],[12.19321203000004,-0.998033987999975],[12.167013002000033,-0.998394985999937],[12.165100018000032,-1.00238401699994],[12.170625982000047,-1.033454964999976],[12.163959036000051,-1.041958],[12.163888968000037,-1.051408008999942],[12.166504933000056,-1.056753974999936],[12.172292037000034,-1.061062976999949],[12.17260944000003,-1.063137249999954],[12.164681016000031,-1.070575991999931],[12.16503009400003,-1.081471974999943],[12.160481975000039,-1.086037977999979],[12.170266912000045,-1.093297005999943],[12.154381019000027,-1.135988021999935],[12.12774599200003,-1.149633974999972],[12.12120900800005,-1.160066970999935],[12.10182396700003,-1.170380967999961],[12.06575403200003,-1.177962030999936],[12.045459893000043,-1.19432001399997],[12.034758066000052,-1.197192005999966],[12.043002996000041,-1.218576006999967],[12.056004032000033,-1.227033964999976],[12.110229022000055,-1.228069957999935],[12.123297986000068,-1.262406025999951],[12.135045012000035,-1.27163500599994],[12.131319966000035,-1.287512957999979],[12.118953012000077,-1.296210997999935],[12.125571978000039,-1.308604960999958],[12.118416970000055,-1.316945988999976],[12.145912035000038,-1.378635004999978],[12.153841038000053,-1.386573005999935],[12.155665003000024,-1.402092957999969],[12.16307796500007,-1.408634974999927],[12.163107,-1.421065042999942],[12.157925983000041,-1.424273982999978],[12.172511994000047,-1.453715984999974],[12.166604015000075,-1.460698013999945],[12.161297975000025,-1.460219992999953],[12.163122022000039,-1.469515974999979],[12.157946990000028,-1.477093028999946],[12.162092032000032,-1.479889016999948],[12.157465013000035,-1.481301968999958],[12.157177002000026,-1.486193005999951],[12.16217202300004,-1.490142033999973],[12.164192031000027,-1.486455983999974],[12.169273012000076,-1.493772036999928],[12.092561989000046,-1.533233019999955],[12.097875986000076,-1.556293017999963],[12.08254396600006,-1.578976994999948],[12.062198970000054,-1.643226970999933],[12.050158005000071,-1.647416956999962],[11.973914024000067,-1.642672023999978],[11.94640098800005,-1.631292003999931],[11.949969963000058,-1.58014598099993],[11.954965014000038,-1.572805028999937],[11.95234903200003,-1.561714041999949],[11.961939006000023,-1.541582968999933],[11.960153036000065,-1.535314017999951],[11.964718033000054,-1.534504986999934],[11.967651999000054,-1.510567991999949],[11.962988022000047,-1.50669503599994],[11.96345102600003,-1.493571965999934],[11.969001026000058,-1.476736009999968],[11.960042023000028,-1.468118032999939],[11.972173026000064,-1.440670001999933],[11.97177699100007,-1.408275018999973],[11.929917020000062,-1.368776975999936],[11.920562028000063,-1.375239989999955],[11.901931967000053,-1.343881034999924],[11.883494987000063,-1.335184962999961],[11.883793990000072,-1.32746599099994],[11.881875024000067,-1.330554995999933],[11.861421978000067,-1.309009957999933],[11.840334013000074,-1.303583],[11.842396971000028,-1.294124997999972],[11.827095995000036,-1.286666978999961],[11.825748994000037,-1.27884697099995],[11.80711696000003,-1.269164002999958],[11.805272024000033,-1.262081967999961],[11.783728027000052,-1.254882043999942],[11.777262024000038,-1.244718040999942],[11.765366013000062,-1.241704990999949],[11.766974967000067,-1.237116967999953],[11.758110001000034,-1.221576982999977],[11.73658998600007,-1.19294500999996],[11.743795988000045,-1.17948703899998],[11.73659198100006,-1.164615011999956],[11.744603967000046,-1.122640011999977],[11.739675099000067,-1.083806008999943],[11.745466023000063,-1.060896982999964],[11.708345998000027,-1.073491015999934],[11.681009965000044,-1.096671008999976],[11.665820034000035,-1.095450035999932],[11.650478,-1.114370978999943],[11.649140020000061,-1.122831037999958],[11.636299965000035,-1.124430016999952],[11.630617936000021,-1.119137018999936],[11.62258300800005,-1.12346503599997],[11.607238895000023,-1.122311000999957],[11.597611965000056,-1.135598006999942],[11.591329020000046,-1.136065027999962],[11.590952017000063,-1.14377501599995],[11.57279802100004,-1.133848973999932],[11.564802978000046,-1.135131013999967],[11.559232976000033,-1.124255973999936],[11.534735923000028,-1.128873037999938],[11.543422021000026,-1.106673014999956],[11.53445503200004,-1.100526978999937],[11.533428006000065,-1.090127982999945],[11.544454998000049,-1.085807004999936],[11.541655030000072,-1.078461012999981],[11.547488994000048,-1.076414972999942],[11.544003975000066,-1.065595995999956],[11.547393061000037,-1.062447969999937],[11.52478900500006,-1.041523984999969],[11.529670104000047,-1.032849983999938],[11.520263034000038,-1.010476990999962],[11.52509703100003,-1.000525979999964],[11.531173992000049,-1.000014994999958],[11.506269988000042,-0.963868967999929],[11.497987032000026,-0.923713029999931],[11.49967902000003,-0.842946009999935],[11.516604984000026,-0.803404029999967],[11.539365004000047,-0.780239033999976],[11.56779496300004,-0.761599014999945],[11.859827695000035,-0.658666961999927],[11.86298097100007,-0.662037017999978]]]}},{"type":"Feature","properties":{"PolyCode":"0801","PolyLabel":"BENDJE","PolyLongitude":9.371177771,"PolyLatitude":-0.905706676},"geometry":{"type":"Polygon","coordinates":[[[9.306607014000065,-0.27503803299993],[9.308408001000032,-0.279463],[9.321172994000051,-0.281098025999938],[9.32575900200004,-0.289753969999936],[9.317200976000038,-0.33481797099995],[9.32215999500005,-0.339964978999944],[9.333677011000077,-0.338361024999926],[9.345459973000061,-0.363764982999953],[9.341655020000076,-0.371808039999962],[9.345768965000048,-0.383924985999954],[9.38653503200004,-0.419311035999954],[9.40152203200006,-0.454412020999939],[9.428002036000066,-0.478407957999934],[9.44051502800005,-0.47107901399994],[9.448350982000022,-0.478336000999946],[9.48339801800006,-0.48521203699994],[9.49875399800004,-0.499965997999936],[9.51010803400004,-0.496694027999979],[9.520302020000031,-0.501104028999976],[9.534008972000038,-0.529706028999954],[9.543668020000041,-0.535448992999932],[9.557145973000047,-0.557411987999956],[9.559214963000045,-0.568698963999964],[9.566855029000067,-0.572210022999968],[9.575173029000041,-0.566234033999933],[9.576890997000021,-0.572583024999972],[9.569870980000076,-0.579865972999926],[9.649320018000026,-0.838125011999978],[9.74206401300006,-0.877023961999953],[9.745038977000036,-0.885414037999965],[9.736246020000067,-0.901004038999929],[9.742359978000025,-0.908382005999954],[9.774773014000061,-0.906971985999974],[9.798417983000036,-0.895123032999948],[9.812184003000027,-0.899781979999943],[9.819965964000062,-0.909339030999945],[9.839661031000048,-0.90056199199995],[9.849378022000053,-0.907866981999973],[9.866957008000043,-0.896051015999944],[9.88060396800006,-0.900863971999968],[9.931757037000068,-0.94104503799997],[9.940784997000037,-0.979937016999941],[9.923525006000034,-1.010802041999966],[9.938818981000054,-1.018791971999974],[9.946445022000034,-1.03508695499994],[9.942876005000073,-1.040826023999955],[9.961211966000064,-1.064389997999967],[9.954910974000029,-1.070843989999958],[9.946963986000071,-1.063295004999929],[9.941749977000029,-1.067299021999929],[9.943639005000023,-1.085320968999952],[9.933649022000054,-1.096318013999962],[9.926013982000029,-1.125969958999974],[9.929742963000024,-1.13164003199995],[9.917247976000056,-1.140996954999935],[9.915223996000066,-1.148558032999972],[9.91012698000003,-1.144857990999981],[9.906415011000036,-1.148167015999945],[9.91429703700004,-1.15373901199996],[9.910499987000037,-1.166239032999954],[9.916254018000075,-1.190491022999936],[9.888385973000027,-1.193028961999971],[9.889208968000048,-1.201619966999942],[9.884172979000027,-1.204377980999936],[9.890495988000055,-1.210373960999959],[9.884922025000037,-1.213577974999964],[9.883314991000077,-1.223011036999935],[9.873595002000059,-1.216867967999974],[9.866339996000022,-1.21847496099997],[9.861672012000042,-1.227063979999969],[9.852041020000058,-1.219052955999928],[9.85013499200005,-1.225350993999939],[9.840942012000028,-1.229808982999941],[9.836113965000038,-1.224063961999946],[9.825333975000035,-1.232978994999939],[9.820201975000032,-1.231526022999958],[9.819502991000036,-1.249098040999968],[9.808273024000073,-1.255953041999931],[9.810807985000054,-1.267337998999949],[9.798205974000041,-1.274184010999932],[9.791566980000027,-1.303983030999973],[9.78543297300007,-1.305351024999936],[9.77636897800005,-1.297863007999979],[9.76482700400004,-1.306526023999936],[9.77425898000007,-1.311851026999932],[9.77835901900005,-1.32328199899996],[9.76654902000007,-1.329888959999948],[9.763215037000066,-1.337221018999969],[9.738492003000033,-1.34525100999997],[9.754792035000037,-1.364111038999965],[9.755342967000047,-1.373085010999944],[9.709642987000052,-1.359734043999936],[9.697413011000037,-1.34375900699996],[9.640010002000054,-1.33953403199996],[9.585472973000037,-1.272231998999928],[9.551781033000054,-1.272097005999967],[9.46766099000007,-1.222517043999972],[9.462495019000073,-1.222752955999965],[9.443578001000049,-1.247538016999954],[9.43591901000002,-1.249833960999979],[9.42951989200003,-1.245782031999966],[9.42409393500003,-1.256225024999935],[9.412545980000061,-1.261093961999961],[9.398015997000073,-1.255682956999976],[9.39216600800006,-1.242015998999932],[9.376269985000022,-1.243181959999959],[9.365252961000067,-1.231401042999948],[9.356404012000041,-1.229354025999953],[9.315094009000063,-1.251457029999926],[9.28911689000006,-1.255972954999947],[9.282068991000074,-1.275641976999964],[9.270044018000021,-1.280454986999928],[9.262676034000037,-1.269229972999938],[9.277157001000035,-1.244113985999945],[9.246202986000071,-1.236429954999949],[9.232591980000052,-1.228127969999946],[9.218222020000042,-1.208475009999972],[9.206605022000076,-1.164423013999965],[9.18118903100003,-1.149751010999978],[9.171889989000022,-1.138102970999967],[9.155539937000071,-1.135875016999933],[9.151856027000065,-1.122210030999952],[9.146000994000076,-1.122606030999975],[9.11365199200003,-1.157762958999967],[9.104816998000047,-1.159071016999974],[9.104328029000044,-1.146229030999962],[9.100370012000042,-1.145588024999938],[9.10346497200004,-1.138499003999925],[9.09029802300006,-1.115127013999938],[9.090213017000053,-1.10668998999995],[9.07736903600005,-1.098594995999974],[9.08026003200007,-1.091104991999941],[9.068532021000067,-1.077025042999935],[9.056133015000057,-1.079151035999928],[9.043884988000059,-1.09787799299994],[9.02712998900006,-1.089967963999925],[8.992862915000046,-1.092863960999978],[8.985202013000048,-1.082461957999953],[8.972108974000037,-1.078603038999972],[8.969808010000065,-1.06748001099993],[8.977990023000075,-1.051943962999928],[8.957790937000027,-1.037862030999975],[8.946910003000028,-1.03685201899998],[8.912136030000056,-1.050700038999935],[8.899258721000024,-1.048992853999948],[8.846325035000064,-0.984731583999974],[8.837930060000076,-0.947559662999936],[8.787430721000021,-0.862158584999975],[8.771799445000056,-0.805809016999945],[8.758235498000033,-0.774909321999928],[8.705044791000034,-0.686369867999929],[8.699619004000056,-0.64499995999995],[8.702534993000029,-0.631120984999939],[8.712288972000067,-0.620213964999948],[8.716545997000026,-0.622844959999952],[8.715196003000074,-0.630890020999971],[8.718915975000073,-0.62890097199994],[8.709916018000058,-0.636929026999951],[8.720369805000075,-0.650975056999926],[8.735652597000069,-0.64978593799998],[8.752108418000034,-0.656868406999934],[8.753394010000022,-0.667239957999925],[8.750937992000047,-0.671460957999955],[8.749800124000046,-0.676084962999937],[8.75004743900007,-0.677372765999962],[8.765765343000055,-0.675533873999939],[8.778848754000023,-0.67964380799998],[8.776226055000052,-0.685810723999964],[8.77162125500007,-0.684276133999958],[8.775838337000039,-0.687365713999952],[8.774728522000032,-0.694100849999927],[8.796588839000037,-0.731217754999932],[8.792534918000058,-0.756018205999965],[8.801261021000073,-0.765641011999946],[8.826894971000058,-0.776928988999941],[8.868463787000053,-0.754438024999956],[8.883674984000038,-0.761897985999951],[8.891361044000064,-0.751935706999973],[8.883440495000059,-0.747857129999943],[8.881928345000063,-0.740558659999976],[8.889187081000046,-0.726647857999978],[8.89549603200004,-0.721910018999949],[8.902034010000023,-0.725491967999972],[8.910363971000038,-0.721420017999947],[8.909799382000074,-0.711988366999947],[8.938932045000058,-0.70971063099995],[8.94332442600006,-0.695796811999969],[8.940971568000066,-0.684254647999978],[8.960206389000064,-0.659657782999943],[8.985468987000047,-0.654047959999957],[9.007091439000021,-0.633888135999939],[9.012534010000024,-0.636329965999948],[9.013236024000037,-0.650968954999939],[9.026636782000026,-0.655285230999937],[9.033426980000058,-0.659849005999945],[9.03372198300002,-0.667533959999957],[9.043938967000031,-0.670612037999945],[9.105145030000074,-0.642678036999939],[9.105675402000031,-0.637406366999926],[9.126199980000024,-0.628003692999926],[9.143325109000045,-0.608727321999936],[9.156230739000023,-0.584146758999964],[9.15878230800007,-0.565364724999938],[9.17308435600006,-0.561989825999945],[9.19411371700005,-0.54143361399997],[9.210243867000031,-0.511322400999973],[9.23581466500002,-0.485921792999932],[9.283331127000054,-0.413679219999949],[9.301486023000052,-0.342614043999959],[9.300993022000057,-0.27655804099993],[9.306607014000065,-0.27503803299993]]]}},{"type":"Feature","properties":{"PolyCode":"0802","PolyLabel":"NDOUGOU","PolyLongitude":10.165785334,"PolyLatitude":-2.418974249},"geometry":{"type":"Polygon","coordinates":[[[10.141506935000052,-1.883952931999943],[10.169069728000068,-1.877144788999942],[10.168064486000048,-1.891900371999952],[10.173384944000077,-1.902795605999927],[10.192998138000064,-1.900779757999942],[10.197080676000041,-1.918702972999938],[10.20557147900007,-1.927462565999974],[10.224245882000048,-1.912664865999943],[10.243254211000021,-1.923008581999966],[10.305235350000032,-1.942785672999946],[10.321930115000043,-1.943556135999927],[10.363813209000057,-1.913687926999955],[10.387292698000067,-1.935191378999946],[10.417610371000023,-1.943489471999953],[10.423954622000053,-1.961521974999926],[10.45638763200003,-2.004314947999944],[10.461836250000033,-2.00976045799996],[10.466967417000035,-2.007767367999975],[10.47429046700006,-2.02565065999994],[10.475219451000044,-2.047957688999929],[10.478945777000035,-2.047761870999977],[10.487372409000045,-2.062998930999925],[10.48308933900006,-2.067507143999933],[10.496896205000041,-2.096793570999978],[10.495767022000052,-2.126627011999972],[10.505499005000047,-2.146622984999965],[10.505697006000048,-2.155229960999975],[10.49660001500007,-2.157254007999938],[10.495479965000072,-2.166984032999949],[10.48969098300006,-2.168334023999932],[10.501328989000058,-2.186213024999972],[10.502037967000035,-2.189963009999929],[10.498074011000028,-2.189878995999948],[10.501318992000051,-2.197159000999932],[10.509087023000063,-2.198184977999972],[10.498492025000076,-2.202514022999935],[10.498758973000065,-2.206880963999936],[10.509703998000077,-2.215334979999966],[10.506087012000023,-2.221053975999951],[10.520718019000071,-2.222843964999925],[10.529031972000041,-2.234977015999959],[10.528603031000046,-2.25572296699994],[10.532443990000047,-2.261729001999925],[10.539630026000054,-2.262107029999925],[10.53849297000005,-2.269892992999928],[10.544077977000029,-2.267254028999957],[10.560282975000064,-2.282123026999955],[10.561086016000047,-2.294194983999944],[10.569001911000043,-2.301940993999949],[10.565593026000045,-2.307520014999966],[10.570193035000045,-2.306327988999954],[10.57660600500003,-2.31710301399994],[10.57199300800005,-2.330579000999933],[10.57735197900007,-2.336215958999958],[10.582141967000041,-2.33178600399998],[10.586993003000032,-2.334212958999956],[10.54833800800003,-2.357293983999966],[10.546054945000037,-2.574476976999961],[10.558899968000048,-2.677548028999979],[10.601211998000053,-2.824704955999948],[10.58572902700007,-2.831466991999946],[10.56343703300007,-2.825895],[10.551912999000024,-2.837452029999952],[10.526482008000073,-2.849233000999959],[10.52455199800005,-2.858392028999958],[10.510624989000064,-2.874286031999929],[10.511082010000052,-2.891644006999968],[10.502683027000046,-2.896937025999932],[10.49162700200003,-2.916449966999949],[10.499752973000056,-2.936470033999967],[10.497096018000036,-2.950932024999929],[10.490613016000054,-2.957190996999941],[10.477665036000076,-2.956691013999944],[10.48892703000007,-2.962974989999964],[10.488441993000038,-2.967072012999949],[10.46539598000004,-2.985845],[10.459368968000035,-3.008497011999964],[10.450257994000026,-3.007760961999963],[10.440201032000061,-2.997862987999952],[10.434668970000075,-3.009666955999933],[10.422916030000067,-3.011338042999967],[10.417889978000062,-3.004581040999938],[10.426297973000032,-2.993986029999974],[10.42102898500002,-2.989879954999935],[10.399448973000062,-2.988883980999958],[10.389606022000066,-2.997066043999951],[10.37713401700006,-2.998976021999965],[10.376673991000075,-2.985717019999925],[10.398030023000047,-2.975140977999956],[10.382205026000065,-2.975118040999973],[10.379824031000055,-2.963542988999961],[10.368090985000038,-2.95243702099998],[10.362809996000067,-2.956045016999951],[10.369039027000042,-2.959910998999931],[10.368072987000062,-2.96449002199995],[10.35872598800006,-2.961341985999979],[10.359938011000054,-2.952666009999973],[10.370019981000041,-2.944724966999956],[10.364037022000048,-2.937242961999971],[10.351079996000067,-2.943732964999981],[10.342220032000057,-2.935765009999955],[10.329506036000055,-2.939603043999966],[10.320846987000039,-2.957910009999978],[10.307404029000054,-2.968737027999964],[10.314677964000055,-2.98288600099994],[10.28076503400007,-2.984365024999931],[9.92009097700003,-2.720063043999971],[9.883562970000071,-2.687858991999974],[9.885068021000052,-2.673882016999926],[9.878498036000053,-2.652772994999964],[9.869976998000027,-2.643423954999946],[9.76338897100004,-2.539268018999962],[9.716977984000039,-2.485376019999933],[9.647454019000065,-2.423832002999973],[9.649163010000052,-2.418448986999977],[9.630456972000047,-2.408195965999937],[9.602110019000065,-2.356741988999943],[9.586924998000029,-2.338299991999975],[9.585247980000076,-2.251083039999969],[9.682136975000049,-2.223478966999949],[9.681065989000047,-2.219046985999967],[9.698901007000075,-2.213013032999925],[9.705252991000066,-2.202552977999972],[9.711118014000022,-2.205218981999963],[9.71485801700004,-2.195178985999974],[9.731424996000044,-2.192812039999978],[9.735797036000065,-2.184288036999931],[9.745938010000032,-2.186616009999966],[9.755218006000064,-2.181686011999943],[9.757534024000051,-2.169729981999978],[9.771959991000074,-2.168476009999949],[9.773314989000028,-2.16329597999993],[9.784127991000048,-2.15850900099997],[9.789113978000046,-2.144661959999951],[9.794022982000058,-2.147778008999978],[9.799742963000028,-2.138298976999977],[9.807281016000047,-2.13233000799994],[9.809733996000034,-2.134963967999965],[9.814275037000073,-2.118307010999956],[9.81906999000006,-2.117323972999941],[9.827082030000042,-2.102654984999958],[9.824920981000048,-2.099026039999956],[9.832851969000046,-2.095209976999968],[9.829533993000041,-2.087312011999927],[9.840231003000042,-2.089319997999951],[9.840262026000062,-2.084669978999955],[9.846339002000036,-2.085420993999946],[9.848892030000059,-2.072508023999944],[9.855941004000044,-2.075706959999934],[9.871412969000062,-2.062889957999971],[9.899313975000041,-2.060855019999963],[9.901399037000033,-2.052060954999945],[9.91029403300007,-2.046798954999929],[9.909163983000042,-2.037526032999949],[9.917826977000061,-2.024758016999954],[9.928956023000069,-2.020042029999956],[9.922879976000047,-2.013300963999939],[9.932019995000076,-2.01218597899998],[9.935131974000058,-2.002692001999947],[9.986850966000077,-1.999095010999952],[9.990756993000048,-1.980839021999941],[9.999397971000064,-1.979255006999949],[10.036845964000065,-1.952017035999972],[10.042946972000038,-1.940902014999949],[10.06648797300005,-1.921441039999934],[10.067414992000067,-1.895767013999944],[10.093843030000073,-1.86952497599998],[10.099134032000052,-1.85617603399993],[10.109875762000058,-1.870194774999959],[10.141506935000052,-1.883952931999943]]]}},{"type":"Feature","properties":{"PolyCode":"0803","PolyLabel":"ETIMBOUE","PolyLongitude":9.556140028,"PolyLatitude":-1.633459998},"geometry":{"type":"Polygon","coordinates":[[[8.899258721000024,-1.048992853999948],[8.912136030000056,-1.050700038999935],[8.946910003000028,-1.03685201899998],[8.957790937000027,-1.037862030999975],[8.977990023000075,-1.051943962999928],[8.969808010000065,-1.06748001099993],[8.972108974000037,-1.078603038999972],[8.985202013000048,-1.082461957999953],[8.992862915000046,-1.092863960999978],[9.02712998900006,-1.089967963999925],[9.043884988000059,-1.09787799299994],[9.056133015000057,-1.079151035999928],[9.068532021000067,-1.077025042999935],[9.08026003200007,-1.091104991999941],[9.07736903600005,-1.098594995999974],[9.090213017000053,-1.10668998999995],[9.09029802300006,-1.115127013999938],[9.10346497200004,-1.138499003999925],[9.100370012000042,-1.145588024999938],[9.104328029000044,-1.146229030999962],[9.104816998000047,-1.159071016999974],[9.11365199200003,-1.157762958999967],[9.146000994000076,-1.122606030999975],[9.151856027000065,-1.122210030999952],[9.155539937000071,-1.135875016999933],[9.171889989000022,-1.138102970999967],[9.18118903100003,-1.149751010999978],[9.206605022000076,-1.164423013999965],[9.218222020000042,-1.208475009999972],[9.232591980000052,-1.228127969999946],[9.246202986000071,-1.236429954999949],[9.277157001000035,-1.244113985999945],[9.262676034000037,-1.269229972999938],[9.270044018000021,-1.280454986999928],[9.282068991000074,-1.275641976999964],[9.28911689000006,-1.255972954999947],[9.315094009000063,-1.251457029999926],[9.356404012000041,-1.229354025999953],[9.365252961000067,-1.231401042999948],[9.376269985000022,-1.243181959999959],[9.39216600800006,-1.242015998999932],[9.398015997000073,-1.255682956999976],[9.412545980000061,-1.261093961999961],[9.42409393500003,-1.256225024999935],[9.42951989200003,-1.245782031999966],[9.43591901000002,-1.249833960999979],[9.443578001000049,-1.247538016999954],[9.462495019000073,-1.222752955999965],[9.46766099000007,-1.222517043999972],[9.551781033000054,-1.272097005999967],[9.585472973000037,-1.272231998999928],[9.640010002000054,-1.33953403199996],[9.697413011000037,-1.34375900699996],[9.709642987000052,-1.359734043999936],[9.75177403400005,-1.37340801199997],[9.756157030000054,-1.37246104299993],[9.75534697300003,-1.365118984999924],[9.738492003000033,-1.34525100999997],[9.763215037000066,-1.337221018999969],[9.76654902000007,-1.329888959999948],[9.77835901900005,-1.32328199899996],[9.77425898000007,-1.311851026999932],[9.76482700400004,-1.306526023999936],[9.77636897800005,-1.297863007999979],[9.78543297300007,-1.305351024999936],[9.791566980000027,-1.303983030999973],[9.798205974000041,-1.274184010999932],[9.810807985000054,-1.267337998999949],[9.808273024000073,-1.255953041999931],[9.819502991000036,-1.249098040999968],[9.819708965000075,-1.232103017999975],[9.825333975000035,-1.232978994999939],[9.836113965000038,-1.224063961999946],[9.840942012000028,-1.229808982999941],[9.85013499200005,-1.225350993999939],[9.852041020000058,-1.219052955999928],[9.861672012000042,-1.227063979999969],[9.866339996000022,-1.21847496099997],[9.873595002000059,-1.216867967999974],[9.883314991000077,-1.223011036999935],[9.884922025000037,-1.213577974999964],[9.890495988000055,-1.210373960999959],[9.884172979000027,-1.204377980999936],[9.889208968000048,-1.201619966999942],[9.888385973000027,-1.193028961999971],[9.91533202000005,-1.191542960999925],[9.91094199400004,-1.166791036999939],[9.923774030000061,-1.168953981999948],[9.924890996000045,-1.162487977999945],[9.932495996000057,-1.159789966999938],[9.930562002000045,-1.153804032999972],[9.935390031000054,-1.152754006999942],[9.943739021000056,-1.167773017999934],[9.953720975000067,-1.168258005999974],[9.956330979000029,-1.174241000999928],[9.947863992000066,-1.177365981999969],[9.945944997000026,-1.184679032999952],[9.948970992000056,-1.194654955999965],[9.941308976000073,-1.217708018999929],[9.94575201400005,-1.230769020999958],[9.952922031000071,-1.235691041999928],[9.965326978000064,-1.222890032999942],[10.027743025000063,-1.258325981999974],[10.058114036000063,-1.258308962999934],[10.063853033000044,-1.263525042999959],[10.056714579000072,-1.273488029999953],[10.059630166000034,-1.294702642999937],[10.049846241000068,-1.316606164999939],[10.037815393000074,-1.321707025999956],[10.024235564000037,-1.343891052999936],[10.01417871700005,-1.347584615999949],[10.000704788000064,-1.364989760999947],[9.995450302000052,-1.359355155999936],[9.993417284000031,-1.368042553999942],[9.982107803000076,-1.375571639999976],[9.962269075000052,-1.380375974999936],[9.96108563000007,-1.388416636999978],[9.965980753000053,-1.394573112999979],[9.957205105000071,-1.420612724999955],[9.968381201000057,-1.458049164999977],[9.966576792000069,-1.491056207999975],[9.97136163700003,-1.491702832999977],[9.973885427000027,-1.504384110999979],[9.969204647000026,-1.510838685999943],[9.976618580000036,-1.528977374999954],[9.976511078000044,-1.543703456999935],[9.962626667000052,-1.538117342999954],[9.947281590000046,-1.546717162999926],[9.941458225000076,-1.54431853899996],[9.943460997000045,-1.563344400999938],[9.938924710000038,-1.582124501999942],[9.931902725000043,-1.58953553799995],[9.932125818000031,-1.604252127999928],[9.910645208000062,-1.597059602999934],[9.901766344000066,-1.60387598799997],[9.890550220000023,-1.617671277999932],[9.887130858000035,-1.631598126999961],[9.877896532000022,-1.637280123999972],[9.894894805000035,-1.656687107999971],[9.867045824000058,-1.667189665999956],[9.859287453000036,-1.684635868999976],[9.881297309000047,-1.701245348999976],[9.879466706000073,-1.708658786999933],[9.90558543000003,-1.73635670699997],[9.905094241000029,-1.750549508999939],[9.913774497000077,-1.756818192999958],[9.918119225000055,-1.782631875999925],[9.931620542000076,-1.790290958999947],[9.937581480000063,-1.80373149199994],[9.967963414000053,-1.823092877999954],[9.980859406000036,-1.818637327999966],[9.98402305600007,-1.827979677999963],[10.000210217000074,-1.843525542999942],[10.00772689200005,-1.837536510999939],[10.036509356000067,-1.835499135999953],[10.059558583000069,-1.844916464999926],[10.085385681000048,-1.846655679999969],[10.09765896500005,-1.854385800999978],[10.094356979000054,-1.868855014999951],[10.067414992000067,-1.895767013999944],[10.06648797300005,-1.921441039999934],[10.042946972000038,-1.940902014999949],[10.035329964000027,-1.953305989999933],[9.999397971000064,-1.979255006999949],[9.990756993000048,-1.980839021999941],[9.986850966000077,-1.999095010999952],[9.935131974000058,-2.002692001999947],[9.932019995000076,-2.01218597899998],[9.922879976000047,-2.013300963999939],[9.928956023000069,-2.020042029999956],[9.917826977000061,-2.024758016999954],[9.909163983000042,-2.037526032999949],[9.91029403300007,-2.046798954999929],[9.901399037000033,-2.052060954999945],[9.899313975000041,-2.060855019999963],[9.871412969000062,-2.062889957999971],[9.855941004000044,-2.075706959999934],[9.848892030000059,-2.072508023999944],[9.846339002000036,-2.085420993999946],[9.840262026000062,-2.084669978999955],[9.840231003000042,-2.089319997999951],[9.829533993000041,-2.087312011999927],[9.832851969000046,-2.095209976999968],[9.824920981000048,-2.099026039999956],[9.827082030000042,-2.102654984999958],[9.81906999000006,-2.117323972999941],[9.814275037000073,-2.118307010999956],[9.809733996000034,-2.134963967999965],[9.807281016000047,-2.13233000799994],[9.799742963000028,-2.138298976999977],[9.794022982000058,-2.147778008999978],[9.789113978000046,-2.144661959999951],[9.784127991000048,-2.15850900099997],[9.773314989000028,-2.16329597999993],[9.771959991000074,-2.168476009999949],[9.757534024000051,-2.169729981999978],[9.755218006000064,-2.181686011999943],[9.745938010000032,-2.186616009999966],[9.735797036000065,-2.184288036999931],[9.731424996000044,-2.192812039999978],[9.71485801700004,-2.195178985999974],[9.711118014000022,-2.205218981999963],[9.705252991000066,-2.202552977999972],[9.698901007000075,-2.213013032999925],[9.681065989000047,-2.219046985999967],[9.682136975000049,-2.223478966999949],[9.585247980000076,-2.251083039999969],[9.575013969000054,-2.230257970999958],[9.535205994000023,-2.177819030999956],[9.453487030000076,-2.096217023999941],[9.434823015000063,-2.074824034999949],[9.437406022000062,-2.071363018999932],[9.43515102200007,-2.06796903399993],[9.43182596500003,-2.066529030999959],[9.435613015000058,-2.070518009999944],[9.431818030000045,-2.071550993999949],[9.410932994000063,-2.052147039999966],[9.416478987000062,-2.051997028999949],[9.415136992000043,-2.049124976999963],[9.40167903300005,-2.042407012999945],[9.362743976000047,-1.994316966999975],[9.35397,-1.979999043999953],[9.35611401400007,-1.976933964999944],[9.350594012000045,-1.977887043999942],[9.286351970000055,-1.908060969999951],[9.272928964000073,-1.881636018999927],[9.27626402900006,-1.876300972999957],[9.265664001000061,-1.866880034999951],[9.257519985000044,-1.805418983999971],[9.259198034000065,-1.79577803799998],[9.269789029000037,-1.782212029999926],[9.264091010000072,-1.754260982999938],[9.267617965000056,-1.752096041999948],[9.255324005000034,-1.736953966999977],[9.244620995000048,-1.689357976999929],[9.248113037000053,-1.672958993999941],[9.23621001500004,-1.643917964999957],[9.191742028000021,-1.562978985999962],[9.019233022000037,-1.347022967999976],[8.991595967000023,-1.286909037999976],[8.997405022000066,-1.281000983999945],[8.992011020000064,-1.270494956999926],[8.997636030000024,-1.26643798899994],[8.994512001000032,-1.229222974999971],[8.979763097000045,-1.189223993999974],[8.960790983000038,-1.153329990999964],[8.91539797300004,-1.087315986999954],[8.854787979000037,-1.010603009999954],[8.858112998000024,-1.002011540999945],[8.899258721000024,-1.048992853999948]]]}},{"type":"Feature","properties":{"PolyCode":"0901","PolyLabel":"WOLEU","PolyLongitude":11.786286189,"PolyLatitude":1.418031582},"geometry":{"type":"Polygon","coordinates":[[[11.386320386000023,1.887450735000073],[11.399339070000053,1.827945982000074],[11.410419701000023,1.828403458000025],[11.423919668000053,1.88587638000007],[11.59174190300007,1.878938015000074],[11.604812065000033,1.863976721000029],[11.61304872200003,1.866632052000057],[11.63606800100007,1.85666403700003],[11.639973157000043,1.837740567000026],[11.657324037000024,1.833370005000063],[11.671280984000077,1.837876981000022],[11.685327035000057,1.833639026000071],[11.705850988000066,1.853485031000048],[11.73122998100007,1.829552024000066],[11.752165026000057,1.82013998900004],[11.771540022000067,1.787178014000062],[11.773824034000029,1.745887972000048],[11.784845991000054,1.733969977000072],[11.783091975000048,1.726320960000066],[11.790034985000034,1.709305035000057],[11.785986970000067,1.695768975000021],[11.790186982000023,1.681582014000071],[11.786694988000022,1.666823994000026],[11.778646989000038,1.656992999000067],[11.77990197500003,1.647755958000062],[11.792682967000076,1.632159013000035],[11.803300996000075,1.63065503200005],[11.817050033000044,1.620669995000071],[11.828178964000074,1.595560965000061],[11.86904902300006,1.612393006000048],[11.877652964000049,1.608686024000065],[11.894277981000073,1.616207021000037],[11.948192996000046,1.649083980000057],[11.957707994000032,1.669989287000021],[11.966565419000062,1.653996930000062],[11.980368591000058,1.644765746000076],[11.982420078000075,1.620776554000031],[11.999214044000041,1.620343085000059],[12.006081308000034,1.611921356000039],[12.023234098000046,1.620425898000065],[12.05642447200006,1.60804788300004],[12.066580610000074,1.622208501000046],[12.065615600000058,1.63293881200002],[12.078345629000069,1.637542186000076],[12.088114365000024,1.636775814000032],[12.111216395000042,1.623864547000039],[12.129270920000067,1.631127174000028],[12.126342256000044,1.624520256000039],[12.132423479000067,1.617168869000068],[12.138644182000064,1.629542793000041],[12.151719451000076,1.633650613000043],[12.150487503000022,1.616540397000051],[12.164137007000022,1.607712053000057],[12.17078934400007,1.642462417000047],[12.189705214000071,1.651523415000042],[12.19069687700005,1.657519841000067],[12.187577108000028,1.663037170000052],[12.178803617000028,1.661829712000042],[12.165811812000072,1.669196124000052],[12.164834917000064,1.681275287000062],[12.178774932000067,1.688872780000054],[12.181971687000043,1.682286292000072],[12.194368540000028,1.68658651100003],[12.223445716000072,1.674671492000073],[12.245807318000061,1.687116141000047],[12.261210457000061,1.682582608000075],[12.278492038000024,1.698700711000072],[12.289469457000052,1.688624640000057],[12.300065884000048,1.693700223000064],[12.316615385000034,1.657883697000045],[12.336777776000076,1.648274034000053],[12.347913682000069,1.625624750000043],[12.381514348000053,1.60972405800004],[12.401551994000044,1.574786983000024],[12.425856029000045,1.587348016000021],[12.444567036000024,1.588381983000033],[12.447982986000056,1.596254027000043],[12.44253900800004,1.604690973000061],[12.444813002000046,1.608040972000026],[12.470969983000032,1.590849027000047],[12.482185035000043,1.594917974000055],[12.493731014000048,1.573285031000069],[12.491338979000034,1.556454984000027],[12.453034023000043,1.508112002000075],[12.456758025000056,1.497578990000022],[12.449225988000023,1.493910041000049],[12.447122021000041,1.478933992000066],[12.431936006000058,1.464471012000047],[12.414407995000033,1.426654015000054],[12.409873009000023,1.405172973000049],[12.414578978000065,1.39639397000002],[12.396082982000053,1.360033023000028],[12.399012987000049,1.335137971000051],[12.393587990000071,1.317990040000041],[12.37791902300006,1.298756991000062],[12.37022401400003,1.259262019000062],[12.356261730000028,1.241651331000071],[12.352463988000068,1.246498020000047],[11.811885009000036,1.054036040000028],[11.567716025000038,1.015486044000056],[11.412913883000044,0.944395163000024],[11.403901443000052,0.962076868000054],[11.390351227000053,0.974231388000021],[11.376852519000067,0.978699710000058],[11.364902694000023,0.999119994000068],[11.333879264000075,0.999833959000057],[11.327214007000066,1.88992599900007],[11.386320386000023,1.887450735000073]]]}},{"type":"Feature","properties":{"PolyCode":"0902","PolyLabel":"NTEM","PolyLongitude":11.568963071,"PolyLatitude":2.090638924},"geometry":{"type":"Polygon","coordinates":[[[11.669491988000061,2.316349992000028],[11.668384986000035,2.313081983000075],[11.702877013000034,2.317034007000075],[11.71112796600005,2.300528034000024],[11.724046981000072,2.301136002000021],[11.733035001000076,2.292510022000045],[11.74715503300007,2.296872043000064],[11.744933005000064,2.285932969000044],[11.75032998000006,2.276235976000066],[11.754135985000062,2.283656990000054],[11.751123965000033,2.273522993000029],[11.758016987000076,2.270315007000022],[11.766717025000048,2.273723973000074],[11.786342026000057,2.270256992000043],[11.786705985000026,2.27646598900003],[11.793876975000046,2.274406977000069],[11.794352028000048,2.280311978000043],[11.80191196800007,2.27526098800007],[11.824336036000034,2.273373986000024],[11.822829995000063,2.279889030000049],[11.830911024000045,2.283962016000032],[11.842626032000055,2.275033025000027],[11.851119010000048,2.252768020000076],[11.845520380000039,2.220107655000049],[11.815804076000063,2.189675693000027],[11.82315464100003,2.168051356000035],[11.814749101000075,2.14839627300006],[11.816233691000036,2.13084396000005],[11.809855210000023,2.119233632000032],[11.811523148000049,2.093249673000059],[11.799129987000072,2.070257695000066],[11.779443355000069,2.055835970000032],[11.76254448800006,2.024327740000047],[11.75039799700005,1.978124989000037],[11.732873993000055,1.966552949000061],[11.742687411000077,1.946722682000029],[11.722210999000026,1.880866],[11.71013199600003,1.85779490300007],[11.685327035000057,1.833639026000071],[11.671280984000077,1.837876981000022],[11.657324037000024,1.833370005000063],[11.639973157000043,1.837740567000026],[11.63606800100007,1.85666403700003],[11.61304872200003,1.866632052000057],[11.604812065000033,1.863976721000029],[11.59174190300007,1.878938015000074],[11.423919668000053,1.88587638000007],[11.410419701000023,1.828403458000025],[11.399339070000053,1.827945982000074],[11.386320386000023,1.887450735000073],[11.327214007000066,1.88992599900007],[11.32666402600006,2.077390968000032],[11.333881964000057,2.100486980000028],[11.343214010000054,2.111946043000046],[11.340719987000057,2.115557],[11.345990992000054,2.114139037000029],[11.344002983000053,2.121041962000049],[11.349000012000033,2.120724985000038],[11.348362011000063,2.127506025000059],[11.352550995000058,2.127523989000053],[11.350191019000022,2.13377798700003],[11.357663982000076,2.13338995700002],[11.361936026000024,2.144024972000068],[11.353658005000057,2.155928011000071],[11.36040000500003,2.174173014000075],[11.352703032000022,2.18310503500004],[11.361420976000034,2.198267015000056],[11.354916012000047,2.200977993000038],[11.360464013000069,2.210474966000049],[11.356020028000046,2.217270988000053],[11.36236397500005,2.219491980000043],[11.351178971000024,2.22459303200003],[11.354978010000025,2.231293980000032],[11.359106973000053,2.230341030000034],[11.362114,2.247178009000038],[11.367348970000023,2.247418991000075],[11.369582971000057,2.238426010000069],[11.379135972000029,2.244830028000024],[11.376640964000046,2.250014975000056],[11.370568031000062,2.248176985000043],[11.38012496500005,2.261710039000036],[11.372905991000039,2.264658957000051],[11.380100983000034,2.27536595600003],[11.372479017000046,2.276650981000046],[11.37575401600003,2.283010989000047],[11.363616988000047,2.28587798500007],[11.395457966000038,2.303327975000059],[11.41716997800006,2.294165043000021],[11.440659022000034,2.300575],[11.44541500300005,2.29094802700007],[11.456680034000044,2.295623977000048],[11.451773012000046,2.301043975000027],[11.455731018000051,2.304238988000066],[11.475628965000055,2.303772989000038],[11.489841974000058,2.295474990000059],[11.500503992000063,2.302221989000031],[11.516157035000049,2.300658018000036],[11.522437034000063,2.304522004000034],[11.534696014000076,2.296368012000073],[11.539004977000047,2.300168963000033],[11.550875978000022,2.297529988000065],[11.556981022000059,2.307067020000034],[11.587993975000074,2.310067964000041],[11.601803999000026,2.306609004000052],[11.61210496800004,2.295741984000074],[11.630709005000028,2.305628028000058],[11.648874012000022,2.304859017000069],[11.65201896900004,2.314658954000038],[11.669491988000061,2.316349992000028]]]}},{"type":"Feature","properties":{"PolyCode":"0903","PolyLabel":"HAUT-NTEM","PolyLongitude":12.576887597,"PolyLatitude":1.816808593},"geometry":{"type":"Polygon","coordinates":[[[12.125989778000076,2.29454504000006],[12.13303200300004,2.281738511000071],[12.140827182000066,2.282369579000033],[12.154600033000065,2.272119564000036],[12.166534203000026,2.287330329000042],[12.200580306000063,2.278638237000052],[12.208034299000076,2.286280968000028],[12.221635972000058,2.264075700000035],[12.244439524000029,2.251821852000035],[12.258162682000034,2.262433610000073],[12.266766791000066,2.258755790000066],[12.279341677000048,2.263385020000044],[12.289418349000073,2.279660259000025],[12.307026689000054,2.285319970000046],[12.451776089000077,2.254724186000033],[12.471185927000022,2.255989367000041],[12.492795494000063,2.264095439000073],[12.527523211000073,2.255336868000029],[12.52990412500003,2.259086122000042],[12.551795377000076,2.259556584000052],[12.573056760000043,2.271755633000055],[12.584361456000067,2.266744661000075],[12.589257418000045,2.256916793000073],[12.609567244000061,2.257860613000048],[12.612230130000057,2.251314208000053],[12.631995352000047,2.242942381000034],[12.646409229000028,2.239331443000026],[12.684164418000023,2.244261021000057],[12.710016791000044,2.228585670000029],[12.722943715000042,2.235146729000064],[12.733756578000055,2.232245078000062],[12.734597994000069,2.225965721000023],[12.741734380000025,2.222850523000034],[12.755538253000054,2.230343222000045],[12.779337725000062,2.233058200000073],[12.787347952000061,2.241815201000065],[12.79115402800005,2.240377057000046],[12.792904847000045,2.251386294000042],[12.79742688500005,2.253777247000073],[12.80868588100003,2.247946844000069],[12.817785183000069,2.25972661000003],[12.824315252000076,2.257113049000054],[12.824431559000061,2.242653260000054],[12.850397324000028,2.237950280000064],[12.858026790000054,2.228058474000022],[12.866972986000064,2.233886957000038],[12.871408874000053,2.228922443000044],[12.870542958000044,2.23977338800006],[12.877977048000048,2.248621096000022],[12.886011559000053,2.245428479000054],[12.887671682000075,2.236491933000025],[12.896323794000068,2.236523817000034],[12.903961864000053,2.243179167000051],[12.907342078000056,2.23967108100004],[12.909645,2.244536323000034],[12.916622938000046,2.242537431000073],[12.919707968000068,2.247776306000048],[12.913341304000028,2.250947144000065],[12.91758255600007,2.25530176500007],[12.933350777000044,2.254962294000052],[12.941416838000066,2.245451082000045],[12.949472695000054,2.244426664000059],[12.970473704000028,2.243938531000026],[12.977831622000053,2.250566119000041],[12.986310454000034,2.247390731000053],[12.990147037000042,2.251743610000062],[13.005852149000077,2.248825986000043],[13.015689123000072,2.25320696700004],[13.028451890000042,2.245220183000072],[13.030914758000051,2.251520835000065],[13.032555968000054,2.237383935000025],[13.040265603000023,2.241302579000035],[13.047003809000046,2.238997182000048],[13.050418137000065,2.243369578000056],[13.054063326000062,2.239378084000066],[13.060493172000065,2.247989338000025],[13.073581123000054,2.251569721000067],[13.07433737100007,2.245821053000043],[13.08451589300006,2.241440046000037],[13.097734735000074,2.250657756000066],[13.095815265000056,2.255960155000025],[13.104802277000033,2.254273373000046],[13.10412152300006,2.259560717000056],[13.112916540000072,2.252098499000056],[13.108956728000067,2.25920159900005],[13.114606356000024,2.262350397000034],[13.111925843000051,2.269884717000025],[13.142307006000067,2.281927769000049],[13.15200066400007,2.280434600000035],[13.157671120000032,2.286765341000034],[13.177173331000063,2.278612488000022],[13.192562246000023,2.283545755000034],[13.193921943000078,2.273930987000028],[13.186053230000027,2.276052397000058],[13.190960180000047,2.263922800000046],[13.203812120000066,2.270134387000041],[13.202694843000074,2.26151974000004],[13.207189610000057,2.259898952000071],[13.211443333000034,2.264552058000049],[13.220637471000032,2.258311497000022],[13.230299055000046,2.270111964000023],[13.246968286000026,2.274360559000058],[13.26090298300005,2.26290592700002],[13.259626140000023,2.253573801000073],[13.273105539000028,2.249464409000041],[13.268918477000057,2.24140931200003],[13.280718567000065,2.252119444000073],[13.286108150000075,2.249003591000076],[13.283802452000032,2.24206563100006],[13.28894809600007,2.23208968900002],[13.299808213000063,2.227932051000039],[13.29621613200004,2.219093248000036],[13.305718625000054,2.207712120000053],[13.285356857000068,2.189319573000034],[13.299926304000053,2.181266262000065],[13.295069025000032,2.16315503900006],[13.288007549000042,2.15821526000002],[13.298326471000053,2.143831028000022],[13.288234049000039,2.138678734000052],[13.288468227000067,2.134211359000062],[13.284901739000077,2.13620862700003],[13.29333910400004,2.12686457500007],[13.289092209000046,2.119453211000064],[13.293688046000057,2.117933653000023],[13.29375983400007,2.108919587000059],[13.301319958000022,2.10802775600007],[13.292151276000027,2.081160602000068],[13.298880370000063,2.06823229500003],[13.289666699000065,2.048137595000071],[13.27825283900006,2.052773604000038],[13.288709230000052,2.040719625000065],[13.274670444000037,2.034588527000039],[13.27371148800006,2.024936940000032],[13.269592981000073,2.027111173000037],[13.263882728000056,2.021656047000022],[13.260209744000065,2.02768844700006],[13.25682198000004,2.023514326000054],[13.251432254000065,2.025831947000029],[13.250473634000059,2.016499299000031],[13.244371879000028,2.020971262000046],[13.235565958000052,2.014436682000053],[13.235163251000074,2.006220382000038],[13.239841652000052,2.006695481000065],[13.233496340000045,2.003748679000068],[13.235554937000074,1.99975850200002],[13.226595456000041,1.999845024000024],[13.22777373200006,1.993901529000027],[13.220302901000025,1.993007851000073],[13.21976621500005,1.985570766000023],[13.207554016000074,1.982867505000058],[13.207302263000031,1.963642256000071],[13.216097626000021,1.956137211000055],[13.214345922000064,1.945767962000048],[13.208478979000063,1.946091250000052],[13.210775117000026,1.941702036000038],[13.203798170000027,1.942026189000046],[13.203636354000025,1.937319686000023],[13.200863455000047,1.940432857000076],[13.200462667000068,1.934051144000023],[13.192451396000024,1.929270424000038],[13.188885842000047,1.932543665000026],[13.187490973000024,1.921120549000022],[13.181501024000056,1.916195148000043],[13.183888341000056,1.910146509000072],[13.171343639000042,1.903119154000024],[13.17263577500006,1.90016087500004],[13.168091265000044,1.900488814000028],[13.168968310000025,1.907907218000048],[13.15991931900004,1.903338811000026],[13.159516128000064,1.893207637000046],[13.155551420000052,1.892492425000057],[13.160146524000027,1.887303880000047],[13.15427943700007,1.88730780700007],[13.15982102700002,1.874619847000019],[13.16394161200003,1.871346334000066],[13.168465110000056,1.877884913000059],[13.181899239000074,1.867567207000036],[13.188043636000032,1.871170551000034],[13.197229149000066,1.854571270000065],[13.203015214000061,1.85233370100002],[13.204198227000063,1.843158935000019],[13.18983643100006,1.825139684000021],[13.190702718000068,1.816204391000042],[13.194860001000052,1.818502996000063],[13.199504356000034,1.807291339000074],[13.195132465000029,1.801044431000037],[13.19671272100004,1.792986261000067],[13.19092504400004,1.792431627000042],[13.191715444000067,1.78868170800007],[13.182442965000064,1.79371345900006],[13.177756274000046,1.779277343000047],[13.180528664000065,1.775605997000071],[13.17561284900006,1.774811424000063],[13.18211283100004,1.773291482000047],[13.178698139000062,1.764358913000024],[13.183681321000051,1.75826352100006],[13.172741952000024,1.751899515000048],[13.172977243000048,1.74370099600003],[13.167268088000071,1.741789967000045],[13.16588579200004,1.747092584000029],[13.161876783000025,1.741234791000068],[13.15757465400003,1.743282288000046],[13.155210945000022,1.730549085000064],[13.160063102000038,1.725420867000025],[13.151876109000057,1.722015187000068],[13.15230460500004,1.709381807000057],[13.144973797000034,1.71324402800002],[13.144326979000027,1.706177131000061],[13.140848230000074,1.707901561000028],[13.135691568000027,1.701761856000076],[13.138939122000068,1.696973424000021],[13.135209283000052,1.690354262000028],[13.140595805000032,1.683011667000073],[13.13599625300003,1.680302010000048],[13.14336392000007,1.671681952000029],[13.139466258000027,1.65268697800002],[13.142631896000069,1.639293491000046],[13.149368479000032,1.636337880000042],[13.149920347000034,1.630833104000033],[13.145006266000053,1.632591011000045],[13.144131276000053,1.627166808000027],[13.149838057000068,1.625567986000021],[13.149913489000028,1.618707311000037],[13.145633881000037,1.620863568000061],[13.147689799000034,1.611688321000031],[13.141429489000075,1.615600865000033],[13.14269485400007,1.610334970000054],[13.13904764800003,1.609220140000048],[13.14308531200004,1.599804301000063],[13.138483736000069,1.592786595000064],[13.143954199000063,1.594059959000049],[13.144744283000023,1.589352691000045],[13.12897668100004,1.58970806800005],[13.125752417000058,1.584195023000063],[13.137611435000053,1.578774005000071],[13.138236242000062,1.561382527000035],[13.130071408000049,1.561546489000023],[13.137836274000051,1.554681519000042],[13.14217641600004,1.559091622000039],[13.143467395000073,1.547569920000058],[13.153369198000064,1.548548375000053],[13.147580021000067,1.539908855000022],[13.15930860900005,1.523069355000075],[13.166524269000035,1.528291779000028],[13.171281816000032,1.52518010700004],[13.17666814200004,1.535035549000042],[13.181497784000044,1.524343030000068],[13.189105647000076,1.520908635000069],[13.188141643000051,1.513142019000043],[13.195361785000046,1.509736703000044],[13.19105789200006,1.496437800000024],[13.196780784000055,1.495376584000041],[13.189731051000024,1.486073102000034],[13.201055065000048,1.48404636500004],[13.205553086000066,1.487538723000057],[13.20655498900004,1.479169686000034],[13.219439891000036,1.474702688000036],[13.213884665000023,1.462580119000052],[13.224671563000072,1.459526256000061],[13.218893296000033,1.445348438000053],[13.225373386000058,1.438010060000067],[13.229410104000067,1.442947428000025],[13.23569162900003,1.433320575000039],[13.230863408000062,1.415702016000068],[13.239481191000039,1.415712588000076],[13.240567587000044,1.407681748000073],[13.246672647000025,1.411108581000065],[13.252032539000027,1.407012891000022],[13.24800997400007,1.391882701000043],[13.258162785000025,1.386931350000054],[13.243716458000051,1.36627794900005],[13.252960806000033,1.352476738000064],[13.241200179000032,1.343009434000066],[13.245531916000061,1.335268073000066],[13.259903977000022,1.338690345000032],[13.263526710000065,1.33016189600005],[13.258516326000063,1.317102703000046],[13.240750920000039,1.30070605100002],[13.228783058000033,1.301509657000054],[13.22845927800006,1.287469766000072],[13.223384717000044,1.283403799000041],[13.211181150000073,1.288515183000072],[13.193899930000043,1.283338058000027],[13.189068751000036,1.291158130000042],[13.176055064000025,1.258536319000029],[13.17930048200003,1.249041700000021],[13.172965134000037,1.245127985000067],[13.165115675000038,1.249642229000074],[13.15296304800006,1.237565121000046],[13.183253743000023,1.226942234000035],[13.192611227000043,1.216812270000048],[12.360999969000034,1.24728198400004],[12.370542991000036,1.26008101900004],[12.37791902300006,1.298756991000062],[12.393587990000071,1.317990040000041],[12.397708993000037,1.330678989000035],[12.399490987000036,1.354687015000025],[12.396082982000053,1.360033023000028],[12.414578978000065,1.39639397000002],[12.409873009000023,1.405172973000049],[12.414407995000033,1.426654015000054],[12.431936006000058,1.464471012000047],[12.447122021000041,1.478933992000066],[12.449225988000023,1.493910041000049],[12.456758025000056,1.497578990000022],[12.453034023000043,1.508112002000075],[12.491338979000034,1.556454984000027],[12.493731014000048,1.573285031000069],[12.482185035000043,1.594917974000055],[12.470969983000032,1.590849027000047],[12.444813002000046,1.608040972000026],[12.44253900800004,1.604690973000061],[12.447982986000056,1.596254027000043],[12.444567036000024,1.588381983000033],[12.425856029000045,1.587348016000021],[12.401551994000044,1.574786983000024],[12.381514348000053,1.60972405800004],[12.347913682000069,1.625624750000043],[12.336777776000076,1.648274034000053],[12.316615385000034,1.657883697000045],[12.300065884000048,1.693700223000064],[12.289469457000052,1.688624640000057],[12.278492038000024,1.698700711000072],[12.261210457000061,1.682582608000075],[12.245807318000061,1.687116141000047],[12.223445716000072,1.674671492000073],[12.194368540000028,1.68658651100003],[12.181971687000043,1.682286292000072],[12.178774932000067,1.688872780000054],[12.164834917000064,1.681275287000062],[12.165811812000072,1.669196124000052],[12.178803617000028,1.661829712000042],[12.187577108000028,1.663037170000052],[12.19069687700005,1.657519841000067],[12.189705214000071,1.651523415000042],[12.17078934400007,1.642462417000047],[12.164137007000022,1.607712053000057],[12.150487503000022,1.616540397000051],[12.151719451000076,1.633650613000043],[12.138644182000064,1.629542793000041],[12.132423479000067,1.617168869000068],[12.126342256000044,1.624520256000039],[12.129270920000067,1.631127174000028],[12.111216395000042,1.623864547000039],[12.088114365000024,1.636775814000032],[12.078345629000069,1.637542186000076],[12.065615600000058,1.63293881200002],[12.066580610000074,1.622208501000046],[12.05642447200006,1.60804788300004],[12.023234098000046,1.620425898000065],[12.006081308000034,1.611921356000039],[11.999214044000041,1.620343085000059],[11.982420078000075,1.620776554000031],[11.980368591000058,1.644765746000076],[11.966565419000062,1.653996930000062],[11.957707994000032,1.669989287000021],[11.948192996000046,1.649083980000057],[11.894277981000073,1.616207021000037],[11.877652964000049,1.608686024000065],[11.86904902300006,1.612393006000048],[11.829042970000046,1.595521962000021],[11.82307696600003,1.600403958000072],[11.81638203600005,1.621380989000045],[11.786549014000059,1.636997984000061],[11.778318024000043,1.655309988000056],[11.790186982000023,1.681582014000071],[11.785986970000067,1.695768975000021],[11.790034985000034,1.709305035000057],[11.783091975000048,1.726320960000066],[11.784845991000054,1.733969977000072],[11.773824034000029,1.745887972000048],[11.771540022000067,1.787178014000062],[11.752165026000057,1.82013998900004],[11.73122998100007,1.829552024000066],[11.705850988000066,1.853485031000048],[11.721298985000033,1.878475279000043],[11.742687411000077,1.946722682000029],[11.732873993000055,1.966552949000061],[11.75039799700005,1.978124989000037],[11.76254448800006,2.024327740000047],[11.779443355000069,2.055835970000032],[11.799129987000072,2.070257695000066],[11.811823137000033,2.094130451000069],[11.809855210000023,2.119233632000032],[11.816233691000036,2.13084396000005],[11.814749101000075,2.14839627300006],[11.82315464100003,2.168051356000035],[11.81601235900007,2.190470438000034],[11.843579730000044,2.217294903000038],[11.849670798000034,2.234038306000059],[11.851007390000063,2.253587875000051],[11.842626032000055,2.275033025000027],[11.854714030000025,2.280638044000057],[11.856221969000046,2.272259986000051],[11.865898965000042,2.270425992000071],[11.869541970000057,2.283670010000037],[11.888956968000059,2.27890902300004],[11.900402988000053,2.28407302100004],[11.91287697100006,2.279532001000064],[11.922202034000065,2.289325],[11.934439029000032,2.280446004000055],[11.951643013000023,2.287985967000054],[11.96338296500005,2.283917005000035],[11.968711972000051,2.289164959000061],[11.972664003000034,2.284874028000047],[11.982261015000063,2.289343023000072],[11.98551397600005,2.283118970000032],[11.994178971000053,2.281931018000023],[12.000140982000062,2.286950011000044],[12.010607982000067,2.286791045000029],[12.01322596600005,2.293891967000036],[12.023116995000066,2.289092029000074],[12.027504024000052,2.291417957000021],[12.040485035000074,2.281835028000046],[12.047333990000027,2.290060999000048],[12.05397398100007,2.286977031000049],[12.076444827000046,2.289741158000027],[12.095401949000063,2.280244787000072],[12.103254914000047,2.284393327000032],[12.109290831000067,2.282006906000049],[12.125989778000076,2.29454504000006]]]}},{"type":"Feature","properties":{"PolyCode":"0904","PolyLabel":"OKANO","PolyLongitude":11.484983715,"PolyLatitude":0.705471773},"geometry":{"type":"Polygon","coordinates":[[[12.353728971000066,1.218891001000031],[12.34548396300005,1.215540988000043],[12.341927027000054,1.202613039000028],[12.344528902000036,1.187374960000056],[12.339613,1.174847959000033],[12.328275980000058,1.169105023000043],[12.332635978000042,1.165035034000027],[12.322486965000053,1.15210995800004],[12.322881983000059,1.136629982000045],[12.309007977000022,1.123706040000059],[12.295451988000025,1.121313970000074],[12.298460985000077,1.092588998000053],[12.287678977000041,1.088445037000042],[12.289977972000031,1.079903045000037],[12.282843981000042,1.07902596200006],[12.284408997000071,1.073352043000057],[12.274043014000029,1.065142995000031],[12.278640007000035,1.056844030000036],[12.273328925000044,1.058519973000045],[12.263816033000069,1.046153011000058],[12.266748019000033,1.034742964000031],[12.241061982000076,1.005940979000059],[12.246135012000025,1.000992966000069],[12.246634003000054,0.989783013000022],[12.24229301500003,0.97635196400006],[12.221601,0.970689999000058],[12.216996036000069,0.960068037000042],[12.22271003700007,0.955932029000053],[12.212247986000023,0.956592014000023],[12.228178005000075,0.935271035000028],[12.226129007000054,0.924656961000039],[12.21668302200004,0.924742038000034],[12.218664001000036,0.915488037000046],[12.213654014000042,0.91167697700007],[12.21319303100006,0.900171995000051],[12.208911982000075,0.899294028000043],[12.21263701600003,0.890677989000039],[12.208910999000068,0.888444987000071],[12.210336977000054,0.877835026000071],[12.202532037000026,0.872961982000049],[12.207647996000048,0.86438097100006],[12.204430985000045,0.858987016000071],[12.00080323700007,0.713310802000024],[11.478796009000064,0.368490004000023],[11.470007027000065,0.355750030000024],[11.472697990000029,0.351102007000065],[11.456877993000035,0.342084980000038],[11.45403397800004,0.314935991000027],[11.565507986000057,0.250645033000069],[11.578902982000045,0.237719033000076],[11.585402988000055,0.222160979000023],[11.337209968000025,0.222231012000066],[11.33721601700006,0.226113971000075],[11.330334030000074,0.225737026000047],[11.327189025000052,0.240421997000055],[11.320769037000048,0.240341992000026],[11.318310981000025,0.232339006000075],[11.303283031000035,0.237363015000028],[11.294537027000047,0.230447020000042],[11.289185977000045,0.234370012000056],[11.280588992000048,0.229408975000069],[11.26846298700002,0.231402990000049],[11.263391016000071,0.225100004000069],[11.24556399100004,0.231519997000021],[11.240487030000054,0.240257961000054],[11.230024976000038,0.244724976000043],[11.235294021000072,0.255229024000073],[11.232107983000049,0.263801988000068],[11.212272964000022,0.250708041000053],[11.200226009000062,0.251665028000048],[11.202523966000058,0.255414967000036],[11.19576496700006,0.268814983000027],[11.185722982000073,0.260201005000056],[11.177321992000032,0.263711002000036],[11.174787012000024,0.254456022000056],[11.16987599600003,0.260031015000038],[11.155845975000034,0.257726001000037],[11.136772895000036,0.222428973000035],[10.81351696400003,0.22104803700006],[10.82498398100006,0.241266006000046],[10.82508401900003,0.251203979000024],[10.830389013000058,0.257332021000025],[10.835938991000035,0.255672039000046],[10.845159972000033,0.290212997000026],[10.824841002000028,0.303138019000073],[10.821034982000072,0.322522977000062],[10.83162597100005,0.340300984000066],[10.855843968000045,0.364469996000025],[10.87571301500003,0.443802988000073],[10.87315803000007,0.461260024000069],[10.886150996000026,0.484079003000033],[10.884882024000035,0.491737033000049],[10.89343903100007,0.497722004000025],[10.896367013000031,0.522053964000065],[10.90052597600004,0.524194006000073],[10.892771978000042,0.525392015000023],[10.892564027000049,0.519739986000047],[10.888600035000024,0.526760041000045],[10.90174902900003,0.553940972000021],[10.898260984000046,0.569202966000034],[10.904350026000031,0.57475196200005],[10.909116964000077,0.572076997000067],[10.911176024000042,0.579098017000035],[10.91498103300006,0.573992967000038],[10.918230034000032,0.576785962000031],[10.919925035000063,0.567497985000045],[10.92599602000007,0.574872044000074],[10.926908014000048,0.590294993000043],[10.934393002000036,0.593461983000054],[10.939713016000042,0.602933969000048],[10.950954033000073,0.605113037000024],[10.949316023000051,0.613119039000026],[10.963468016000036,0.64005901500002],[10.973609985000053,0.677932998000074],[10.968925034000051,0.697182029000032],[10.97292703200003,0.704175004000035],[10.973037968000028,0.733960976000049],[10.971279001000028,0.768367976000036],[10.966450990000055,0.770897036000065],[10.970198028000027,0.775279038000065],[10.968190983000056,0.786932979000028],[10.955085014000076,0.832205018000025],[10.947637003000068,0.834404044000053],[10.94349496700005,0.844359995000048],[10.936989013000073,0.847179993000054],[10.942729,0.870056045000069],[10.939787024000054,0.881731965000029],[10.943198016000053,0.891994967000073],[10.939075972000069,0.894706036000059],[10.944377031000045,0.92462499200002],[10.940124986000058,0.958089007000069],[10.958308026000054,0.988138959000025],[10.95737301400004,0.99992996900005],[11.352385765000065,1.001009087000057],[11.364902694000023,0.999119994000068],[11.372928070000057,0.982933887000058],[11.403901443000052,0.962076868000054],[11.413739664000047,0.944076197000072],[11.567716025000038,1.015486044000056],[11.811885009000036,1.054036040000028],[12.352463988000068,1.246498020000047],[12.357982023000034,1.239345009000033],[12.351405029000034,1.224943039000038],[12.353728971000066,1.218891001000031]]]}},{"type":"Feature","properties":{"PolyCode":"0905","PolyLabel":"HAUT-COMO","PolyLongitude":10.62483581,"PolyLatitude":0.838908461},"geometry":{"type":"Polygon","coordinates":[[[10.740024764000054,1.034165028000075],[10.883791022000025,1.034219196000038],[10.906145113000036,1.022738982000021],[10.916295384000023,1.006308296000043],[10.931033969000055,1.000094994000051],[10.95737301400004,0.99992996900005],[10.958308026000054,0.988138959000025],[10.940124986000058,0.958089007000069],[10.944377031000045,0.92462499200002],[10.939075972000069,0.894706036000059],[10.943198016000053,0.891994967000073],[10.939787024000054,0.881731965000029],[10.942729,0.870056045000069],[10.936989013000073,0.847179993000054],[10.94349496700005,0.844359995000048],[10.947637003000068,0.834404044000053],[10.954627034000055,0.832961965000038],[10.958911401000023,0.817080300000043],[10.50591225900007,0.658051808000039],[10.492783072000066,0.63125880900003],[10.466956721000031,0.625572885000054],[10.443288426000038,0.603791674000036],[10.437720740000032,0.603785003000041],[10.433030163000069,0.611767328000042],[10.416636929000049,0.595365022000067],[10.397538531000066,0.596921184000053],[10.398576899000034,0.615776666000045],[10.391021067000054,0.620187080000051],[10.376908342000036,0.605118635000053],[10.363639730000045,0.603525715000046],[10.357467821000057,0.618796484000029],[10.336742870000023,0.606397891000029],[10.334942247000072,0.612375561000022],[10.325021995000043,0.615755082000021],[10.323248986000067,0.62401995700003],[10.314338034000059,0.627362995000055],[10.295173845000022,0.600240132000067],[10.293585329000052,0.612043484000026],[10.283943415000067,0.626896457000043],[10.275967532000038,0.620606199000065],[10.271080935000043,0.624318586000072],[10.260633872000028,0.621921622000059],[10.268310522000036,0.665891930000043],[10.277723571000024,0.661486961000037],[10.283901983000021,0.665158016000021],[10.294067948000077,0.658923524000045],[10.302423014000055,0.671381016000055],[10.31749491200003,0.665170025000066],[10.32082002900006,0.67218903600002],[10.314060070000039,0.672144195000044],[10.312070850000055,0.67767591300003],[10.315581773000076,0.698347970000043],[10.328884497000047,0.720206447000066],[10.350588980000055,0.733135066000045],[10.345931,0.73878293000007],[10.352510382000048,0.744915569000057],[10.347420055000043,0.757182926000041],[10.35297991400006,0.787151585000061],[10.364668436000045,0.791868324000063],[10.362606282000058,0.801413771000057],[10.374484677000055,0.81816800100006],[10.383001740000054,0.814154181000049],[10.390892721000057,0.818812835000074],[10.397313117000067,0.835867801000063],[10.411941632000037,0.847010943000043],[10.422675415000072,0.882048958000041],[10.418826339000077,0.891087852000055],[10.425768209000069,0.897562125000036],[10.415684533000046,0.946869569000057],[10.418324784000049,0.95043006700007],[10.423240041000042,0.944849075000036],[10.431422334000047,0.947600769000076],[10.430748858000072,0.964006690000076],[10.435500254000033,0.968438684000034],[10.430393841000068,0.975260057000071],[10.44983882400004,1.000077076000025],[10.696926030000043,0.999909649000074],[10.740024764000054,1.034165028000075]]]}}]}