{"type":"FeatureCollection","name":"10_000","crs":{"type":"name","properties":{"name":"urn:ogc:def:crs:OGC:1.3:CRS84"}},"features":[{"type":"Feature","properties":{"PolyCode":"01","PolyLabel":"ESTUAIRE","PolyLongitude":10.028577781,"PolyLatitude":0.304754743},"geometry":{"type":"MultiPolygon","coordinates":[[[[9.559850449000066,0.262034490000076],[9.547933105000027,0.256503228000042],[9.541210573000058,0.258971764000023],[9.541210385000056,0.278058273000056],[9.560461540000063,0.272193075000075],[9.559850449000066,0.262034490000076]]],[[[9.378861,0.809175],[9.381451,0.810985],[9.381759,0.810554],[9.378861,0.809175]]],[[[9.743957016000024,1.060003019000021],[9.774162033000039,1.03021101500002],[9.78222998700005,1.014862041000072],[9.782017971000073,1.002704039000037],[9.80536696400003,0.99632396100003],[9.819930011000054,1.002814016000059],[9.843854976000046,1.002122038000039],[9.877161995000051,0.988176031000023],[9.885089029000028,0.979648978000057],[9.894574010000042,0.95130602100005],[9.920751032000055,0.943098993000035],[9.933360974000038,0.930558967000024],[9.952140008000072,0.921639015000039],[9.958710964000034,0.928978960000052],[9.992612963000056,0.935378039000057],[9.993173985000055,0.938957968000068],[9.985717988000033,0.94143499200004],[9.991656028000023,0.947259024000061],[9.993312994000064,0.958265033000032],[9.988136004000069,0.962231006000025],[9.985140035000029,0.98098703200003],[9.991792025000052,0.984578977000069],[9.995903036000072,0.999733028000037],[10.44983882400004,1.000077076000025],[10.430393841000068,0.975260057000071],[10.435500254000033,0.968438684000034],[10.430748858000072,0.964006690000076],[10.431422334000047,0.947600769000076],[10.423240041000042,0.944849075000036],[10.418324784000049,0.95043006700007],[10.415684533000046,0.946869569000057],[10.425768209000069,0.897562125000036],[10.418826339000077,0.891087852000055],[10.422675415000072,0.882048958000041],[10.411941632000037,0.847010943000043],[10.397313117000067,0.835867801000063],[10.390892721000057,0.818812835000074],[10.383001740000054,0.814154181000049],[10.374484677000055,0.81816800100006],[10.362606282000058,0.801413771000057],[10.364668436000045,0.791868324000063],[10.35297991400006,0.787151585000061],[10.347420055000043,0.757182926000041],[10.352510382000048,0.744915569000057],[10.345931,0.73878293000007],[10.350395344000049,0.732514193000043],[10.328884497000047,0.720206447000066],[10.311708417000034,0.688649283000075],[10.313631195000028,0.672933100000023],[10.320440994000023,0.670412963000047],[10.316055666000068,0.664797652000061],[10.302423014000055,0.671381016000055],[10.294203797000023,0.658940479000023],[10.271653625000056,0.666367600000058],[10.265173146000052,0.66111231800005],[10.260633872000028,0.621921622000059],[10.271080935000043,0.624318586000072],[10.275967532000038,0.620606199000065],[10.283943415000067,0.626896457000043],[10.293585329000052,0.612043484000026],[10.295173845000022,0.600240132000067],[10.314338034000059,0.627362995000055],[10.323248986000067,0.62401995700003],[10.325021995000043,0.615755082000021],[10.334942247000072,0.612375561000022],[10.336742870000023,0.606397891000029],[10.356807978000063,0.618923043000052],[10.361882705000028,0.604248521000045],[10.375118235000059,0.60445469800004],[10.391021067000054,0.620187080000051],[10.398576899000034,0.615776666000045],[10.395327156000064,0.609049238000068],[10.398070010000026,0.596522049000043],[10.417436018000046,0.595624035000071],[10.434075310000026,0.612172177000048],[10.437720740000032,0.603785003000041],[10.443288426000038,0.603791674000036],[10.466956721000031,0.625572885000054],[10.493555050000055,0.631879699000024],[10.50591225900007,0.658051808000039],[10.958911401000023,0.817080300000043],[10.970252034000055,0.776245039000059],[10.966450990000055,0.770897036000065],[10.971279001000028,0.768367976000036],[10.972987972000055,0.705042969000033],[10.968925034000051,0.697182029000032],[10.973609985000053,0.677932998000074],[10.963468016000036,0.64005901500002],[10.949316023000051,0.613119039000026],[10.950954033000073,0.605113037000024],[10.939713016000042,0.602933969000048],[10.934393002000036,0.593461983000054],[10.926908014000048,0.590294993000043],[10.92599602000007,0.574872044000074],[10.919925035000063,0.567497985000045],[10.918230034000032,0.576785962000031],[10.91498103300006,0.573992967000038],[10.911176024000042,0.579098017000035],[10.909116964000077,0.572076997000067],[10.904350026000031,0.57475196200005],[10.898260984000046,0.569202966000034],[10.90174902900003,0.553940972000021],[10.888600035000024,0.526760041000045],[10.892564027000049,0.519739986000047],[10.892771978000042,0.525392015000023],[10.90052597600004,0.524194006000073],[10.896367013000031,0.522053964000065],[10.89343903100007,0.497722004000025],[10.884882024000035,0.491737033000049],[10.886150996000026,0.484079003000033],[10.87315803000007,0.461260024000069],[10.87571301500003,0.443802988000073],[10.855843968000045,0.364469996000025],[10.83162597100005,0.340300984000066],[10.821034982000072,0.322522977000062],[10.824841002000028,0.303138019000073],[10.845159972000033,0.290212997000026],[10.835938991000035,0.255672039000046],[10.830389013000058,0.257332021000025],[10.82508401900003,0.251203979000024],[10.82498398100006,0.241266006000046],[10.814071004000027,0.221845991000066],[10.80900002200002,0.216739980000057],[10.80924800400004,0.22407202200003],[10.79673596400005,0.22196802600007],[10.796637969000074,0.226232010000047],[10.785848986000076,0.23176197500004],[10.76113902800006,0.221283018000065],[10.751552012000047,0.20979503500007],[10.696320968000066,0.218565033000061],[10.660030977000076,0.212818982000044],[10.671840004000046,0.186655013000063],[10.66312399800006,0.179714032000049],[10.665232020000076,0.169511964000037],[10.660193967000055,0.153948008000043],[10.632934983000041,0.144431981000025],[10.638325966000025,0.131291978000036],[10.639278005000051,0.103611972000067],[10.646911025000065,0.090512979000039],[10.651403041000037,0.067077981000068],[10.641576994000047,0.068273994000037],[10.64157797100006,0.062211987000069],[10.634222002000058,0.057982981000066],[10.626363987000047,0.068672982000066],[10.607269032000033,0.067555009000046],[10.59086803300005,0.030702019000046],[10.582311023000045,0.032935991000045],[10.58231100200004,0.022087029000033],[10.560521975000029,0.020412039000064],[10.539500027000031,-0.000322003999941],[10.498136036000062,-0.010280964999936],[10.489220983000052,-0.056690019999962],[10.452798997000059,-0.066344984999944],[10.40798099400007,-0.092334026999936],[10.407721991000074,-0.113945012999977],[10.399370030000057,-0.11895801999998],[10.38014699100006,-0.16403295899994],[10.379519973000072,-0.198807965999947],[10.354306973000064,-0.231510965999973],[10.343105027000036,-0.23252195799995],[10.33323796700006,-0.241235008999979],[10.296794979000026,-0.241231007999943],[10.288255036000066,-0.247236044999966],[10.274729028000024,-0.246684025999969],[10.271921030000044,-0.265484017999938],[10.255056981000052,-0.278192],[10.250211928000056,-0.291577985999936],[10.224575985000058,-0.300903995999931],[10.128024968000034,-0.367507001999968],[9.994193964000033,-0.424612015999969],[9.986567017000027,-0.419461012999932],[9.99231002700003,-0.413307968999959],[9.988595990000022,-0.381937992999951],[9.994275982000033,-0.377645020999978],[9.99120199400005,-0.371531995999931],[9.98261502400004,-0.372494031999963],[9.988387017000036,-0.360211008999954],[9.983251994000057,-0.332991030999949],[9.953189972000075,-0.307701042999952],[9.945427964000032,-0.308019000999934],[9.939470035000056,-0.317272023999976],[9.913588022000056,-0.301474006999968],[9.894426031000023,-0.296222965999959],[9.884757023000077,-0.298756985999944],[9.883986014000072,-0.31182598099997],[9.868882965000068,-0.322571029999949],[9.87103302600002,-0.333739033999962],[9.84482700500007,-0.354723987999932],[9.839119975000074,-0.370349982999926],[9.832781015000023,-0.374249998999971],[9.810526029000073,-0.37305302599998],[9.803241972000023,-0.380272998999942],[9.797098025000025,-0.378603955999949],[9.783458016000054,-0.35895701499993],[9.77466703400006,-0.361055977999968],[9.76494503500004,-0.350197021999975],[9.762935975000062,-0.34162801399998],[9.767782011000065,-0.330012972999953],[9.734771984000076,-0.361175032999938],[9.711996015000068,-0.371261983999943],[9.675812009000026,-0.37254102299994],[9.612482012000044,-0.397643967999954],[9.577452003000076,-0.38909603299993],[9.555373996000071,-0.390729955999973],[9.549501032000023,-0.397502021999969],[9.556698035000068,-0.41109303199994],[9.553047997000021,-0.437239044999956],[9.566360046000057,-0.468165001999978],[9.562705037000057,-0.491257007999934],[9.578663023000047,-0.507851966999965],[9.565281019000054,-0.527457002999938],[9.573757972000067,-0.564638985999977],[9.566855029000067,-0.572210022999968],[9.559214963000045,-0.568698963999964],[9.557145973000047,-0.557411987999956],[9.543668020000041,-0.535448992999932],[9.534008972000038,-0.529706028999954],[9.520302020000031,-0.501104028999976],[9.51010803400004,-0.496694027999979],[9.49875399800004,-0.499965997999936],[9.48339801800006,-0.48521203699994],[9.448350982000022,-0.478336000999946],[9.44051502800005,-0.47107901399994],[9.428346020000049,-0.478508028999954],[9.421917995000058,-0.474194042999954],[9.397845007000058,-0.449461989999975],[9.38653503200004,-0.419311035999954],[9.345768965000048,-0.383924985999954],[9.341655020000076,-0.371808039999962],[9.345459973000061,-0.363764982999953],[9.33317302200004,-0.337675986999955],[9.32215999500005,-0.339964978999944],[9.317200976000038,-0.33481797099995],[9.322192991000065,-0.319835009999963],[9.319558027000028,-0.30898095699996],[9.326396017000036,-0.294251027999962],[9.321715995000034,-0.281551011999966],[9.308408001000032,-0.279463],[9.301776003000043,-0.273343975999978],[9.305032013000073,-0.206270965999977],[9.312018035000051,-0.200331978999941],[9.326069976000042,-0.154255033999959],[9.326548984000055,-0.052338035999981],[9.328807981000068,-0.045174996999947],[9.341331996000065,-0.037065041999938],[9.348575035000067,0.007327972000041],[9.342239971000026,0.066948041000046],[9.314134018000061,0.191041970000072],[9.31395500900004,0.236716044000048],[9.301873969000042,0.305737987000043],[9.309697032000031,0.309642008000026],[9.31235102900007,0.32566498400007],[9.318143028000065,0.330571999000028],[9.332794987000057,0.331634044000054],[9.35485897600006,0.352776023000047],[9.36650598400007,0.322650024000041],[9.377910978000045,0.308067004000065],[9.368539989000055,0.292445998000062],[9.375619971000049,0.285986985000022],[9.377635008000027,0.259444030000054],[9.389755016000038,0.233738980000055],[9.387747016000048,0.221584991000043],[9.380147026000031,0.217040001000044],[9.383236036000028,0.207475959000021],[9.395828029000029,0.205005965000055],[9.405128992000073,0.211433984000053],[9.410409991000051,0.210380985000029],[9.411754036000048,0.203536030000066],[9.423458033000031,0.206206960000031],[9.433833027000048,0.194650989000024],[9.438664996000057,0.178151039000056],[9.443099024000048,0.17942696700004],[9.45078002200006,0.172493016000033],[9.45228498800003,0.164999997000052],[9.45897803500003,0.171949037000047],[9.472873999000058,0.147466005000069],[9.49441100100006,0.149939019000044],[9.51458003700003,0.172687045000032],[9.525291035000066,0.165568036000025],[9.558706984000025,0.162223021000045],[9.57397297500006,0.154620968000074],[9.583574999000064,0.13105603200006],[9.606698034000033,0.131934999000066],[9.627444026000035,0.153222963000076],[9.645658027000025,0.147165966000046],[9.650332019000075,0.131221043000039],[9.661260968000022,0.124206958000059],[9.668538977000026,0.132161982000071],[9.691748979000067,0.132022991000042],[9.742355970000062,0.116241014000025],[9.756944024000063,0.095022963000019],[9.763313036000056,0.095277],[9.765326032000075,0.073905035000053],[9.787581812000042,0.062505123000051],[9.758590965000053,0.118475008000075],[9.757665996000071,0.128843990000064],[9.764697001000059,0.133158979000029],[9.807534021000038,0.139130002000059],[9.815850997000041,0.133389026000032],[9.880162995000035,0.16251397000002],[9.902547967000032,0.167672019000065],[9.923691012000063,0.185749026000053],[9.931452023000077,0.185263977000034],[9.952156967000064,0.168678993000071],[9.964142981000066,0.165754010000057],[9.998744989000045,0.168176011000071],[10.012143012000024,0.17568998500002],[10.025294981000059,0.191517015000045],[10.05146101500003,0.181740969000032],[10.037387,0.190437],[10.037037001000044,0.196992001000069],[10.02765299400005,0.198236958000052],[9.996790034000071,0.18049304300007],[9.954651974000058,0.173033033000024],[9.92217499700007,0.198353955000073],[9.874396027000046,0.176652033000039],[9.843686030000072,0.169990958000028],[9.799770024000054,0.168629974000055],[9.749631,0.185745],[9.719142,0.202585],[9.70924,0.223233],[9.694986,0.218527],[9.696729,0.212949],[9.691026,0.216613],[9.67836,0.212269],[9.662277,0.222678],[9.655545,0.236698],[9.642668,0.234147],[9.629568,0.247536],[9.597287,0.263281],[9.570842,0.290645],[9.547829205000028,0.287238519000027],[9.522829634000061,0.300997796000047],[9.510279380000043,0.28468435700006],[9.499381350000021,0.284012355000073],[9.471822356000075,0.337208343000043],[9.471442102000026,0.353901819000043],[9.43172063000003,0.399622942000065],[9.408485,0.454932],[9.381232,0.49556],[9.347949,0.519348],[9.33208,0.518719],[9.329464,0.511542],[9.318335,0.504338],[9.306768,0.514861],[9.307655,0.597669],[9.321315,0.620578],[9.348013,0.624702],[9.35667,0.620169],[9.375215,0.622648],[9.398623,0.646781],[9.434601,0.643657],[9.449233,0.654979],[9.498404,0.673779],[9.518128,0.674763],[9.569728221000048,0.620464559000027],[9.60870002400003,0.627515042000027],[9.615011993000053,0.676521029000071],[9.610721007000052,0.70657398100002],[9.617991024000048,0.736074995000024],[9.600135024000053,0.802871973000038],[9.581813005000072,0.836020124000072],[9.568555980000042,0.918300979000037],[9.550813392000066,0.934092521000025],[9.549998602000073,0.951859890000037],[9.563346096000032,0.969464642000048],[9.57347242800006,0.998483780000072],[9.579863106000062,1.005011951000029],[9.590034481000032,1.010979493000036],[9.601072037000051,1.007138034000036],[9.609814998000047,1.015736028000049],[9.61394200500007,1.011122987000022],[9.623360028000036,1.014071959000034],[9.624752963000049,1.009130041000049],[9.654793993000055,1.019039006000071],[9.664432981000061,1.059466001000033],[9.686722967000037,1.052245009000046],[9.743957016000024,1.060003019000021]]]]}},{"type":"Feature","properties":{"PolyCode":"02","PolyLabel":"HAUT-OGOOUE","PolyLongitude":13.73808787,"PolyLatitude":-1.333270412},"geometry":{"type":"Polygon","coordinates":[[[13.335365300000035,0.034141121000062],[13.509103727000024,0.028596679000032],[13.542053373000044,0.01703066400006],[13.546252414000037,0.010011567000049],[13.555680667000047,0.011845986000026],[13.569783292000068,0.002354190000062],[13.578219348000061,0.005517349000058],[13.59661171700003,0.000200550000045],[13.614738965000072,0.002243013000054],[13.62244802300006,-0.00265802399997],[13.645271022000031,-0.002890003999937],[13.649643014000048,-0.007354969999938],[13.657535995000046,-0.003258975999927],[13.658426011000074,-0.013130024999953],[13.666656035000074,-0.006646042999932],[13.683813013000076,-0.013224970999943],[13.700564024000073,-0.009118042999944],[13.711848021000037,-0.017846021999958],[13.751266034000025,-0.028658041999961],[13.778279983000061,-0.048276961999932],[13.798179025000024,-0.074208971999951],[13.814247027000022,-0.084005038999976],[13.828427016000035,-0.086317019999967],[13.854105008000033,-0.102919020999934],[13.873898018000034,-0.101785973999938],[13.891754970000022,-0.085751037999955],[13.876426999000046,-0.108156004999955],[13.872950010000068,-0.123867982999968],[13.856329002000052,-0.134914988999924],[13.859733025000025,-0.156897038999944],[13.84295703500004,-0.186531979999927],[13.84754500300005,-0.197662],[13.862204017000067,-0.204077954999946],[13.882442021000031,-0.233416981999937],[13.892201015000069,-0.237969002999932],[13.90040302400007,-0.22944397699996],[13.911928017000037,-0.234650967999926],[13.915228972000023,-0.220012955999948],[13.926737036000077,-0.216132984999945],[13.945131022000055,-0.229542970999944],[13.96712096300007,-0.231632002999959],[13.99981899100004,-0.247899981999979],[14.000193006000075,-0.254350994999925],[14.011728004000076,-0.247849982999981],[14.01577197000006,-0.258608033999963],[14.033829017000073,-0.245592976999944],[14.04598900700006,-0.256227992999925],[14.054656023000064,-0.256139995999945],[14.068885993000038,-0.239984040999957],[14.112880037000025,-0.270041009999943],[14.117675022000071,-0.281129974999942],[14.132102979000024,-0.274976991999949],[14.142311023000047,-0.279568010999981],[14.15026400100004,-0.286171025999977],[14.150376035000022,-0.297061983999924],[14.160769998000035,-0.317053023999961],[14.163793032000058,-0.353307000999962],[14.176922009000066,-0.36609503699998],[14.175496022000061,-0.396803981999938],[14.183115980000025,-0.454034024999942],[14.192072997000025,-0.450822971999969],[14.189103017000036,-0.438974969999947],[14.200872021000066,-0.439633036999965],[14.217263011000057,-0.430546026999934],[14.25026202500004,-0.44059002399996],[14.257277982000062,-0.438625016999936],[14.25789702000003,-0.450325034999935],[14.270510030000025,-0.454157040999974],[14.283066020000035,-0.448319959999935],[14.287315987000056,-0.432817004999947],[14.296542024000075,-0.427655036999965],[14.310081034000063,-0.435295975999964],[14.323737982000068,-0.430809001999933],[14.341969989000063,-0.441219966999938],[14.343647976000057,-0.454564996999977],[14.377399032000028,-0.463210035999964],[14.389220030000047,-0.473983039999951],[14.412282980000043,-0.471317992999957],[14.423437985000078,-0.481295001999968],[14.433225013000026,-0.480580982999925],[14.436642992000031,-0.50815795799997],[14.431303,-0.523152993999929],[14.457169004000036,-0.520048996999947],[14.46522999900003,-0.524440993999974],[14.47119802700007,-0.547248004999972],[14.482725026000026,-0.553946975999963],[14.490999980000026,-0.567351015999975],[14.500612985000032,-0.56769602199995],[14.49761298900006,-0.590222038999968],[14.517844971000045,-0.609167],[14.528796026000066,-0.613430994999931],[14.509190034000028,-0.640790955999933],[14.526479997000024,-0.664633988999924],[14.495810001000052,-0.697817007999959],[14.494821014000024,-0.713400013999944],[14.480902997000044,-0.723017007999943],[14.481121037000037,-0.739180961999978],[14.465285005000055,-0.749985030999937],[14.47552601700005,-0.772014030999969],[14.469104978000075,-0.775566984999955],[14.471399003000045,-0.786119031999931],[14.460847975000036,-0.789627981999956],[14.452726978000044,-0.803484002999937],[14.462123973000075,-0.810429970999962],[14.470829027000036,-0.826725014999965],[14.481522986000073,-0.829966978999948],[14.479483982000033,-0.86524600499996],[14.459683003000066,-0.879447991999939],[14.442086964000055,-0.910690961999933],[14.422226981000051,-0.931358973999977],[14.436774987000035,-0.94393600199993],[14.429674972000043,-0.955545034999943],[14.433738967000068,-0.963756986999954],[14.432255997000027,-0.977375016999929],[14.438305023000055,-0.984741976999942],[14.43081297200007,-0.99613596599994],[14.437814027000059,-1.002220028999943],[14.420449004000034,-1.018053016999943],[14.42510201500005,-1.039765024999951],[14.44576102600007,-1.05792503899994],[14.445018008000034,-1.087181975999954],[14.470075983000072,-1.124230963999935],[14.47313497700003,-1.142973996999956],[14.457153015000074,-1.17325404099995],[14.493854992000024,-1.20632500399995],[14.487731970000027,-1.21900601599998],[14.495160018000036,-1.233544012999971],[14.494342970000048,-1.248805968999932],[14.506553992000022,-1.266860038999937],[14.505750033000027,-1.274234973999967],[14.49611298700006,-1.27742200299997],[14.49206700600007,-1.284105976999967],[14.494469970000068,-1.298228958999971],[14.484930966000036,-1.320610004999935],[14.449544008000032,-1.343923978999953],[14.462856010000053,-1.367295955999964],[14.487811003000047,-1.372132955999973],[14.497720999000023,-1.394875990999935],[14.511322026000073,-1.398835026999961],[14.518682024000043,-1.407939984999928],[14.522491028000047,-1.424700996999945],[14.513937002000034,-1.436160042999973],[14.488208988000054,-1.448660042999961],[14.488589988000058,-1.463086027999964],[14.471834972000067,-1.478000012999928],[14.488402004000022,-1.50053199499996],[14.464109010000072,-1.511060044999965],[14.463717022000026,-1.523369975999969],[14.49225802500007,-1.548891028999947],[14.491816993000043,-1.559618963999981],[14.480945003000045,-1.563351024999974],[14.46338703500004,-1.556146030999969],[14.457049998000059,-1.563089042999934],[14.447814980000032,-1.560320990999969],[14.439676993000035,-1.580526035999981],[14.421609011000044,-1.603303021999977],[14.39175599500004,-1.60754800899997],[14.387316989000055,-1.612517994999962],[14.403589028000056,-1.639764012999933],[14.424734030000025,-1.646973027999934],[14.428168988000039,-1.676876005999929],[14.433564020000063,-1.683759038999938],[14.443091004000053,-1.68681397499995],[14.462500974000022,-1.682021966999969],[14.46583798200004,-1.689988971999981],[14.479199982000068,-1.699400029999936],[14.475121977000072,-1.708562035999933],[14.45984399100007,-1.710563967999974],[14.446392971000023,-1.719423995999932],[14.436702026000034,-1.735808030999976],[14.437507033000031,-1.747974986999964],[14.427285984000036,-1.752759971999978],[14.425490977000038,-1.776382955999964],[14.432611013000042,-1.788198974999943],[14.439872001000026,-1.790735038999969],[14.442073974000039,-1.80791103699994],[14.430527988000051,-1.829223979999938],[14.418511032000026,-1.870081974999948],[14.43308498700003,-1.877902994999943],[14.43544898600004,-1.901198037999961],[14.402075987000046,-1.922733021999932],[14.389019036000036,-1.918338011999936],[14.381224968000026,-1.928783039999928],[14.36588703600006,-1.929998981999972],[14.34234398700005,-1.942936008999936],[14.316100991000042,-1.939326966999943],[14.304739963000031,-1.949189043999979],[14.308334021000064,-1.961503960999949],[14.302865986000029,-1.972822002999976],[14.281437027000038,-1.966073992999952],[14.261798011000053,-1.975987957999962],[14.257510001000071,-1.99925103299995],[14.242607974000066,-2.010344984999961],[14.24167901100003,-2.026133023999932],[14.263489974000038,-2.030792013999928],[14.27085102600006,-2.052956001999974],[14.27108002500006,-2.062834991999978],[14.255983015000027,-2.102474964999942],[14.267736023000055,-2.117404001999944],[14.266767987000037,-2.130173026999955],[14.244834978000029,-2.148719998999979],[14.225022024000054,-2.151800019999939],[14.219116965000069,-2.165224027999955],[14.23126899600004,-2.180741019999971],[14.226959,-2.193182044999958],[14.208236991000035,-2.204796983999927],[14.185668012000065,-2.208160000999953],[14.174508034000041,-2.218399982999927],[14.157473973000037,-2.223669981999933],[14.151574979000031,-2.232299980999926],[14.16425201800007,-2.243831025999953],[14.187199017000069,-2.245496962999937],[14.184355982000056,-2.262710992999928],[14.195409965000067,-2.272670994999942],[14.194940982000048,-2.282778028999928],[14.223460963000036,-2.298028974999966],[14.239828001000035,-2.326911002999964],[14.259899005000022,-2.340237982999952],[14.220780984000044,-2.364060986999959],[14.200586013000077,-2.36059701299996],[14.182900996000058,-2.369862005999948],[14.162437036000028,-2.390543015999981],[14.153698029000054,-2.390401001999976],[14.147681018000071,-2.41124396999993],[14.137069977000067,-2.417647002999956],[14.14640401500003,-2.430938963999949],[14.142166989000032,-2.456305998999937],[14.127456003000077,-2.459865984999965],[14.112732012000038,-2.475169995999977],[14.10622698900005,-2.488210010999978],[14.108413983000048,-2.506572981999966],[14.101776031000043,-2.511609958999941],[14.084755012000073,-2.494513971999936],[14.068873033000045,-2.495579978999956],[14.064654977000032,-2.49140700199996],[14.063837999000043,-2.475620042999935],[14.059077022000054,-2.473076014999947],[14.039035007000052,-2.479250961999981],[14.034211973000026,-2.491933006999943],[14.026894011000024,-2.494214021999937],[14.022679011000037,-2.490033016999973],[13.999358991000065,-2.50027597299993],[13.994344023000053,-2.490019036999968],[13.99543798700006,-2.475833019999925],[13.981781030000036,-2.461900029999924],[13.96879496500003,-2.467375983999943],[13.95479,-2.462782997999966],[13.95198599300005,-2.47231099399994],[13.941684008000038,-2.475835009999969],[13.940113032000056,-2.487609975999931],[13.926526035000052,-2.48735101799997],[13.920039029000066,-2.492289970999934],[13.897713028000055,-2.488790007999967],[13.893714001000035,-2.480747980999979],[13.884089980000056,-2.475407984999947],[13.875995963000037,-2.477946961999976],[13.866826007000043,-2.467885],[13.871211005000077,-2.407420026999944],[13.895308020000073,-2.393722968999953],[13.91064198500004,-2.360795972999938],[13.917452984000022,-2.361127990999933],[13.923700027000052,-2.368349032999959],[13.936271970000064,-2.349047997999946],[13.929757985000037,-2.339965992999964],[13.915646023000022,-2.341815013999963],[13.895421028000044,-2.332995959999948],[13.886198008000065,-2.317587032999938],[13.878828034000037,-2.315313993999951],[13.880400974000054,-2.309491029999947],[13.886905005000074,-2.308284957999945],[13.886831026000038,-2.292946020999977],[13.87831299800007,-2.285328956999933],[13.876945990000024,-2.270577991999971],[13.86631998300004,-2.268359003999933],[13.84835802400005,-2.252257005999979],[13.84677799700006,-2.237042033999955],[13.832487,-2.219356031999951],[13.827937021000025,-2.199164009999947],[13.818570020000038,-2.191418000999931],[13.810100025000054,-2.150479956999959],[13.790268008000055,-2.131455005999953],[13.780083998000066,-2.12936603299994],[13.770838991000062,-2.108893972999965],[13.772748006000029,-2.097572991999925],[13.761446091000039,-2.08315304499996],[13.749147020000066,-2.135157957999979],[13.728880034000042,-2.159346009999979],[13.723757971000055,-2.186708009999961],[13.727335966000055,-2.192526956999927],[13.64261297400003,-2.29989100399996],[13.627420968000024,-2.304019030999939],[13.627560008000046,-2.319475955999962],[13.619900022000024,-2.332437024999933],[13.609150973000055,-2.336523997999961],[13.599598007000054,-2.328100973999938],[13.601046010000061,-2.332559992999961],[13.586909035000076,-2.339305036999974],[13.584220970000047,-2.346068954999964],[13.581532972000048,-2.341687974999957],[13.564930977000074,-2.350334981999936],[13.564053990000048,-2.362080995999975],[13.554234031000021,-2.367577031999929],[13.55382097000006,-2.376646964999964],[13.543349998000053,-2.373150014999965],[13.538759012000071,-2.380811961999939],[13.531466008000052,-2.38257501399994],[13.53181203500003,-2.387413040999945],[13.51577603000004,-2.393439957999931],[13.514196029000061,-2.398866005999935],[13.511574980000034,-2.394962979999946],[13.511505010000064,-2.403016001999958],[13.488597971000047,-2.436513985999966],[13.47790500700006,-2.424590000999956],[13.448977972000023,-2.414576957999941],[13.43555200700007,-2.420169034999958],[13.414755021000076,-2.41394704399994],[13.415962978000039,-2.416710987999977],[13.412817004000033,-2.417833027999961],[13.411595979000026,-2.413971956999944],[13.406210987000065,-2.420837991999974],[13.392886009000051,-2.419416033999937],[13.377576971000053,-2.425795995999977],[13.361151982000024,-2.407482964999929],[13.33769899300006,-2.394835027999932],[13.33639101500006,-2.388841989999946],[13.323547972000028,-2.393959022999979],[13.306305973000065,-2.393033013999968],[13.270712296000056,-2.374545497999975],[13.247715779000032,-2.377278789999934],[13.213911533000044,-2.35513216399994],[13.209780848000037,-2.347818664999977],[13.204612527000052,-2.35273439499997],[13.197160441000051,-2.349742345999971],[13.19662156000004,-2.353870823999955],[13.165124067000022,-2.372141704999933],[13.149523568000063,-2.367153323999958],[13.140017123000064,-2.372021384999925],[13.128134210000042,-2.367347518999964],[13.110965472000032,-2.350112847999981],[13.094554195000057,-2.356872631999977],[13.088915626000073,-2.347737080999934],[13.07955798200004,-2.349020806999931],[13.031158123000068,-2.321135306999963],[13.02006657000004,-2.337737204999939],[13.019813799000076,-2.349030576999951],[13.012295098000038,-2.362924885999973],[12.996820594000042,-2.366959517999931],[13.010509317000071,-2.353165828999977],[13.00442434100006,-2.343957562999947],[13.014823568000054,-2.338223698999968],[13.01906875700007,-2.327932009999927],[13.019868539000072,-2.315693693999947],[13.014021440000022,-2.310040046999973],[13.018532664000077,-2.293424709999954],[13.028438572000027,-2.296228329999963],[13.043188580000049,-2.289099368999928],[13.040450451000027,-2.276416129999973],[13.034139409000034,-2.276138346999971],[13.033370948000027,-2.269706007999957],[13.019712215000027,-2.266831569999965],[13.015431571000022,-2.271494104999931],[13.01198749200006,-2.264159477999954],[13.015090789000055,-2.254771348999952],[13.002320817000054,-2.24740789699996],[13.006215121000025,-2.240389101999938],[13.000042467000071,-2.241208934999975],[12.991545866000024,-2.224939839999934],[12.97043932500003,-2.208839294999962],[12.97405297000006,-2.196970249999936],[12.96249547800005,-2.186984007999968],[12.963061023000023,-2.17829248399994],[12.949155245000043,-2.184157499999969],[12.949653501000057,-2.19544891399994],[12.93820759600004,-2.202199297999925],[12.933889044000068,-2.195221492999963],[12.92596730400004,-2.193115631999945],[12.929648194000038,-2.180199202999972],[12.917284321000068,-2.165431174999981],[12.91484871700004,-2.155446155999925],[12.89462127400003,-2.148831800999972],[12.90039605100003,-2.134846468999967],[12.917505473000062,-2.11991637899996],[12.90776653100005,-2.113389701999949],[12.897630296000045,-2.118318041999942],[12.884015130000023,-2.101277014999937],[12.89301225500003,-2.090916022999977],[12.90538519100005,-2.095040926999957],[12.909745944000065,-2.089929584999936],[12.902896554000051,-2.083324222999977],[12.899655574000064,-2.069471225999962],[12.893163345000062,-2.065292853999949],[12.885068128000057,-2.073715364999941],[12.875660512000024,-2.064096865999943],[12.875671107000073,-2.048031659999936],[12.866100482000036,-2.043684583999948],[12.865164221000043,-2.03785774399995],[12.87375303500005,-2.045106972999974],[12.881971986000053,-2.045100008999952],[12.888985964000028,-2.059300039999926],[12.903975993000074,-2.04790497099998],[12.919169024000041,-2.046203027999979],[12.928303972000037,-2.035102987999949],[12.945033980000062,-2.034441043999948],[12.93472097700004,-2.023690968999972],[12.937282981000067,-2.015100980999932],[12.92391002200003,-2.002997966999942],[12.913680033000048,-1.96402898599996],[12.880396585000028,-1.884612880999953],[12.865647009000043,-1.882067010999947],[12.869814015000031,-1.875731996999946],[12.855807042000038,-1.865875976999973],[12.834425017000058,-1.825008992999926],[12.82287896500003,-1.820268000999931],[12.818873969000038,-1.833105992999947],[12.795687979000036,-1.830002033999961],[12.792368013000043,-1.80663502699997],[12.78148038200004,-1.795781079999927],[12.780286889000024,-1.785888310999951],[12.769024526000067,-1.777755057999968],[12.768703563000031,-1.768659884999977],[12.788753703000054,-1.745354440999961],[12.787399552000068,-1.730116333999945],[12.80325420500003,-1.723966262999966],[12.805796486000077,-1.71286306899998],[12.800029944000073,-1.692054180999946],[12.809574973000053,-1.670827761999931],[12.816234265000048,-1.66958842799994],[12.823801674000038,-1.659612291999963],[12.823199216000035,-1.640424634999931],[12.831287033000024,-1.643014311999934],[12.84729862000006,-1.63510897599997],[12.83951932900004,-1.611576231999948],[12.849261755000043,-1.589512326999966],[12.874112291000074,-1.581164634999936],[12.87494336800006,-1.577653901999952],[12.872526356000037,-1.580088214999932],[12.865269271000045,-1.572671541999966],[12.874224565000077,-1.565088443999969],[12.875833800000066,-1.556955366999944],[12.884805936000078,-1.559618857999965],[12.88670471100005,-1.550203824999926],[12.89375867700005,-1.546291531999941],[12.89252470300005,-1.533806212999934],[12.896776373000023,-1.529437748999953],[12.887912497000059,-1.499142813999924],[12.904036031000032,-1.477036568999949],[12.902924171000052,-1.472050728999932],[12.927214604000028,-1.455087213999946],[12.934706371000061,-1.456161175999966],[12.944569883000042,-1.441876190999949],[12.941517077000071,-1.439843153999959],[12.945637530000056,-1.435573128999977],[12.941989507000073,-1.431904694999957],[12.945387792000076,-1.406493123999951],[12.957037908000075,-1.399786811999945],[12.972895521000055,-1.408276821999948],[12.979349347000039,-1.391998900999965],[12.989574693000066,-1.391236712999955],[12.990166944000066,-1.385731704999955],[12.997538242000076,-1.383853761999944],[13.00482239300004,-1.387164216999963],[13.010870843000077,-1.377489784999966],[13.016707791000044,-1.380369242999961],[13.014484891000052,-1.37223277399994],[13.025676013000066,-1.370415741999977],[13.02526094600006,-1.361936661999948],[13.028511521000041,-1.363371266999934],[13.034767554000041,-1.349088190999964],[13.046894047000023,-1.345811970999932],[13.065049997000074,-1.355058360999976],[13.078922723000062,-1.33444052699997],[13.091359374000035,-1.339569788999938],[13.096095709000053,-1.336506800999928],[13.093496066000057,-1.331591051999965],[13.102454144000035,-1.334459056999947],[13.11103306800004,-1.318055572999924],[13.10600726000007,-1.303264723999973],[13.10874565000006,-1.293762809999976],[13.118922982000072,-1.293606017999934],[13.123515506000047,-1.282754455999964],[13.127004018000036,-1.284906752999973],[13.126049465000051,-1.277328489999945],[13.137308781000058,-1.286577488999967],[13.13762306600006,-1.280195255999956],[13.144827715000076,-1.285142138999959],[13.16258779900005,-1.274360479999928],[13.163218500000028,-1.266701659999967],[13.157907567000052,-1.265587263999976],[13.157721214000048,-1.260279674999936],[13.163532546000056,-1.259840897999936],[13.166437812000026,-1.252378666999959],[13.167248923000045,-1.239815648999979],[13.163046458000053,-1.23598828799993],[13.16782016600007,-1.225277903999938],[13.16327585700003,-1.216523107999933],[13.167391461000022,-1.202799911999932],[13.163938169000062,-1.198323842999969],[13.16001955300004,-1.200808607999932],[13.161124491000066,-1.189799132999951],[13.15549737400005,-1.185974085999931],[13.161975834000032,-1.176891527999942],[13.162140974000067,-1.156213350999963],[13.153420520000054,-1.15087198699996],[13.158385009000028,-1.140436025999975],[13.150324751000028,-1.139066369999966],[13.160228923000034,-1.131563534999941],[13.15387609100003,-1.12811703999995],[13.175710791000029,-1.119525216999932],[13.185303981000061,-1.13964797899996],[13.202428862000033,-1.145656162999956],[13.211823675000062,-1.143544252999959],[13.223552970000071,-1.158431851999978],[13.249056234000022,-1.177048075999949],[13.265084107000064,-1.178840855999965],[13.27755071300004,-1.190173637999976],[13.565286945000025,-0.761534213999937],[13.327647290000073,-0.280160305999971],[13.319421576000025,-0.277626563999945],[13.307121367000036,-0.260755863999975],[13.305869097000027,-0.232448903999966],[13.299904929000036,-0.227723699999956],[13.264146116000063,-0.222289644999933],[13.234182653000062,-0.186548230999961],[13.239789447000021,-0.154326504999972],[13.22799073300007,-0.129960166999979],[13.220204426000066,-0.081532196999945],[13.231724260000021,-0.065431934999935],[13.246934961000022,-0.02464176999996],[13.267295431000036,0.000713693000023],[13.27321300400007,0.049897888000032],[13.335365300000035,0.034141121000062]]]}},{"type":"Feature","properties":{"PolyCode":"03","PolyLabel":"MOYEN-OGOOUE","PolyLongitude":10.548726984,"PolyLatitude":-0.441900742},"geometry":{"type":"Polygon","coordinates":[[[11.19576496700006,0.268814983000027],[11.202523966000058,0.255414967000036],[11.198885938000046,0.252175965000049],[11.212272964000022,0.250708041000053],[11.232107983000049,0.263801988000068],[11.235294021000072,0.255229024000073],[11.230024976000038,0.244724976000043],[11.240487030000054,0.240257961000054],[11.24556399100004,0.231519997000021],[11.263391016000071,0.225100004000069],[11.26846298700002,0.231402990000049],[11.280588992000048,0.229408975000069],[11.289185977000045,0.234370012000056],[11.294537027000047,0.230447020000042],[11.303283031000035,0.237363015000028],[11.318310981000025,0.232339006000075],[11.320769037000048,0.240341992000026],[11.327189025000052,0.240421997000055],[11.330334030000074,0.225737026000047],[11.33721601700006,0.226113971000075],[11.337209968000025,0.222231012000066],[11.587384004000057,0.220404992000056],[11.572846004000041,0.202522997000074],[11.56528297500006,0.202142986000069],[11.562894035000056,0.195669992000035],[11.553573966000044,0.19088004200006],[11.548074001000032,0.170215984000038],[11.541258008000057,0.170535026000039],[11.536633988000062,0.16226699300006],[11.543873981000047,0.140613985000073],[11.516184013000043,0.127662039000029],[11.512053981000065,0.102913004000072],[11.506832024000062,0.108042963000059],[11.496067021000044,0.105538010000032],[11.482927026000027,0.112926013000049],[11.480198980000068,0.106646042000023],[11.471792031000064,0.104906981000056],[11.474487019000037,0.102793008000049],[11.474844027000074,0.098644032000038],[11.471785977000025,0.10358504200002],[11.467829969000036,0.100119987000028],[11.464728009000055,0.10329095700007],[11.457512,0.093437956000059],[11.451066964000063,0.095771027000069],[11.448781002000032,0.084443963000069],[11.440971994000051,0.083700982000039],[11.439298030000032,0.091980965000062],[11.434377052000059,0.082664960000045],[11.426037069000074,0.086844993000057],[11.42601998300006,0.074026035000031],[11.415323967000063,0.071276033000061],[11.414550986000052,0.062978958000031],[11.401400029000058,0.064728015000071],[11.40212090600005,0.067729961000055],[11.39582802800004,0.061222029000021],[11.40272297100006,0.053402995000056],[11.372288974000071,0.061940014000072],[11.37593496900007,0.059146983000062],[11.368160012000033,0.057650956000032],[11.374483070000053,0.052542992000042],[11.366979019000041,0.051247955000065],[11.368763927000032,0.040977014000021],[11.362304036000069,0.045185016000062],[11.356913982000037,0.041275039000027],[11.355329019000067,0.048933973000032],[11.345660026000076,0.051009045000058],[11.347324913000023,0.046621028000061],[11.343600025000057,0.041832998000075],[11.340034020000076,0.043987003000041],[11.339026993000061,0.038719988000025],[11.344248962000052,0.03427004100007],[11.324521029000039,0.034582040000032],[11.32727397800005,0.025795988000027],[11.323122073000036,0.017533959000048],[11.313011002000053,0.023006037000073],[11.309243971000058,0.01434696900003],[11.302944012000069,0.017497977000062],[11.304766090000044,0.013827965000075],[11.297078906000024,0.006886972000075],[11.303163967000046,-0.001287978999926],[11.299553095000022,-0.011536],[11.273320021000075,-0.048903010999936],[11.264312033000067,-0.074564957999939],[11.25046799300003,-0.088288958999954],[11.271614973000055,-0.108436984999969],[11.288451989000066,-0.109479978999957],[11.300424020000037,-0.100604967999971],[11.314212972000064,-0.117635030999963],[11.324357984000073,-0.120552963999955],[11.322708894000073,-0.127643983999974],[11.333532019000074,-0.148259032999931],[11.328954022000062,-0.161404041999958],[11.341158963000055,-0.176404997999953],[11.336231031000068,-0.182508021999979],[11.340682977000029,-0.191887986999973],[11.336580034000065,-0.205405009999936],[11.338643925000042,-0.236833015999935],[11.336031983000055,-0.24203296099995],[11.327011982000045,-0.240853969999932],[11.323129007000034,-0.249235986999963],[11.334656020000068,-0.258585975999949],[11.337411005000035,-0.274184979999973],[11.373392969000065,-0.311282973999937],[11.416911971000047,-0.385982966999961],[11.406951974000037,-0.421756978999952],[11.43626901700003,-0.507289025999967],[11.48770999800007,-0.547215964999964],[11.507647034000058,-0.574717998999972],[11.51482795000004,-0.595585024999934],[11.529755033000072,-0.690103034999936],[11.56779496300004,-0.761599014999945],[11.542323582000051,-0.750417537999965],[11.497458896000069,-0.753687271999979],[11.447017180000046,-0.745410340999968],[11.387165055000025,-0.723092486999974],[11.335362154000052,-0.692163895999954],[11.258518899000023,-0.630754214999968],[11.156930037000052,-0.535054044999924],[11.107657006000068,-0.460264992999953],[11.109876959000076,-0.452286963999939],[11.084068033000051,-0.435890025999925],[11.082775988000037,-0.426273966999929],[11.093586019000043,-0.414445997999962],[11.091900088000045,-0.408128975999944],[11.064909029000034,-0.402146976999973],[11.044741027000043,-0.383346973999949],[10.994358030000058,-0.402633966999929],[10.983081084000048,-0.430281978999972],[10.953697004000048,-0.421001960999945],[10.952255992000062,-0.410732003999954],[10.94339399200004,-0.417469996999955],[10.922051028000055,-0.416378019999968],[10.916197023000052,-0.423891013999935],[10.905295982000041,-0.426376967999943],[10.91950696200007,-0.448133966999933],[10.919198966000067,-0.45561300199995],[10.887558979000062,-0.457818987999929],[10.85237597400004,-0.482334963999961],[10.807359942000062,-0.491084981999961],[10.784757987000035,-0.506289017999961],[10.781449025000029,-0.518351029999963],[10.772723904000031,-0.522517968999978],[10.76985408400003,-0.535179020999976],[10.754144025000073,-0.545979963999969],[10.758233008000047,-0.565113959999962],[10.75185403100005,-0.567711990999953],[10.741977998000038,-0.560263970999927],[10.734421971000074,-0.561007042999961],[10.736696939000069,-0.580357019999951],[10.728450973000065,-0.573464043999934],[10.723509,-0.577657988999931],[10.723320972000067,-0.609286003999955],[10.705248011000037,-0.619074023999929],[10.705143004000035,-0.631265955999936],[10.690251975000024,-0.640872013999967],[10.698327027000062,-0.671848007999927],[10.65114900900005,-0.683854001999975],[10.648531026000057,-0.690235034999944],[10.653878984000073,-0.705124959999978],[10.63502700600003,-0.716929970999956],[10.628705970000055,-0.717463044999931],[10.622588023000048,-0.707782022999936],[10.611402080000062,-0.70839104199996],[10.60446304800007,-0.721801975999938],[10.607750080000073,-0.73048603899997],[10.602099947000056,-0.75135204299994],[10.580071931000077,-0.763850981999951],[10.56825307300005,-0.762336012999924],[10.55375796800007,-0.769754983999974],[10.54165290900005,-0.786575955999979],[10.52563490600005,-0.796584973999927],[10.532539015000054,-0.842650965999951],[10.519290965000039,-0.897452973999975],[10.460672986000077,-0.979218958999979],[10.430055024000069,-0.990849984999954],[10.421792061000076,-0.998296001999961],[10.415684963000047,-1.013111017999961],[10.433953033000023,-1.019403998999962],[10.439655999000024,-1.029757964999931],[10.430214935000038,-1.051847040999974],[10.420941020000043,-1.058462962999954],[10.410550017000048,-1.079115014999957],[10.396205997000038,-1.080862012999944],[10.38895399100005,-1.129109031999974],[10.384122963000038,-1.132398007999939],[10.37869902500006,-1.122414987999946],[10.36930003200007,-1.129951994999942],[10.370901976000027,-1.15189996099997],[10.357798080000066,-1.173787041999958],[10.349346973000024,-1.171449013999961],[10.350395032000051,-1.150724965999927],[10.33879896700006,-1.14075397299996],[10.30996198300005,-1.13712400299994],[10.298621970000056,-1.152110962999927],[10.290517026000032,-1.153767976999973],[10.246021012000028,-1.146140972999945],[10.227687032000063,-1.136064986999941],[10.19126598300005,-1.146098008999957],[10.160902965000048,-1.162631973999964],[10.131581021000045,-1.194904970999971],[10.104065018000028,-1.216720036999959],[10.075573993000035,-1.25478099399993],[10.063853033000044,-1.263525042999959],[10.054993012000068,-1.25715698099998],[10.041348994000032,-1.26052997599993],[10.02649202400005,-1.25782204199993],[9.965326978000064,-1.222890032999942],[9.949978024000075,-1.235574043999975],[9.94132602700006,-1.216811036999957],[9.948970992000056,-1.194654955999965],[9.94737596300007,-1.178142031999926],[9.956013023000025,-1.176234008999927],[9.955149972000072,-1.169768039999951],[9.943739021000056,-1.167773017999934],[9.933786978000057,-1.152186961999973],[9.923774030000061,-1.168953981999948],[9.91094199400004,-1.166791036999939],[9.91429703700004,-1.15373901199996],[9.906280997000067,-1.148608037999963],[9.91012698000003,-1.144857990999981],[9.915223996000066,-1.148558032999972],[9.917247976000056,-1.140996954999935],[9.929742963000024,-1.13164003199995],[9.926013982000029,-1.125969958999974],[9.933649022000054,-1.096318013999962],[9.943639005000023,-1.085320968999952],[9.941749977000029,-1.067299021999929],[9.946963986000071,-1.063295004999929],[9.954910974000029,-1.070843989999958],[9.961211966000064,-1.064389997999967],[9.942876005000073,-1.040826023999955],[9.946445022000034,-1.03508695499994],[9.938818981000054,-1.018791971999974],[9.923525006000034,-1.010802041999966],[9.940784997000037,-0.979937016999941],[9.931398029000036,-0.940193029999932],[9.879907993000074,-0.900386021999964],[9.866957008000043,-0.896051015999944],[9.849378022000053,-0.907866981999973],[9.839661031000048,-0.90056199199995],[9.819965964000062,-0.909339030999945],[9.812184003000027,-0.899781979999943],[9.798417983000036,-0.895123032999948],[9.774773014000061,-0.906971985999974],[9.742359978000025,-0.908382005999954],[9.736246020000067,-0.901004038999929],[9.745038977000036,-0.885414037999965],[9.74206401300006,-0.877023961999953],[9.649320018000026,-0.838125011999978],[9.569870980000076,-0.579865972999926],[9.57723001100004,-0.570859027999973],[9.565164968000033,-0.528300042999945],[9.578663023000047,-0.507851966999965],[9.562889023000025,-0.492072955999959],[9.566475996000065,-0.469007043999966],[9.553047997000021,-0.437239044999956],[9.556698035000068,-0.41109303199994],[9.550670989000025,-0.394133955999962],[9.57651203000006,-0.389035029999945],[9.612482012000044,-0.397643967999954],[9.675812009000026,-0.37254102299994],[9.711996015000068,-0.371261983999943],[9.734771984000076,-0.361175032999938],[9.767782011000065,-0.330012972999953],[9.762935975000062,-0.34162801399998],[9.76494503500004,-0.350197021999975],[9.77466703400006,-0.361055977999968],[9.783458016000054,-0.35895701499993],[9.797098025000025,-0.378603955999949],[9.803241972000023,-0.380272998999942],[9.810526029000073,-0.37305302599998],[9.832781015000023,-0.374249998999971],[9.839119975000074,-0.370349982999926],[9.84482700500007,-0.354723987999932],[9.87103302600002,-0.333739033999962],[9.868882965000068,-0.322571029999949],[9.883986014000072,-0.31182598099997],[9.884757023000077,-0.298756985999944],[9.894426031000023,-0.296222965999959],[9.913588022000056,-0.301474006999968],[9.939470035000056,-0.317272023999976],[9.945427964000032,-0.308019000999934],[9.953189972000075,-0.307701042999952],[9.983251994000057,-0.332991030999949],[9.988387017000036,-0.360211008999954],[9.98261502400004,-0.372494031999963],[9.99120199400005,-0.371531995999931],[9.994275982000033,-0.377645020999978],[9.988595990000022,-0.381937992999951],[9.99231002700003,-0.413307968999959],[9.986567017000027,-0.419461012999932],[9.990550983000048,-0.424291955999934],[10.028669036000053,-0.41115999799996],[10.129777912000065,-0.366574017999937],[10.224575985000058,-0.300903995999931],[10.250211928000056,-0.291577985999936],[10.255056981000052,-0.278192],[10.271921030000044,-0.265484017999938],[10.274729028000024,-0.246684025999969],[10.288255036000066,-0.247236044999966],[10.296794979000026,-0.241231007999943],[10.33323796700006,-0.241235008999979],[10.343105027000036,-0.23252195799995],[10.354306973000064,-0.231510965999973],[10.379519973000072,-0.198807965999947],[10.38014699100006,-0.16403295899994],[10.399370030000057,-0.11895801999998],[10.407721991000074,-0.113945012999977],[10.40798099400007,-0.092334026999936],[10.452798997000059,-0.066344984999944],[10.489220983000052,-0.056690019999962],[10.498136036000062,-0.010280964999936],[10.539500027000031,-0.000322003999941],[10.560521975000029,0.020412039000064],[10.58231100200004,0.022087029000033],[10.582311023000045,0.032935991000045],[10.59086803300005,0.030702019000046],[10.607269032000033,0.067555009000046],[10.626363987000047,0.068672982000066],[10.634222002000058,0.057982981000066],[10.64157797100006,0.062211987000069],[10.641576994000047,0.068273994000037],[10.651403041000037,0.067077981000068],[10.646911025000065,0.090512979000039],[10.639278005000051,0.103611972000067],[10.638325966000025,0.131291978000036],[10.632934983000041,0.144431981000025],[10.660193967000055,0.153948008000043],[10.665232020000076,0.169511964000037],[10.66312399800006,0.179714032000049],[10.671840004000046,0.186655013000063],[10.660030977000076,0.212818982000044],[10.696320968000066,0.218565033000061],[10.751552012000047,0.20979503500007],[10.76113902800006,0.221283018000065],[10.785848986000076,0.23176197500004],[10.796637969000074,0.226232010000047],[10.79673596400005,0.22196802600007],[10.80924800400004,0.22407202200003],[10.809634003000042,0.216579961000036],[10.81351696400003,0.22104803700006],[11.136772895000036,0.222428973000035],[11.155845975000034,0.257726001000037],[11.16987599600003,0.260031015000038],[11.174787012000024,0.254456022000056],[11.177321992000032,0.263711002000036],[11.185722982000073,0.260201005000056],[11.19576496700006,0.268814983000027]]]}},{"type":"Feature","properties":{"PolyCode":"04","PolyLabel":"NGOUNIE","PolyLongitude":11.187633574,"PolyLatitude":-1.640375745},"geometry":{"type":"Polygon","coordinates":[[[11.044741027000043,-0.383346973999949],[11.065690987000039,-0.402519961999928],[11.09335698600006,-0.409216992999973],[11.093193967000047,-0.41518903399998],[11.082775988000037,-0.426273966999929],[11.084068033000051,-0.435890025999925],[11.109876959000076,-0.452286963999939],[11.107657006000068,-0.460264992999953],[11.129511034000075,-0.497492987999976],[11.167001919000029,-0.546206033999965],[11.264742445000024,-0.636178764999954],[11.340703678000068,-0.696052849999944],[11.391137499000024,-0.724957730999961],[11.448607364000054,-0.745879707999961],[11.500421523000057,-0.753835049999964],[11.542323582000051,-0.750417537999965],[11.56779496300004,-0.761599014999945],[11.519900998000026,-0.799035982999953],[11.50577002700004,-0.821860007999931],[11.499261997000076,-0.846532972999967],[11.49718196300006,-0.906231000999981],[11.500852992000034,-0.94747302199994],[11.513388983000027,-0.978106020999974],[11.531173992000049,-1.000014994999958],[11.52509703100003,-1.000525979999964],[11.520263034000038,-1.010476990999962],[11.529670104000047,-1.032849983999938],[11.52478900500006,-1.041523984999969],[11.547393061000037,-1.062447969999937],[11.544003975000066,-1.065595995999956],[11.547488994000048,-1.076414972999942],[11.541655030000072,-1.078461012999981],[11.544454998000049,-1.085807004999936],[11.533428006000065,-1.090127982999945],[11.53445503200004,-1.100526978999937],[11.543422021000026,-1.106673014999956],[11.534735923000028,-1.128873037999938],[11.559232976000033,-1.124255973999936],[11.564802978000046,-1.135131013999967],[11.57279802100004,-1.133848973999932],[11.590952017000063,-1.14377501599995],[11.591329020000046,-1.136065027999962],[11.597611965000056,-1.135598006999942],[11.607238895000023,-1.122311000999957],[11.62258300800005,-1.12346503599997],[11.630617936000021,-1.119137018999936],[11.636299965000035,-1.124430016999952],[11.649140020000061,-1.122831037999958],[11.650478,-1.114370978999943],[11.665820034000035,-1.095450035999932],[11.681009965000044,-1.096671008999976],[11.708345998000027,-1.073491015999934],[11.745466023000063,-1.060896982999964],[11.739675099000067,-1.083806008999943],[11.744603967000046,-1.122640011999977],[11.73659198100006,-1.164615011999956],[11.743795988000045,-1.17948703899998],[11.73658998600007,-1.19294500999996],[11.758110001000034,-1.221576982999977],[11.766974967000067,-1.237116967999953],[11.765366013000062,-1.241704990999949],[11.777262024000038,-1.244718040999942],[11.783728027000052,-1.254882043999942],[11.805272024000033,-1.262081967999961],[11.80711696000003,-1.269164002999958],[11.825748994000037,-1.27884697099995],[11.827095995000036,-1.286666978999961],[11.842396971000028,-1.294124997999972],[11.840334013000074,-1.303583],[11.861421978000067,-1.309009957999933],[11.881875024000067,-1.330554995999933],[11.883793990000072,-1.32746599099994],[11.883494987000063,-1.335184962999961],[11.901931967000053,-1.343881034999924],[11.920562028000063,-1.375239989999955],[11.929917020000062,-1.368776975999936],[11.97177699100007,-1.408275018999973],[11.972173026000064,-1.440670001999933],[11.960042023000028,-1.468118032999939],[11.969001026000058,-1.476736009999968],[11.96345102600003,-1.493571965999934],[11.962988022000047,-1.50669503599994],[11.967651999000054,-1.510567991999949],[11.964718033000054,-1.534504986999934],[11.960153036000065,-1.535314017999951],[11.961939006000023,-1.541582968999933],[11.95234903200003,-1.561714041999949],[11.954965014000038,-1.572805028999937],[11.949969963000058,-1.58014598099993],[11.94640098800005,-1.631292003999931],[11.973914024000067,-1.642672023999978],[12.050158005000071,-1.647416956999962],[12.050591158000032,-1.661659911999948],[12.063468528000044,-1.667164562999972],[12.065427916000033,-1.678799039999944],[12.083213319000038,-1.710169739999969],[12.150695710000036,-1.781641287999946],[12.169017001000043,-1.789798499999961],[12.179550130000052,-1.810193102999961],[12.210760010000058,-1.827933021999968],[12.209042994000072,-1.818285033999928],[12.19029503300004,-1.809347979999927],[12.186541979000026,-1.801764040999956],[12.194311994000032,-1.79538002399994],[12.209060971000042,-1.793941989999951],[12.209852014000035,-1.780058955999948],[12.22371002500006,-1.803287040999976],[12.234593983000025,-1.795374998999932],[12.234047007000072,-1.812944039999934],[12.24642699800006,-1.826232008999966],[12.24646602100006,-1.843747042999951],[12.25835896500007,-1.856766034999964],[12.280864983000072,-1.85643496199998],[12.280275963000065,-1.84388103699996],[12.289367968000022,-1.840228000999957],[12.289473996000027,-1.831972009999959],[12.297752980000041,-1.839554006999947],[12.30860498900006,-1.839291016999937],[12.315022982000073,-1.846753026999977],[12.32928296700004,-1.846585984999933],[12.340713977000064,-1.878929961999972],[12.346335019000037,-1.880049008999947],[12.349111988000061,-1.871795967999958],[12.359581994000052,-1.882007040999952],[12.363478032000046,-1.871463967999944],[12.37082203600005,-1.870914010999968],[12.372857990000057,-1.860906980999971],[12.381722035000053,-1.85756496099998],[12.383138988000042,-1.849549995999951],[12.393029020000029,-1.847444005999932],[12.393404028000077,-1.836325967999926],[12.400301970000044,-1.848358012999938],[12.415241012000024,-1.846567966999942],[12.413510022000025,-1.866445972999941],[12.424165007000056,-1.859505988999956],[12.432943004000037,-1.869686023999975],[12.439691985000024,-1.86753295699998],[12.449152965000053,-1.886509965999949],[12.442852018000053,-1.910392014999957],[12.447989981000035,-1.922643972999936],[12.463556968000034,-1.938951041999928],[12.456905998000025,-1.976054955999928],[12.44809599100006,-1.979742970999951],[12.446124014000077,-1.987706981999963],[12.458995036000033,-2.024376036999968],[12.445280024000056,-2.044487013999969],[12.474995011000033,-2.073893018999968],[12.480509987000062,-2.105594001999975],[12.48791802900007,-2.114312985999959],[12.501999005000073,-2.120019032999949],[12.506066027000031,-2.130480044999956],[12.49655703600007,-2.146506020999936],[12.474750032000031,-2.166872991999981],[12.487988013000063,-2.175805957999955],[12.48806903600007,-2.183783992999963],[12.499334022000028,-2.191918959999953],[12.497036984000033,-2.198781985999972],[12.481337014000076,-2.211074002999965],[12.496089988000051,-2.215217967999934],[12.499975998000025,-2.211785979999945],[12.505294004000064,-2.224549986999932],[12.500615995000032,-2.227982987999951],[12.503710967000075,-2.23340701799998],[12.492765056000053,-2.233490977999963],[12.49119597500004,-2.244395977999943],[12.487612972000022,-2.243864975999941],[12.487060037000049,-2.250966031999951],[12.49586802500005,-2.262610011999925],[12.488810994000062,-2.268120010999951],[12.488598999000033,-2.277233010999964],[12.461290967000025,-2.293834992999962],[12.468725970000037,-2.302561010999966],[12.461935064000045,-2.306107986999962],[12.467759028000046,-2.31581898099995],[12.474238988000025,-2.313802039999928],[12.475584995000077,-2.319324017999975],[12.464717981000035,-2.327171040999929],[12.470851034000077,-2.32862696199993],[12.477548991000049,-2.33866700599998],[12.496207973000026,-2.32843704499993],[12.510810981000077,-2.348698028999934],[12.498551034000059,-2.367589021999947],[12.504472974000066,-2.370243012999936],[12.500824976000047,-2.37279800999994],[12.504792992000034,-2.378222001999973],[12.509869008000067,-2.377261992999934],[12.513784972000053,-2.388386003999926],[12.513443966000068,-2.392580003999967],[12.507733014000053,-2.392023975999962],[12.508608990000027,-2.401517959999978],[12.505039012000054,-2.400802025999951],[12.518097018000049,-2.424494042999925],[12.513299973000073,-2.429681980999931],[12.517266972000073,-2.43255195699993],[12.512090024000031,-2.436380043999975],[12.516079985000033,-2.439893014999939],[12.50973602700003,-2.445799989999955],[12.510928033000027,-2.450268008999956],[12.499582103000023,-2.446756986999958],[12.49474500100007,-2.450911967999957],[12.486969031000058,-2.446048000999951],[12.47967602600005,-2.45809802399998],[12.472298978000026,-2.459935987999927],[12.472381003000066,-2.467915001999927],[12.466400003000047,-2.470045955999979],[12.468089937000059,-2.477835003999928],[12.461517972000024,-2.478460975999951],[12.460093031000042,-2.492414033999978],[12.448688025000024,-2.48758197799998],[12.440735926000059,-2.490984970999932],[12.443594980000057,-2.499601024999947],[12.440107029000046,-2.507900025999959],[12.433126007000055,-2.506386960999976],[12.433131031000073,-2.522743011999978],[12.071529097000052,-2.525047969999946],[12.042156030000058,-2.412502011999948],[12.020466991000035,-2.388421991999962],[11.995663016000037,-2.38067799199996],[11.96058202100005,-2.390293955999937],[11.888768988000038,-2.422143],[11.880518,-2.429723],[11.862273,-2.433551],[11.861003,-2.438578],[11.826178,-2.434824],[11.814567,-2.456827],[11.804121,-2.457561],[11.804598,-2.45038],[11.794443,-2.45365],[11.783893,-2.447823],[11.773976,-2.452769],[11.755252,-2.506603],[11.762985,-2.519246],[11.748813,-2.535905],[11.723502,-2.550741],[11.718257,-2.542331],[11.724503,-2.536354],[11.716796,-2.533255],[11.723421,-2.527118],[11.71613,-2.526244],[11.715419,-2.510206],[11.706299,-2.494485],[11.699238,-2.495601],[11.689881,-2.480359],[11.67798,-2.484266],[11.678776,-2.474132],[11.671947,-2.468797],[11.670051,-2.45967],[11.636815,-2.457845],[11.635707,-2.447073],[11.646655,-2.446836],[11.649836,-2.441326],[11.631783,-2.429382],[11.641903,-2.417154],[11.631433,-2.413321],[11.635101533000068,-2.403067432999933],[11.631118506000064,-2.40135248699994],[11.620485707000057,-2.41315822699994],[11.619848919000049,-2.39408805599993],[11.60826082400007,-2.405948329999944],[11.60469557700003,-2.398430096999959],[11.60883244200005,-2.386026747999949],[11.59252359900006,-2.398167004999948],[11.583055561000037,-2.396751386999938],[11.590985201000024,-2.383548060999942],[11.575136146000034,-2.387094599999955],[11.592655560000026,-2.36806951899996],[11.58957504500006,-2.362098939999953],[11.571632510000029,-2.375802645999954],[11.55195920500006,-2.379227336999975],[11.547150633000058,-2.377761457999952],[11.545695806000026,-2.369411326999966],[11.540220500000032,-2.375712717999932],[11.533877737000068,-2.366455176999978],[11.523567025000034,-2.371560000999978],[11.517468005000069,-2.38418495999997],[11.522845034000056,-2.384962000999963],[11.52442798900006,-2.396851030999926],[11.53807002800005,-2.401483970999948],[11.534251985000026,-2.431084004999946],[11.544089017000033,-2.430607994999946],[11.547599982000065,-2.462154970999961],[11.555217967000033,-2.482628983999973],[11.548275999000055,-2.482871013999954],[11.54510003400003,-2.493258028999946],[11.550014986000065,-2.501462022999931],[11.546280030000048,-2.518855013999939],[11.552863026000068,-2.525400017999971],[11.547304027000052,-2.540318011999943],[11.561175003000074,-2.576705984999933],[11.578705983000077,-2.582137965999948],[11.590276970000048,-2.619084027999975],[11.605824010000049,-2.63241396199993],[11.599155967000058,-2.64374103199998],[11.598755021000045,-2.65435301399998],[11.603435965000074,-2.656908041999941],[11.597802010000066,-2.658980966999934],[11.605089011000075,-2.670412036999949],[11.598472018000052,-2.671780026999954],[11.599383017000036,-2.677571962999934],[11.587478994000037,-2.685705996999957],[11.583426076000023,-2.704375009999978],[11.579257894000023,-2.705564974999959],[11.584278965000067,-2.713504994999937],[11.576279980000038,-2.722091989999967],[11.549761019000073,-2.691739011999971],[11.542111030000058,-2.700707957999953],[11.470727977000024,-2.698125991999973],[11.443966979000038,-2.668641993999927],[11.422301012000048,-2.655818980999925],[11.40573502500007,-2.637871012999938],[11.396818033000045,-2.614799980999976],[11.384075018000033,-2.604543966999927],[11.331821934000061,-2.59170895699998],[11.252802975000066,-2.58398595999995],[11.240065967000021,-2.56219497799998],[11.224791005000043,-2.510926997999945],[11.184034977000067,-2.444270012999937],[11.129254968000055,-2.401954038999975],[11.10212301200005,-2.369139036999968],[11.116241986000034,-2.319220970999936],[11.09997097300004,-2.290413004999948],[11.071799963000046,-2.258086015999936],[11.029508037000028,-2.235290978999956],[10.987447088000067,-2.253475932999947],[10.98474359100004,-2.266893232999962],[10.991764982000063,-2.284236001999943],[10.602647072000025,-2.333302997999965],[10.587130264000052,-2.306179973999974],[10.57102999700004,-2.304026974999942],[10.577725992000069,-2.317305974999954],[10.580620904000057,-2.330356825999957],[10.588426969000068,-2.334522035999953],[10.582141967000041,-2.33178600399998],[10.57735197900007,-2.336215958999958],[10.571915016000048,-2.329986004999967],[10.576552007000032,-2.316903029999935],[10.570193035000045,-2.306327988999954],[10.565593026000045,-2.307520014999966],[10.569001911000043,-2.301940993999949],[10.561086016000047,-2.294194983999944],[10.560282975000064,-2.282123026999955],[10.544077977000029,-2.267254028999957],[10.53849297000005,-2.269892992999928],[10.539630026000054,-2.262107029999925],[10.532443990000047,-2.261729001999925],[10.528603031000046,-2.25572296699994],[10.529031972000041,-2.234977015999959],[10.520718019000071,-2.222843964999925],[10.506087012000023,-2.221053975999951],[10.509703998000077,-2.215334979999966],[10.498758973000065,-2.206880963999936],[10.498492025000076,-2.202514022999935],[10.509087023000063,-2.198184977999972],[10.501318992000051,-2.197159000999932],[10.498074011000028,-2.189878995999948],[10.502037967000035,-2.189963009999929],[10.501328989000058,-2.186213024999972],[10.48969098300006,-2.168334023999932],[10.495479965000072,-2.166984032999949],[10.49660001500007,-2.157254007999938],[10.505697006000048,-2.155229960999975],[10.505499005000047,-2.146622984999965],[10.495767022000052,-2.126627011999972],[10.496896205000041,-2.096793570999978],[10.48308933900006,-2.067507143999933],[10.487372409000045,-2.062998930999925],[10.478945777000035,-2.047761870999977],[10.475219451000044,-2.047957688999929],[10.47429046700006,-2.02565065999994],[10.466967417000035,-2.007767367999975],[10.461836250000033,-2.00976045799996],[10.45638763200003,-2.004314947999944],[10.423954622000053,-1.961521974999926],[10.417610371000023,-1.943489471999953],[10.387292698000067,-1.935191378999946],[10.363813209000057,-1.913687926999955],[10.321930115000043,-1.943556135999927],[10.305235350000032,-1.942785672999946],[10.243254211000021,-1.923008581999966],[10.224245882000048,-1.912664865999943],[10.211041993000038,-1.926429914999972],[10.204090918000077,-1.927059940999925],[10.196739728000068,-1.917903487999979],[10.192998138000064,-1.900779757999942],[10.173384944000077,-1.902795605999927],[10.168064486000048,-1.891900371999952],[10.168779500000028,-1.876963940999929],[10.140625303000036,-1.883830931999967],[10.109875762000058,-1.870194774999959],[10.08743808500003,-1.847435099999927],[10.059558583000069,-1.844916464999926],[10.039181825000071,-1.835910425999941],[10.00772689200005,-1.837536510999939],[10.000210217000074,-1.843525542999942],[9.98402305600007,-1.827979677999963],[9.980859406000036,-1.818637327999966],[9.972186984000075,-1.82408724499993],[9.960488367000039,-1.819506849999925],[9.937581480000063,-1.80373149199994],[9.931620542000076,-1.790290958999947],[9.918212561000075,-1.782778599999972],[9.913774497000077,-1.756818192999958],[9.905094241000029,-1.750549508999939],[9.90558543000003,-1.73635670699997],[9.879466706000073,-1.708658786999933],[9.881297309000047,-1.701245348999976],[9.87016882200004,-1.696124290999933],[9.859288760000027,-1.683439822999958],[9.867045824000058,-1.667189665999956],[9.894894805000035,-1.656687107999971],[9.877896532000022,-1.637280123999972],[9.887130858000035,-1.631598126999961],[9.890550220000023,-1.617671277999932],[9.901766344000066,-1.60387598799997],[9.910645208000062,-1.597059602999934],[9.932125818000031,-1.604252127999928],[9.931902725000043,-1.58953553799995],[9.938924710000038,-1.582124501999942],[9.943460997000045,-1.563344400999938],[9.941458225000076,-1.54431853899996],[9.947281590000046,-1.546717162999926],[9.962626667000052,-1.538117342999954],[9.976511078000044,-1.543703456999935],[9.976618580000036,-1.528977374999954],[9.969204647000026,-1.510838685999943],[9.973885427000027,-1.504384110999979],[9.97136163700003,-1.491702832999977],[9.966576792000069,-1.491056207999975],[9.968381201000057,-1.458049164999977],[9.957205105000071,-1.420612724999955],[9.965980753000053,-1.394573112999979],[9.96108563000007,-1.388416636999978],[9.962269075000052,-1.380375974999936],[9.982107803000076,-1.375571639999976],[9.993417284000031,-1.368042553999942],[9.995450302000052,-1.359355155999936],[10.000704788000064,-1.364989760999947],[10.01417871700005,-1.347584615999949],[10.023664734000022,-1.344504585999971],[10.037815393000074,-1.321707025999956],[10.049471222000022,-1.317023434999953],[10.054959788000076,-1.309166680999965],[10.059630166000034,-1.294702642999937],[10.05790689500003,-1.268305462999933],[10.07495099700003,-1.255478985999957],[10.102906001000065,-1.217956039999933],[10.132181975000037,-1.194327958999963],[10.151310982000041,-1.170760035999933],[10.176676968000038,-1.152912985999933],[10.228960008000058,-1.136029968999935],[10.246021012000028,-1.146140972999945],[10.294042980000029,-1.153858984999943],[10.30746696500006,-1.138347017999934],[10.322278980000021,-1.137569026999927],[10.345773995000059,-1.144402975999981],[10.350545967000073,-1.151851011999952],[10.348522983000066,-1.169778983999947],[10.352840019000041,-1.174569013999928],[10.358356998000033,-1.173283025999979],[10.370901976000027,-1.15189996099997],[10.36930003200007,-1.129951994999942],[10.37869902500006,-1.122414987999946],[10.384122963000038,-1.132398007999939],[10.38895399100005,-1.129109031999974],[10.396205997000038,-1.080862012999944],[10.410550017000048,-1.079115014999957],[10.420941020000043,-1.058462962999954],[10.430214935000038,-1.051847040999974],[10.439655999000024,-1.029757964999931],[10.433953033000023,-1.019403998999962],[10.415684963000047,-1.013111017999961],[10.421792061000076,-0.998296001999961],[10.430055024000069,-0.990849984999954],[10.460672986000077,-0.979218958999979],[10.519290965000039,-0.897452973999975],[10.532539015000054,-0.842650965999951],[10.52508802500006,-0.797359985999947],[10.54226899200006,-0.785984973999973],[10.55375796800007,-0.769754983999974],[10.56825307300005,-0.762336012999924],[10.580071931000077,-0.763850981999951],[10.602099947000056,-0.75135204299994],[10.607750080000073,-0.73048603899997],[10.60446304800007,-0.721801975999938],[10.611402080000062,-0.70839104199996],[10.622588023000048,-0.707782022999936],[10.628705970000055,-0.717463044999931],[10.63502700600003,-0.716929970999956],[10.653878984000073,-0.705124959999978],[10.648531026000057,-0.690235034999944],[10.65114900900005,-0.683854001999975],[10.698327027000062,-0.671848007999927],[10.690028018000021,-0.641406040999925],[10.705143004000035,-0.631265955999936],[10.705248011000037,-0.619074023999929],[10.723320972000067,-0.609286003999955],[10.723509,-0.577657988999931],[10.728450973000065,-0.573464043999934],[10.736696939000069,-0.580357019999951],[10.734421971000074,-0.561007042999961],[10.741977998000038,-0.560263970999927],[10.75185403100005,-0.567711990999953],[10.758233008000047,-0.565113959999962],[10.755028981000066,-0.544362027999966],[10.76985408400003,-0.535179020999976],[10.772723904000031,-0.522517968999978],[10.781449025000029,-0.518351029999963],[10.784757987000035,-0.506289017999961],[10.806529029000046,-0.491482022999946],[10.848997027000053,-0.483834003999959],[10.887558979000062,-0.457818987999929],[10.919914995000056,-0.455110994999927],[10.905295982000041,-0.426376967999943],[10.916197023000052,-0.423891013999935],[10.921271022000042,-0.416669033999938],[10.94339399200004,-0.417469996999955],[10.952255992000062,-0.410732003999954],[10.953697004000048,-0.421001960999945],[10.983081084000048,-0.430281978999972],[10.995051016000048,-0.402121978999958],[11.044741027000043,-0.383346973999949]]]}},{"type":"Feature","properties":{"PolyCode":"05","PolyLabel":"NYANGA","PolyLongitude":11.171591695,"PolyLatitude":-3.07566843},"geometry":{"type":"Polygon","coordinates":[[[11.116241986000034,-2.319220970999936],[11.10212301200005,-2.369139036999968],[11.129254968000055,-2.401954038999975],[11.184034977000067,-2.444270012999937],[11.224791005000043,-2.510926997999945],[11.240065967000021,-2.56219497799998],[11.252802975000066,-2.58398595999995],[11.331821934000061,-2.59170895699998],[11.384075018000033,-2.604543966999927],[11.396818033000045,-2.614799980999976],[11.40573502500007,-2.637871012999938],[11.422301012000048,-2.655818980999925],[11.443966979000038,-2.668641993999927],[11.470727977000024,-2.698125991999973],[11.542111030000058,-2.700707957999953],[11.549761019000073,-2.691739011999971],[11.576279980000038,-2.722091989999967],[11.568868988000077,-2.786580967999953],[12.031679079000071,-2.973711996999953],[12.011296016000074,-3.04676703399997],[11.934810939000045,-3.189035039999965],[11.89655190700006,-3.191600992999952],[11.885075006000022,-3.196728020999956],[11.887627001000055,-3.209543954999958],[11.925894991000064,-3.264651028999936],[11.971815974000037,-3.296688034999931],[12.008820983000021,-3.368453009999939],[11.966738988000031,-3.427412036999954],[11.939961009000058,-3.488932040999941],[11.927207082000052,-3.505593979999958],[11.897868068000037,-3.527382993999936],[11.858322951000048,-3.574801956999977],[11.848118968000051,-3.602997013999925],[11.865982031000044,-3.618377019999969],[11.918295965000027,-3.649133976999963],[11.846850006000068,-3.736283025999967],[11.803464982000037,-3.726027961999932],[11.68862897300005,-3.684999991999973],[11.647806016000061,-3.642697956999939],[11.61974497600005,-3.600399015999926],[11.552147991000027,-3.519638960999941],[11.465399985000033,-3.520887021999954],[11.451361987000041,-3.536259007999945],[11.447524996000027,-3.56316996399994],[11.41178996800005,-3.599035984999944],[11.336516028000062,-3.606682991999946],[11.298225023000043,-3.639979],[11.226730983000039,-3.718101008999952],[11.219053014000053,-3.751413959999979],[11.227941010000052,-3.818057974999931],[11.20750001500005,-3.852641974999926],[11.20491596900007,-3.897490956999945],[11.16034400500007,-3.963731043999928],[11.082848014000035,-3.910357986999941],[11.021269973000074,-3.857636000999946],[11.020888008000043,-3.844551973999955],[11.007127973000024,-3.817592003999948],[11.016672003000053,-3.780486037999935],[10.919490014000075,-3.664472968999974],[10.845046013000058,-3.594030003999933],[10.744379004000052,-3.510287987999959],[10.639982368000062,-3.435814869999945],[10.661264553000024,-3.397067685999957],[10.659227783000063,-3.371650393999971],[10.665109846000064,-3.369547221999937],[10.663235074000056,-3.347609040999941],[10.648262078000073,-3.326688962999981],[10.545505035000076,-3.256190965999963],[10.542926020000039,-3.241103024999973],[10.527000997000073,-3.211714989999962],[10.409746022000036,-3.085938023999972],[10.25678397400003,-2.969048006999969],[10.28076503400007,-2.984365024999931],[10.314677964000055,-2.98288600099994],[10.307404029000054,-2.968737027999964],[10.320846987000039,-2.957910009999978],[10.329506036000055,-2.939603043999966],[10.342220032000057,-2.935765009999955],[10.351079996000067,-2.943732964999981],[10.364037022000048,-2.937242961999971],[10.370019981000041,-2.944724966999956],[10.359938011000054,-2.952666009999973],[10.35872598800006,-2.961341985999979],[10.368072987000062,-2.96449002199995],[10.369039027000042,-2.959910998999931],[10.362809996000067,-2.956045016999951],[10.368090985000038,-2.95243702099998],[10.379824031000055,-2.963542988999961],[10.382205026000065,-2.975118040999973],[10.398030023000047,-2.975140977999956],[10.376673991000075,-2.985717019999925],[10.37713401700006,-2.998976021999965],[10.389606022000066,-2.997066043999951],[10.399448973000062,-2.988883980999958],[10.42102898500002,-2.989879954999935],[10.426297973000032,-2.993986029999974],[10.417889978000062,-3.004581040999938],[10.422916030000067,-3.011338042999967],[10.434668970000075,-3.009666955999933],[10.440201032000061,-2.997862987999952],[10.450257994000026,-3.007760961999963],[10.459368968000035,-3.008497011999964],[10.46539598000004,-2.985845],[10.488441993000038,-2.967072012999949],[10.48892703000007,-2.962974989999964],[10.477665036000076,-2.956691013999944],[10.490613016000054,-2.957190996999941],[10.497096018000036,-2.950932024999929],[10.499752973000056,-2.936470033999967],[10.49162700200003,-2.916449966999949],[10.502683027000046,-2.896937025999932],[10.511082010000052,-2.891644006999968],[10.510624989000064,-2.874286031999929],[10.52455199800005,-2.858392028999958],[10.526482008000073,-2.849233000999959],[10.551912999000024,-2.837452029999952],[10.56343703300007,-2.825895],[10.58572902700007,-2.831466991999946],[10.600118018000046,-2.827211039999952],[10.599978005000025,-2.814047000999949],[10.558899968000048,-2.677548028999979],[10.546054945000037,-2.574476976999961],[10.54833800800003,-2.357293983999966],[10.588426969000068,-2.334522035999953],[10.580620904000057,-2.330356825999957],[10.57102999700004,-2.304026974999942],[10.587130264000052,-2.306179973999974],[10.602647072000025,-2.333302997999965],[10.832414970000059,-2.301825991999976],[10.961106963000077,-2.290375967999978],[10.991764982000063,-2.284236001999943],[10.98474359100004,-2.266893232999962],[10.987447088000067,-2.253475932999947],[11.029508037000028,-2.235290978999956],[11.071799963000046,-2.258086015999936],[11.09997097300004,-2.290413004999948],[11.116241986000034,-2.319220970999936]]]}},{"type":"Feature","properties":{"PolyCode":"06","PolyLabel":"OGOOUE-IVINDO","PolyLongitude":12.850669693,"PolyLatitude":0.467179119},"geometry":{"type":"Polygon","coordinates":[[[13.804239979000045,1.437298012000042],[13.811940974000038,1.43673098000005],[13.814125015000059,1.428022980000037],[13.82848393200004,1.430977990000031],[13.83608608700007,1.425149999000041],[13.852508003000025,1.433811007000031],[13.856925019000073,1.431976044000066],[13.855818973000055,1.427367029000038],[13.868851026000073,1.42612697800007],[13.860889026000052,1.425689035000062],[13.864998978000074,1.422084998000059],[13.875713020000035,1.432934041000067],[13.877204088000042,1.427745986000048],[13.899642971000048,1.432914011000037],[13.910711990000038,1.42856600500005],[13.911997,1.423733042000038],[13.915313965000053,1.426756974000057],[13.921611101000053,1.41901698700002],[13.93592697500003,1.422599004000062],[13.939249977000031,1.417967970000063],[13.963099027000055,1.416991025000073],[13.96753990600007,1.421850962000065],[13.979102032000071,1.413867018000076],[13.999312022000026,1.420946977000028],[14.000192967000032,1.432669028000021],[14.009418972000049,1.435716995000064],[14.02419799300003,1.429060024000023],[14.024657985000033,1.411995030000071],[14.038272993000021,1.396592032000058],[14.047385026000029,1.397381986000028],[14.050857902000075,1.382069030000025],[14.05904901200006,1.378358031000062],[14.08397399300003,1.379967004000036],[14.099022020000064,1.374530998000068],[14.122509992000062,1.396099997000022],[14.134763995000071,1.398869980000029],[14.157963016000053,1.390941961000067],[14.18772100600006,1.401611965000029],[14.206859026000075,1.38727003200006],[14.211521966000078,1.375624960000039],[14.226874954000039,1.370710966000047],[14.241432020000047,1.373272984000039],[14.251515045000076,1.361793987000055],[14.262608028000045,1.364095985000063],[14.286235909000027,1.353028031000065],[14.298788973000057,1.341019996000057],[14.30866502300006,1.314221977000045],[14.320306020000032,1.309428043000025],[14.314820925000049,1.291448971000023],[14.318701013000066,1.281474983000066],[14.313336958000036,1.265143024000054],[14.315348,1.257611027000053],[14.308445965000033,1.234335987000065],[14.343779961000052,1.213979986000027],[14.347969031000048,1.196713960000068],[14.358768970000028,1.182311963000075],[14.358751107000046,1.160787009000046],[14.395532952000053,1.126209006000067],[14.399979021000036,1.115628969000056],[14.418343985000035,1.103417040000068],[14.416440055000066,1.074777977000053],[14.431918004000067,1.055665026000042],[14.454357986000048,0.982764001000021],[14.491761011000051,0.961992043000066],[14.497531997000067,0.950730017000069],[14.524584016000063,0.944616994000057],[14.529043006000052,0.937157012000057],[14.523395082000036,0.919059042000072],[14.509584905000054,0.907859965000057],[14.513007966000032,0.898598029000027],[14.477448034000076,0.887853981000035],[14.493017920000057,0.875446980000049],[14.494252979000066,0.867310025000052],[14.504143026000065,0.861958024000046],[14.50225100700004,0.849414970000055],[14.507070006000049,0.83309996600002],[14.487091029000055,0.828568976000042],[14.473326977000056,0.794169013000044],[14.461925989000065,0.798459974000025],[14.439815030000034,0.787175029000025],[14.426644035000038,0.766154978000031],[14.41572002600003,0.76412001500006],[14.420221967000032,0.750018043000068],[14.40823198000004,0.74338003400004],[14.407722073000059,0.735194038000031],[14.397930019000057,0.736057003000042],[14.379636954000034,0.713261011000043],[14.377929004000066,0.70507499200005],[14.363672033000057,0.702051958000027],[14.355955003000076,0.675225019000038],[14.367164024000033,0.66318602900003],[14.375446965000037,0.640851025000075],[14.356551996000064,0.631630001000076],[14.345097906000035,0.611175002000039],[14.335753969000052,0.614049992000048],[14.31705897200004,0.604011977000027],[14.318300019000048,0.595994005000023],[14.284548026000039,0.582796039000073],[14.283348989000046,0.57096195500003],[14.271264020000046,0.558107971000027],[14.273970964000057,0.545148986000072],[14.26962399000007,0.539229],[14.251298987000041,0.539459013000055],[14.238226965000024,0.55043898100007],[14.229755978000071,0.537234023000053],[14.21744097900006,0.530487029000028],[14.20579796800007,0.53344299400004],[14.193438,0.547614035000038],[14.171908011000028,0.539057008000043],[14.134240977000047,0.55819698800002],[14.123865022000075,0.55346097100005],[14.111429008000073,0.556260027000064],[14.096065020000026,0.542876967000041],[14.092682094000054,0.530869043000052],[14.078263975000027,0.51778297200002],[14.061032027000067,0.488812007000035],[14.086917977000041,0.468048980000049],[14.082765022000046,0.461154025000042],[14.074854027000072,0.459203007000042],[14.073392009000031,0.445685034000064],[14.065788962000056,0.434392992000028],[14.067506980000076,0.424369025000033],[14.023358009000049,0.393923015000041],[13.999961018000022,0.388513971000066],[13.985221009000043,0.37848496700002],[13.990220008000051,0.360278024000024],[13.959152996000057,0.344442040000047],[13.944775031000063,0.317122011000038],[13.94528096700003,0.307164020000073],[13.938580972000068,0.304591033000065],[13.942065023000055,0.293905019000022],[13.93176698800005,0.294864003000043],[13.935815988000058,0.284194959000047],[13.929504029000043,0.280790990000071],[13.929069995000077,0.270940018000033],[13.919587974000024,0.266660020000074],[13.916796989000034,0.257266966000032],[13.892222969000045,0.238740969000048],[13.883577971000022,0.219941977000076],[13.893786001000024,0.208097986000041],[13.88061400600003,0.20386497100003],[13.898230011000066,0.177429990000064],[13.89610403100005,0.168389],[13.902916018000042,0.163762967000025],[13.919346001000065,0.130452985000034],[13.919071010000039,0.110330963000024],[13.911665969000069,0.107208978000074],[13.91154698500003,0.099074972000039],[13.902276001000075,0.088827974000026],[13.906769981000025,0.085074968000072],[13.91288996700007,0.052115995000065],[13.919199971000069,0.045155986000054],[13.93158803700004,0.041997970000068],[13.936363029000063,0.02699199400007],[13.946317013000055,0.024013985000067],[13.940935987000046,0.003342993000047],[13.934017981000068,0.003596045000052],[13.922846013000026,-0.015987036999945],[13.939843007000036,-0.045232005999935],[13.92504696800006,-0.067685967999978],[13.90096397700006,-0.07779198999998],[13.873898018000034,-0.101785973999938],[13.854930989000025,-0.103178982999964],[13.798179025000024,-0.074208971999951],[13.778279983000061,-0.048276961999932],[13.751266034000025,-0.028658041999961],[13.711848021000037,-0.017846021999958],[13.700564024000073,-0.009118042999944],[13.683813013000076,-0.013224970999943],[13.666656035000074,-0.006646042999932],[13.658426011000074,-0.013130024999953],[13.657535995000046,-0.003258975999927],[13.649643014000048,-0.007354969999938],[13.645271022000031,-0.002890003999937],[13.62244802300006,-0.00265802399997],[13.614738965000072,0.002243013000054],[13.59661171700003,0.000200550000045],[13.578219348000061,0.005517349000058],[13.569783292000068,0.002354190000062],[13.555680667000047,0.011845986000026],[13.546252414000037,0.010011567000049],[13.542053373000044,0.01703066400006],[13.509103727000024,0.028596679000032],[13.333847191000075,0.034277420000024],[13.296411349000039,0.046749967000039],[13.263922066000077,0.049680034000062],[13.25863299100007,0.054446034000023],[13.245383023000045,0.042841017000057],[13.226869011000076,0.058598963000065],[13.217708982000033,0.059098994000067],[13.203887020000025,0.069621004000055],[13.198866008000039,0.067068973000062],[13.204511987000046,0.058834039000033],[13.200422013000036,0.054973017000066],[13.193122007000056,0.062736013000062],[13.179867996000041,0.059180033000075],[13.17827098400005,0.066670023000029],[13.17362596700002,0.062736999000037],[13.161535030000039,0.065204999000059],[13.158079994000047,0.079332015000034],[13.146508012000027,0.074472010000022],[13.14135697000006,0.078620022000052],[13.142149998000036,0.088352972000052],[13.11627898300003,0.086552973000039],[13.100456972000075,0.124798010000063],[13.098153985000067,0.146573043000046],[13.084205033000046,0.159442029000047],[13.076897987000052,0.173827041000038],[13.083772992000036,0.18283096600004],[13.079236019000064,0.20100098100005],[13.060138018000032,0.204512998000041],[13.045623080000041,0.242886001000045],[13.03787298800006,0.241610926000021],[13.029241987000034,0.225601022000035],[13.021706068000071,0.228369028000031],[13.000286972000026,0.218872993000048],[12.996380098000031,0.222551039000052],[12.988726976000066,0.220110003000059],[12.982113997000056,0.223747991000039],[12.985033956000052,0.229039929000066],[12.98187702000007,0.233319959000028],[12.973237056000073,0.229970973000036],[12.968006996000042,0.23818600200002],[12.955167059000075,0.234996971000044],[12.95580196700007,0.244010026000069],[12.948855993000052,0.244866057000024],[12.946222013000067,0.251751040000045],[12.950572070000021,0.261397997000074],[12.948035996000044,0.266423975000066],[12.935540998000022,0.266408024000043],[12.923747982000066,0.25365903900007],[12.927316073000043,0.243466025000032],[12.912525967000022,0.238270034000038],[12.894452994000062,0.216913041000055],[12.880476031000057,0.210872013000028],[12.852630032000036,0.217831008000076],[12.849831003000077,0.22622996900003],[12.845691015000057,0.216502966000064],[12.830645964000041,0.23919296300005],[12.81899805200004,0.237716996000074],[12.817814017000046,0.241785021000055],[12.813029001000075,0.239612971000042],[12.81256800500006,0.224203999000053],[12.802828041000055,0.213310080000042],[12.794806993000066,0.234664003000034],[12.78258101800003,0.241575992000037],[12.766314976000046,0.266985985000019],[12.765868012000055,0.275022011000033],[12.750960002000056,0.271347023000033],[12.741088106000063,0.314378015000045],[12.734667985000044,0.308634984000037],[12.73230002300005,0.277372925000066],[12.722603992000074,0.278004973000066],[12.710967006000033,0.26676896400005],[12.694891961000053,0.265066958000034],[12.683619019000048,0.255194046000042],[12.67046100400006,0.262214044000075],[12.668274981000025,0.244837038000071],[12.640732962000072,0.25717495300006],[12.63843902900004,0.266683043000057],[12.613176022000061,0.27434600700002],[12.606574988000034,0.28997707000002],[12.482339996000064,-0.429162972999961],[12.188811963000035,-0.546500958999957],[11.56779496300004,-0.761599014999945],[11.529755033000072,-0.690103034999936],[11.51482795000004,-0.595585024999934],[11.507647034000058,-0.574717998999972],[11.48770999800007,-0.547215964999964],[11.43626901700003,-0.507289025999967],[11.406951974000037,-0.421756978999952],[11.416911971000047,-0.385982966999961],[11.373392969000065,-0.311282973999937],[11.337411005000035,-0.274184979999973],[11.334656020000068,-0.258585975999949],[11.323129007000034,-0.249235986999963],[11.327011982000045,-0.240853969999932],[11.336031983000055,-0.24203296099995],[11.338643925000042,-0.236833015999935],[11.336580034000065,-0.205405009999936],[11.340682977000029,-0.191887986999973],[11.336231031000068,-0.182508021999979],[11.341158963000055,-0.176404997999953],[11.328954022000062,-0.161404041999958],[11.333532019000074,-0.148259032999931],[11.322708894000073,-0.127643983999974],[11.324357984000073,-0.120552963999955],[11.314212972000064,-0.117635030999963],[11.300424020000037,-0.100604967999971],[11.288451989000066,-0.109479978999957],[11.271614973000055,-0.108436984999969],[11.250783003000038,-0.087140017999957],[11.264312033000067,-0.074564957999939],[11.273320021000075,-0.048903010999936],[11.299553095000022,-0.011536],[11.303163967000046,-0.001287978999926],[11.297078906000024,0.006886972000075],[11.304766090000044,0.013827965000075],[11.302944012000069,0.017497977000062],[11.309243971000058,0.01434696900003],[11.313011002000053,0.023006037000073],[11.323122073000036,0.017533959000048],[11.32727397800005,0.025795988000027],[11.324521029000039,0.034582040000032],[11.344248962000052,0.03427004100007],[11.339026993000061,0.038719988000025],[11.340034020000076,0.043987003000041],[11.343600025000057,0.041832998000075],[11.347324913000023,0.046621028000061],[11.345660026000076,0.051009045000058],[11.355329019000067,0.048933973000032],[11.356913982000037,0.041275039000027],[11.362304036000069,0.045185016000062],[11.368763927000032,0.040977014000021],[11.366979019000041,0.051247955000065],[11.374483070000053,0.052542992000042],[11.368160012000033,0.057650956000032],[11.37593496900007,0.059146983000062],[11.372288974000071,0.061940014000072],[11.40272297100006,0.053402995000056],[11.39582802800004,0.061222029000021],[11.40212090600005,0.067729961000055],[11.401400029000058,0.064728015000071],[11.414550986000052,0.062978958000031],[11.415323967000063,0.071276033000061],[11.42601998300006,0.074026035000031],[11.426037069000074,0.086844993000057],[11.434377052000059,0.082664960000045],[11.439298030000032,0.091980965000062],[11.440971994000051,0.083700982000039],[11.448781002000032,0.084443963000069],[11.451066964000063,0.095771027000069],[11.457512,0.093437956000059],[11.464728009000055,0.10329095700007],[11.467829969000036,0.100119987000028],[11.471785977000025,0.10358504200002],[11.474844027000074,0.098644032000038],[11.471792031000064,0.104906981000056],[11.480198980000068,0.106646042000023],[11.482927026000027,0.112926013000049],[11.496067021000044,0.105538010000032],[11.506832024000062,0.108042963000059],[11.512053981000065,0.102913004000072],[11.516184013000043,0.127662039000029],[11.543873981000047,0.140613985000073],[11.536633988000062,0.16226699300006],[11.541258008000057,0.170535026000039],[11.548074001000032,0.170215984000038],[11.553573966000044,0.19088004200006],[11.586948006000057,0.217038977000072],[11.578902982000045,0.237719033000076],[11.565507986000057,0.250645033000069],[11.45403397800004,0.314935991000027],[11.456877993000035,0.342084980000038],[11.472697990000029,0.351102007000065],[11.470007027000065,0.355750030000024],[11.478796009000064,0.368490004000023],[12.00080323700007,0.713310802000024],[12.20502502000005,0.859648022000044],[12.207647996000048,0.86438097100006],[12.202532037000026,0.872961982000049],[12.210336977000054,0.877835026000071],[12.208910999000068,0.888444987000071],[12.21263701600003,0.890677989000039],[12.208911982000075,0.899294028000043],[12.21319303100006,0.900171995000051],[12.213654014000042,0.91167697700007],[12.218664001000036,0.915488037000046],[12.21668302200004,0.924742038000034],[12.226129007000054,0.924656961000039],[12.228178005000075,0.935271035000028],[12.212247986000023,0.956592014000023],[12.22271003700007,0.955932029000053],[12.216996036000069,0.960068037000042],[12.221601,0.970689999000058],[12.24229301500003,0.97635196400006],[12.246634003000054,0.989783013000022],[12.246135012000025,1.000992966000069],[12.241061982000076,1.005940979000059],[12.266748019000033,1.034742964000031],[12.263816033000069,1.046153011000058],[12.273328925000044,1.058519973000045],[12.278640007000035,1.056844030000036],[12.274043014000029,1.065142995000031],[12.284408997000071,1.073352043000057],[12.282843981000042,1.07902596200006],[12.289977972000031,1.079903045000037],[12.287678977000041,1.088445037000042],[12.298460985000077,1.092588998000053],[12.295451988000025,1.121313970000074],[12.309007977000022,1.123706040000059],[12.323016015000064,1.136891014000071],[12.322486965000053,1.15210995800004],[12.332635978000042,1.165035034000027],[12.327943025000025,1.168293972000072],[12.342447929000059,1.180393990000027],[12.342073891000041,1.203493035000065],[12.34548396300005,1.215540988000043],[12.353471002000049,1.218040962000032],[12.352942017000032,1.23219098200002],[12.360999969000034,1.24728198400004],[13.167929001000061,1.216983029000062],[13.20124105800005,1.217840026000033],[13.214627026000073,1.225401035000061],[13.244597965000025,1.223085010000034],[13.255142056000068,1.228504996000026],[13.259417024000072,1.220126941000046],[13.262907994000045,1.228101968000033],[13.271706057000074,1.227698953000072],[13.276695004000032,1.22043704500004],[13.280212908000067,1.226970047000066],[13.289618970000049,1.229764026000055],[13.290691977000051,1.22532594200004],[13.298494971000025,1.229680046000055],[13.299917965000077,1.221462935000034],[13.308299714000043,1.219178689000046],[13.314361794000035,1.226762362000045],[13.313854700000036,1.238008752000042],[13.324412934000065,1.237590717000046],[13.324725440000066,1.247701710000058],[13.319497865000073,1.248426557000073],[13.323093627000048,1.264210502000026],[13.330062062000025,1.259873535000054],[13.33662376600006,1.262036893000072],[13.336006101000066,1.256981612000061],[13.343794745000025,1.253160089000062],[13.350361176000035,1.26460910000003],[13.370246632000033,1.262431924000055],[13.375272315000075,1.267897495000057],[13.368609444000072,1.268004129000076],[13.364923842000053,1.27708537500007],[13.368667490000064,1.280900762000044],[13.369792167000071,1.275432040000055],[13.374609689000067,1.274810321000075],[13.37482221700003,1.288738576000071],[13.398085330000072,1.277376927000034],[13.401678463000053,1.287382672000035],[13.413570858000071,1.290368020000074],[13.414907466000045,1.297589214000027],[13.421157234000077,1.291911262000042],[13.43909979700004,1.299019798000074],[13.437964445000034,1.285195702000067],[13.441043535000063,1.292209532000072],[13.446784241000046,1.292928391000032],[13.452519754000036,1.284361987000068],[13.467070873000068,1.276512895000053],[13.475476736000076,1.277642866000065],[13.477009561000045,1.269285430000025],[13.496071787000062,1.26349693100002],[13.498744249000026,1.27649445000003],[13.499457287000041,1.268653379000057],[13.505300996000074,1.270610108000028],[13.512778928000046,1.26255879200005],[13.516163412000026,1.265961305000076],[13.511554228000023,1.271844408000049],[13.528826786000025,1.273587990000067],[13.539491863000023,1.282144386000027],[13.54848677800004,1.277446617000066],[13.552029076000053,1.282102996000049],[13.554928506000067,1.274062938000043],[13.561918929000058,1.277621145000069],[13.57118004800003,1.284009606000041],[13.571001661000025,1.289125084000034],[13.578081014000077,1.289759976000028],[13.576905636000049,1.296976954000058],[13.59043362500006,1.30546352600004],[13.589351536000038,1.316334102000042],[13.592526003000046,1.313135069000055],[13.607504557000027,1.319062709000036],[13.604693648000023,1.322992358000022],[13.610415275000037,1.329108579000035],[13.635917039000049,1.328178363000063],[13.63329363300005,1.341150570000025],[13.638923508000062,1.345531193000056],[13.653986663000069,1.342324035000047],[13.663703525000074,1.351268896000022],[13.671597596000026,1.348888530000067],[13.677952814000037,1.352446456000052],[13.688565875000052,1.344949150000048],[13.689931804000025,1.351798729000052],[13.696279602000061,1.344669809000038],[13.701490130000025,1.349378898000055],[13.70759902900005,1.34740200300007],[13.711984217000065,1.353664623000043],[13.725936796000042,1.357831720000036],[13.735887028000036,1.370612039000036],[13.746574964000047,1.363251013000024],[13.740389979000042,1.357593002000044],[13.751959892000059,1.358062959000051],[13.759771096000065,1.347370992000037],[13.766700022000066,1.360206020000021],[13.774780995000071,1.35796700100002],[13.787889992000032,1.366433026000038],[13.784935933000042,1.373909981000054],[13.790881023000054,1.375740007000047],[13.784543979000034,1.379652039000064],[13.782882983000036,1.382923971000025],[13.788034968000034,1.385711024000045],[13.78220996400006,1.391539034000061],[13.800166989000047,1.396149021000042],[13.795933993000062,1.405164028000058],[13.81086700700007,1.410857036000039],[13.806646011000055,1.41456303800004],[13.80763700500006,1.422940002000075],[13.799994990000073,1.419467972000064],[13.804239979000045,1.437298012000042]]]}},{"type":"Feature","properties":{"PolyCode":"07","PolyLabel":"OGOOUE-LOLO","PolyLongitude":12.610002241,"PolyLatitude":-0.872416794},"geometry":{"type":"Polygon","coordinates":[[[12.741028998000047,0.314384027000074],[12.752131030000044,0.270573033000062],[12.765868012000055,0.275022011000033],[12.766314976000046,0.266985985000019],[12.78258101800003,0.241575992000037],[12.794806993000066,0.234664003000034],[12.802828041000055,0.213310080000042],[12.81256800500006,0.224203999000053],[12.813029001000075,0.239612971000042],[12.817814017000046,0.241785021000055],[12.81899805200004,0.237716996000074],[12.830645964000041,0.23919296300005],[12.845691015000057,0.216502966000064],[12.849831003000077,0.22622996900003],[12.852630032000036,0.217831008000076],[12.880476031000057,0.210872013000028],[12.894452994000062,0.216913041000055],[12.912525967000022,0.238270034000038],[12.927316073000043,0.243466025000032],[12.923747982000066,0.25365903900007],[12.935540998000022,0.266408024000043],[12.948035996000044,0.266423975000066],[12.950572070000021,0.261397997000074],[12.946222013000067,0.251751040000045],[12.948855993000052,0.244866057000024],[12.95580196700007,0.244010026000069],[12.955167059000075,0.234996971000044],[12.968006996000042,0.23818600200002],[12.973237056000073,0.229970973000036],[12.98187702000007,0.233319959000028],[12.985033956000052,0.229039929000066],[12.982113997000056,0.223747991000039],[12.988726976000066,0.220110003000059],[12.996380098000031,0.222551039000052],[13.000286972000026,0.218872993000048],[13.021706068000071,0.228369028000031],[13.029241987000034,0.225601022000035],[13.03787298800006,0.241610926000021],[13.045623080000041,0.242886001000045],[13.060138018000032,0.204512998000041],[13.079236019000064,0.20100098100005],[13.083772992000036,0.18283096600004],[13.076897987000052,0.173827041000038],[13.084205033000046,0.159442029000047],[13.098153985000067,0.146573043000046],[13.100456972000075,0.124798010000063],[13.117305008000073,0.085304002000044],[13.141328070000043,0.088700997000046],[13.14135697000006,0.078620022000052],[13.146508012000027,0.074472010000022],[13.159411035000062,0.07838203600005],[13.161535030000039,0.065204999000059],[13.17362596700002,0.062736999000037],[13.17827098400005,0.066670023000029],[13.180740004000029,0.05907402400004],[13.193122007000056,0.062736013000062],[13.199678027000061,0.054766026000038],[13.204511987000046,0.058834039000033],[13.19912400100003,0.067929001000039],[13.204749978000052,0.069364962000066],[13.217708982000033,0.059098994000067],[13.226869011000076,0.058598963000065],[13.245383023000045,0.042841017000057],[13.257729963000031,0.05439803400003],[13.27321300400007,0.049897888000032],[13.267295431000036,0.000713693000023],[13.246934961000022,-0.02464176999996],[13.231724260000021,-0.065431934999935],[13.220204426000066,-0.081532196999945],[13.22799073300007,-0.129960166999979],[13.239789447000021,-0.154326504999972],[13.234441420000053,-0.18736998199995],[13.264146116000063,-0.222289644999933],[13.299904929000036,-0.227723699999956],[13.305869097000027,-0.232448903999966],[13.307121367000036,-0.260755863999975],[13.319421576000025,-0.277626563999945],[13.327647290000073,-0.280160305999971],[13.551087475000031,-0.737809689999949],[13.565579573000036,-0.760106997999969],[13.27755071300004,-1.190173637999976],[13.265084107000064,-1.178840855999965],[13.249056234000022,-1.177048075999949],[13.223552970000071,-1.158431851999978],[13.211823675000062,-1.143544252999959],[13.202428862000033,-1.145656162999956],[13.185303981000061,-1.13964797899996],[13.175710791000029,-1.119525216999932],[13.154600093000056,-1.127417410999954],[13.159991615000024,-1.132600746999969],[13.15048379500007,-1.140422484999931],[13.158385009000028,-1.140436025999975],[13.153420520000054,-1.15087198699996],[13.161982023000064,-1.15493700899998],[13.162384459000066,-1.169934686999966],[13.159220424000068,-1.185252830999957],[13.15549737400005,-1.185974085999931],[13.161124491000066,-1.189799132999951],[13.16001955300004,-1.200808607999932],[13.163938169000062,-1.198323842999969],[13.167391461000022,-1.202799911999932],[13.16327585700003,-1.216523107999933],[13.16782016600007,-1.225277903999938],[13.163046458000053,-1.23598828799993],[13.167248923000045,-1.239815648999979],[13.166437812000026,-1.252378666999959],[13.163532546000056,-1.259840897999936],[13.157721214000048,-1.260279674999936],[13.157907567000052,-1.265587263999976],[13.163218500000028,-1.266701659999967],[13.16258779900005,-1.274360479999928],[13.144827715000076,-1.285142138999959],[13.13762306600006,-1.280195255999956],[13.137308781000058,-1.286577488999967],[13.126049465000051,-1.277328489999945],[13.127004018000036,-1.284906752999973],[13.123515506000047,-1.282754455999964],[13.118922982000072,-1.293606017999934],[13.10874565000006,-1.293762809999976],[13.10600726000007,-1.303264723999973],[13.11103306800004,-1.318055572999924],[13.102454144000035,-1.334459056999947],[13.093496066000057,-1.331591051999965],[13.096095709000053,-1.336506800999928],[13.091359374000035,-1.339569788999938],[13.078922723000062,-1.33444052699997],[13.065049997000074,-1.355058360999976],[13.046894047000023,-1.345811970999932],[13.034767554000041,-1.349088190999964],[13.028511521000041,-1.363371266999934],[13.02526094600006,-1.361936661999948],[13.025676013000066,-1.370415741999977],[13.014484891000052,-1.37223277399994],[13.016707791000044,-1.380369242999961],[13.010870843000077,-1.377489784999966],[13.00482239300004,-1.387164216999963],[12.997538242000076,-1.383853761999944],[12.990166944000066,-1.385731704999955],[12.989574693000066,-1.391236712999955],[12.979349347000039,-1.391998900999965],[12.972895521000055,-1.408276821999948],[12.957037908000075,-1.399786811999945],[12.945387792000076,-1.406493123999951],[12.941989507000073,-1.431904694999957],[12.945637530000056,-1.435573128999977],[12.94017365700006,-1.449975827999936],[12.903280832000064,-1.471691525999972],[12.904036031000032,-1.477036568999949],[12.887912497000059,-1.499142813999924],[12.896776373000023,-1.529437748999953],[12.89252470300005,-1.533806212999934],[12.89375867700005,-1.546291531999941],[12.88670471100005,-1.550203824999926],[12.884805936000078,-1.559618857999965],[12.875833800000066,-1.556955366999944],[12.874224565000077,-1.565088443999969],[12.865269271000045,-1.572671541999966],[12.872526356000037,-1.580088214999932],[12.87494336800006,-1.577653901999952],[12.874112291000074,-1.581164634999936],[12.849261755000043,-1.589512326999966],[12.83951932900004,-1.611576231999948],[12.84729862000006,-1.63510897599997],[12.831287033000024,-1.643014311999934],[12.823199216000035,-1.640424634999931],[12.823801674000038,-1.659612291999963],[12.816234265000048,-1.66958842799994],[12.809574973000053,-1.670827761999931],[12.800029944000073,-1.692054180999946],[12.805796486000077,-1.71286306899998],[12.802224473000024,-1.72644000899993],[12.787399552000068,-1.730116333999945],[12.788753703000054,-1.745354440999961],[12.768665536000071,-1.768846670999949],[12.769024526000067,-1.777755057999968],[12.780286889000024,-1.785888310999951],[12.78148038200004,-1.795781079999927],[12.793235982000056,-1.808563024999955],[12.795687979000036,-1.830002033999961],[12.818873969000038,-1.833105992999947],[12.82287896500003,-1.820268000999931],[12.834425017000058,-1.825008992999926],[12.855807042000038,-1.865875976999973],[12.869814015000031,-1.875731996999946],[12.865647009000043,-1.882067010999947],[12.880396585000028,-1.884612880999953],[12.913680033000048,-1.96402898599996],[12.92391002200003,-2.002997966999942],[12.937412001000041,-2.015392037999959],[12.93472097700004,-2.023690968999972],[12.944270981000045,-2.036048995999977],[12.928303972000037,-2.035102987999949],[12.919169024000041,-2.046203027999979],[12.903975993000074,-2.04790497099998],[12.888985964000028,-2.059300039999926],[12.881971986000053,-2.045100008999952],[12.865982990000077,-2.039846960999967],[12.85898097200004,-2.020155967999926],[12.863232895000067,-2.010919982999951],[12.84239001700007,-1.993055985999945],[12.840123998000024,-1.975998984999933],[12.851733964000061,-1.972108032999927],[12.847581965000074,-1.945989021999935],[12.84278,-1.937323031999938],[12.834894015000032,-1.944153042999972],[12.817935974000022,-1.930359028999931],[12.819019972000035,-1.913001043999941],[12.824584017000063,-1.902751022999951],[12.795565993000025,-1.911700963999976],[12.792073018000053,-1.902127985999925],[12.772698005000052,-1.89163302999998],[12.767484017000072,-1.883629022999969],[12.757519986000034,-1.899332989999948],[12.748867991000054,-1.898946960999979],[12.734119013000054,-1.889299],[12.720058996000034,-1.867532981999943],[12.716782004000038,-1.850422996999953],[12.699364,-1.845206042999962],[12.68547998200006,-1.848399021999967],[12.668511025000043,-1.841805025999975],[12.65676505700003,-1.828945025999928],[12.652594005000026,-1.812621973999967],[12.646297004000076,-1.813415033999945],[12.642858037000053,-1.822097020999934],[12.628224029000023,-1.831026028999929],[12.621548112000028,-1.829301979999968],[12.621106988000065,-1.819325034999963],[12.612217014000066,-1.820602964999978],[12.60866997100004,-1.813096026999972],[12.590001100000052,-1.820667036999964],[12.578952111000035,-1.819156972999963],[12.57731297500004,-1.823891973999935],[12.58832497000003,-1.831454988999951],[12.587497013000075,-1.836020043999952],[12.567398056000059,-1.840397989999929],[12.552942975000065,-1.859079031999954],[12.526622022000026,-1.861391971999979],[12.52497396900003,-1.867593985999974],[12.518490969000027,-1.868243001999929],[12.51926499700005,-1.881617977999952],[12.536897989000067,-1.90095004099993],[12.532702999000037,-1.908784028999946],[12.519680996000034,-1.914150001999928],[12.520728034000058,-1.924731965999968],[12.508356971000069,-1.922820980999973],[12.504725009000026,-1.91582800499998],[12.49592702800004,-1.925985986999933],[12.489799818000051,-1.906057025999928],[12.482659547000026,-1.906551646999958],[12.479299125000068,-1.89782908899997],[12.466068097000061,-1.895004693999965],[12.460271295000041,-1.882323964999955],[12.461351278000052,-1.872336642999926],[12.44967186100007,-1.870496033999927],[12.443952975000059,-1.874327013999959],[12.439034967000055,-1.866987973999926],[12.43216398100003,-1.869260010999938],[12.424165007000056,-1.859505988999956],[12.414136007000025,-1.86683503699993],[12.415241012000024,-1.846567966999942],[12.400301970000044,-1.848358012999938],[12.393404028000077,-1.836325967999926],[12.393029020000029,-1.847444005999932],[12.383138988000042,-1.849549995999951],[12.381722035000053,-1.85756496099998],[12.372857990000057,-1.860906980999971],[12.37082203600005,-1.870914010999968],[12.363478032000046,-1.871463967999944],[12.359581994000052,-1.882007040999952],[12.349111988000061,-1.871795967999958],[12.346335019000037,-1.880049008999947],[12.340713977000064,-1.878929961999972],[12.32928296700004,-1.846585984999933],[12.315022982000073,-1.846753026999977],[12.30860498900006,-1.839291016999937],[12.297752980000041,-1.839554006999947],[12.289473996000027,-1.831972009999959],[12.289367968000022,-1.840228000999957],[12.280275963000065,-1.84388103699996],[12.280864983000072,-1.85643496199998],[12.257595035000065,-1.85639402399994],[12.24646602100006,-1.843747042999951],[12.24642699800006,-1.826232008999966],[12.234047007000072,-1.812944039999934],[12.234593983000025,-1.795374998999932],[12.22371002500006,-1.803287040999976],[12.209852014000035,-1.780058955999948],[12.209060971000042,-1.793941989999951],[12.194311994000032,-1.79538002399994],[12.186541979000026,-1.801764040999956],[12.19029503300004,-1.809347979999927],[12.209042994000072,-1.818285033999928],[12.210760010000058,-1.827933021999968],[12.179550130000052,-1.810193102999961],[12.169017001000043,-1.789798499999961],[12.150695710000036,-1.781641287999946],[12.083213319000038,-1.710169739999969],[12.065427916000033,-1.678799039999944],[12.063468528000044,-1.667164562999972],[12.050591158000032,-1.661659911999948],[12.050158005000071,-1.647416956999962],[11.973914024000067,-1.642672023999978],[11.94640098800005,-1.631292003999931],[11.949969963000058,-1.58014598099993],[11.954965014000038,-1.572805028999937],[11.95234903200003,-1.561714041999949],[11.961939006000023,-1.541582968999933],[11.960153036000065,-1.535314017999951],[11.964718033000054,-1.534504986999934],[11.967651999000054,-1.510567991999949],[11.962988022000047,-1.50669503599994],[11.96345102600003,-1.493571965999934],[11.969001026000058,-1.476736009999968],[11.96003401400003,-1.468347966999943],[11.972341007000068,-1.439796036999951],[11.970190975000037,-1.404444987999966],[11.929917020000062,-1.368776975999936],[11.920562028000063,-1.375239989999955],[11.901931967000053,-1.343881034999924],[11.883494987000063,-1.335184962999961],[11.883793990000072,-1.32746599099994],[11.881875024000067,-1.330554995999933],[11.861421978000067,-1.309009957999933],[11.840334013000074,-1.303583],[11.842396971000028,-1.294124997999972],[11.827095995000036,-1.286666978999961],[11.825748994000037,-1.27884697099995],[11.80711696000003,-1.269164002999958],[11.805272024000033,-1.262081967999961],[11.783728027000052,-1.254882043999942],[11.777262024000038,-1.244718040999942],[11.765366013000062,-1.241704990999949],[11.766974967000067,-1.237116967999953],[11.758110001000034,-1.221576982999977],[11.73658998600007,-1.19294500999996],[11.743795988000045,-1.17948703899998],[11.73659198100006,-1.164615011999956],[11.744603967000046,-1.122640011999977],[11.739675099000067,-1.083806008999943],[11.745466023000063,-1.060896982999964],[11.708345998000027,-1.073491015999934],[11.681009965000044,-1.096671008999976],[11.665820034000035,-1.095450035999932],[11.650478,-1.114370978999943],[11.649140020000061,-1.122831037999958],[11.636299965000035,-1.124430016999952],[11.630617936000021,-1.119137018999936],[11.62258300800005,-1.12346503599997],[11.607238895000023,-1.122311000999957],[11.597611965000056,-1.135598006999942],[11.591329020000046,-1.136065027999962],[11.590952017000063,-1.14377501599995],[11.57279802100004,-1.133848973999932],[11.564802978000046,-1.135131013999967],[11.559232976000033,-1.124255973999936],[11.535197029000074,-1.129577998999935],[11.543422021000026,-1.106673014999956],[11.53445503200004,-1.100526978999937],[11.533428006000065,-1.090127982999945],[11.544454998000049,-1.085807004999936],[11.541655030000072,-1.078461012999981],[11.547488994000048,-1.076414972999942],[11.544003975000066,-1.065595995999956],[11.547393061000037,-1.062447969999937],[11.52478900500006,-1.041523984999969],[11.529670104000047,-1.032849983999938],[11.520263034000038,-1.010476990999962],[11.52509703100003,-1.000525979999964],[11.531173992000049,-1.000014994999958],[11.506675020000046,-0.964797960999931],[11.498039966000022,-0.924630029999946],[11.49919200100004,-0.847402017999968],[11.505439040000056,-0.822622016999958],[11.526663004000056,-0.791602025999964],[11.56779496300004,-0.761599014999945],[12.188811963000035,-0.546500958999957],[12.482339996000064,-0.429162972999961],[12.606574988000034,0.28997707000002],[12.613176022000061,0.27434600700002],[12.63843902900004,0.266683043000057],[12.640054978000023,0.257714991000057],[12.665297923000026,0.244596026000067],[12.669929025000044,0.247430992000034],[12.67046100400006,0.262214044000075],[12.683619019000048,0.255194046000042],[12.694891961000053,0.265066958000034],[12.710967006000033,0.26676896400005],[12.722603992000074,0.278004973000066],[12.73230002300005,0.277372925000066],[12.734667985000044,0.308634984000037],[12.741028998000047,0.314384027000074]]]}},{"type":"Feature","properties":{"PolyCode":"08","PolyLabel":"OGOOUE-MARITIME","PolyLongitude":9.713785189,"PolyLatitude":-1.687581543},"geometry":{"type":"Polygon","coordinates":[[[9.306607014000065,-0.27503803299993],[9.308408001000032,-0.279463],[9.321172994000051,-0.281098025999938],[9.32575900200004,-0.289753969999936],[9.317200976000038,-0.33481797099995],[9.32215999500005,-0.339964978999944],[9.333677011000077,-0.338361024999926],[9.345459973000061,-0.363764982999953],[9.341655020000076,-0.371808039999962],[9.345768965000048,-0.383924985999954],[9.38653503200004,-0.419311035999954],[9.40152203200006,-0.454412020999939],[9.428002036000066,-0.478407957999934],[9.44051502800005,-0.47107901399994],[9.448350982000022,-0.478336000999946],[9.48339801800006,-0.48521203699994],[9.49875399800004,-0.499965997999936],[9.51010803400004,-0.496694027999979],[9.520302020000031,-0.501104028999976],[9.534008972000038,-0.529706028999954],[9.543668020000041,-0.535448992999932],[9.557145973000047,-0.557411987999956],[9.559214963000045,-0.568698963999964],[9.566855029000067,-0.572210022999968],[9.575173029000041,-0.566234033999933],[9.576890997000021,-0.572583024999972],[9.569870980000076,-0.579865972999926],[9.649320018000026,-0.838125011999978],[9.74206401300006,-0.877023961999953],[9.745038977000036,-0.885414037999965],[9.736246020000067,-0.901004038999929],[9.743158035000022,-0.908670018999942],[9.774773014000061,-0.906971985999974],[9.798417983000036,-0.895123032999948],[9.812184003000027,-0.899781979999943],[9.819965964000062,-0.909339030999945],[9.839661031000048,-0.90056199199995],[9.849378022000053,-0.907866981999973],[9.866957008000043,-0.896051015999944],[9.879907993000074,-0.900386021999964],[9.931116002000067,-0.939797020999947],[9.940784997000037,-0.979937016999941],[9.923525006000034,-1.010802041999966],[9.938818981000054,-1.018791971999974],[9.946445022000034,-1.03508695499994],[9.942876005000073,-1.040826023999955],[9.961211966000064,-1.064389997999967],[9.954910974000029,-1.070843989999958],[9.946963986000071,-1.063295004999929],[9.941749977000029,-1.067299021999929],[9.943639005000023,-1.085320968999952],[9.933649022000054,-1.096318013999962],[9.926013982000029,-1.125969958999974],[9.929742963000024,-1.13164003199995],[9.917247976000056,-1.140996954999935],[9.915223996000066,-1.148558032999972],[9.91012698000003,-1.144857990999981],[9.906415011000036,-1.148167015999945],[9.91429703700004,-1.15373901199996],[9.910499987000037,-1.166239032999954],[9.923774030000061,-1.168953981999948],[9.933786978000057,-1.152186961999973],[9.943739021000056,-1.167773017999934],[9.954751005000048,-1.168976959999952],[9.956013023000025,-1.176234008999927],[9.94737596300007,-1.178142031999926],[9.948970992000056,-1.194654955999965],[9.94132602700006,-1.216811036999957],[9.950185022000028,-1.235716034999939],[9.965326978000064,-1.222890032999942],[10.02649202400005,-1.25782204199993],[10.041348994000032,-1.26052997599993],[10.054993012000068,-1.25715698099998],[10.063853033000044,-1.263525042999959],[10.057748025000024,-1.26886348599993],[10.059630166000034,-1.294702642999937],[10.049846241000068,-1.316606164999939],[10.037815393000074,-1.321707025999956],[10.024235564000037,-1.343891052999936],[10.01417871700005,-1.347584615999949],[10.000704788000064,-1.364989760999947],[9.995450302000052,-1.359355155999936],[9.993417284000031,-1.368042553999942],[9.982107803000076,-1.375571639999976],[9.961951629000055,-1.381013630999973],[9.965980753000053,-1.394573112999979],[9.957205105000071,-1.420612724999955],[9.968381201000057,-1.458049164999977],[9.966576792000069,-1.491056207999975],[9.97136163700003,-1.491702832999977],[9.973885427000027,-1.504384110999979],[9.969204647000026,-1.510838685999943],[9.976618580000036,-1.528977374999954],[9.976511078000044,-1.543703456999935],[9.962626667000052,-1.538117342999954],[9.947281590000046,-1.546717162999926],[9.941458225000076,-1.54431853899996],[9.943460997000045,-1.563344400999938],[9.938924710000038,-1.582124501999942],[9.931902725000043,-1.58953553799995],[9.932125818000031,-1.604252127999928],[9.910645208000062,-1.597059602999934],[9.901766344000066,-1.60387598799997],[9.890550220000023,-1.617671277999932],[9.887130858000035,-1.631598126999961],[9.877896532000022,-1.637280123999972],[9.894894805000035,-1.656687107999971],[9.867045824000058,-1.667189665999956],[9.859359305000055,-1.683015607999948],[9.87016882200004,-1.696124290999933],[9.881297309000047,-1.701245348999976],[9.879466706000073,-1.708658786999933],[9.90558543000003,-1.73635670699997],[9.905094241000029,-1.750549508999939],[9.913774497000077,-1.756818192999958],[9.918212561000075,-1.782778599999972],[9.931620542000076,-1.790290958999947],[9.937581480000063,-1.80373149199994],[9.960488367000039,-1.819506849999925],[9.972186984000075,-1.82408724499993],[9.980859406000036,-1.818637327999966],[9.98402305600007,-1.827979677999963],[10.000210217000074,-1.843525542999942],[10.00772689200005,-1.837536510999939],[10.039181825000071,-1.835910425999941],[10.059558583000069,-1.844916464999926],[10.08743808500003,-1.847435099999927],[10.109875762000058,-1.870194774999959],[10.140625303000036,-1.883830931999967],[10.168779500000028,-1.876963940999929],[10.168064486000048,-1.891900371999952],[10.173384944000077,-1.902795605999927],[10.192998138000064,-1.900779757999942],[10.197080676000041,-1.918702972999938],[10.204949408000061,-1.927325116999953],[10.224245882000048,-1.912664865999943],[10.243254211000021,-1.923008581999966],[10.305235350000032,-1.942785672999946],[10.321930115000043,-1.943556135999927],[10.363863082000023,-1.913694574999965],[10.387292698000067,-1.935191378999946],[10.417610371000023,-1.943489471999953],[10.423954622000053,-1.961521974999926],[10.45986977800004,-2.00883530699997],[10.466967417000035,-2.007767367999975],[10.472560151000039,-2.018665600999952],[10.475219451000044,-2.047957688999929],[10.478945777000035,-2.047761870999977],[10.487372409000045,-2.062998930999925],[10.48308933900006,-2.067507143999933],[10.496896205000041,-2.096793570999978],[10.495767022000052,-2.126627011999972],[10.505499005000047,-2.146622984999965],[10.505697006000048,-2.155229960999975],[10.49660001500007,-2.157254007999938],[10.495479965000072,-2.166984032999949],[10.48969098300006,-2.168334023999932],[10.501328989000058,-2.186213024999972],[10.502037967000035,-2.189963009999929],[10.498074011000028,-2.189878995999948],[10.501318992000051,-2.197159000999932],[10.509087023000063,-2.198184977999972],[10.498492025000076,-2.202514022999935],[10.498758973000065,-2.206880963999936],[10.509703998000077,-2.215334979999966],[10.506087012000023,-2.221053975999951],[10.520718019000071,-2.222843964999925],[10.529031972000041,-2.234977015999959],[10.528603031000046,-2.25572296699994],[10.532443990000047,-2.261729001999925],[10.539630026000054,-2.262107029999925],[10.53849297000005,-2.269892992999928],[10.544077977000029,-2.267254028999957],[10.560282975000064,-2.282123026999955],[10.561086016000047,-2.294194983999944],[10.569001911000043,-2.301940993999949],[10.565593026000045,-2.307520014999966],[10.570193035000045,-2.306327988999954],[10.57660600500003,-2.31710301399994],[10.57199300800005,-2.330579000999933],[10.57735197900007,-2.336215958999958],[10.582141967000041,-2.33178600399998],[10.586993003000032,-2.334212958999956],[10.54833800800003,-2.357293983999966],[10.546054945000037,-2.574476976999961],[10.558899968000048,-2.677548028999979],[10.601211998000053,-2.824704955999948],[10.58572902700007,-2.831466991999946],[10.56343703300007,-2.825895],[10.551912999000024,-2.837452029999952],[10.526482008000073,-2.849233000999959],[10.52455199800005,-2.858392028999958],[10.510624989000064,-2.874286031999929],[10.511082010000052,-2.891644006999968],[10.502683027000046,-2.896937025999932],[10.49162700200003,-2.916449966999949],[10.499752973000056,-2.936470033999967],[10.497096018000036,-2.950932024999929],[10.490613016000054,-2.957190996999941],[10.477665036000076,-2.956691013999944],[10.48892703000007,-2.962974989999964],[10.488441993000038,-2.967072012999949],[10.46539598000004,-2.985845],[10.459368968000035,-3.008497011999964],[10.450257994000026,-3.007760961999963],[10.440201032000061,-2.997862987999952],[10.434668970000075,-3.009666955999933],[10.422916030000067,-3.011338042999967],[10.417889978000062,-3.004581040999938],[10.426297973000032,-2.993986029999974],[10.42102898500002,-2.989879954999935],[10.399448973000062,-2.988883980999958],[10.389606022000066,-2.997066043999951],[10.37713401700006,-2.998976021999965],[10.376673991000075,-2.985717019999925],[10.398030023000047,-2.975140977999956],[10.382205026000065,-2.975118040999973],[10.379824031000055,-2.963542988999961],[10.368090985000038,-2.95243702099998],[10.362809996000067,-2.956045016999951],[10.369039027000042,-2.959910998999931],[10.368072987000062,-2.96449002199995],[10.35872598800006,-2.961341985999979],[10.359938011000054,-2.952666009999973],[10.370019981000041,-2.944724966999956],[10.364037022000048,-2.937242961999971],[10.351079996000067,-2.943732964999981],[10.342220032000057,-2.935765009999955],[10.329506036000055,-2.939603043999966],[10.320846987000039,-2.957910009999978],[10.307404029000054,-2.968737027999964],[10.314677964000055,-2.98288600099994],[10.276693022000075,-2.981947982999941],[9.898286995000035,-2.703167002999976],[9.883433996000065,-2.687547008999957],[9.885199974000045,-2.674792029999935],[9.878498036000053,-2.652772994999964],[9.76338897100004,-2.539268018999962],[9.716977984000039,-2.485376019999933],[9.647454019000065,-2.423832002999973],[9.649163010000052,-2.418448986999977],[9.630456972000047,-2.408195965999937],[9.602110019000065,-2.356741988999943],[9.586924998000029,-2.338299991999975],[9.587225971000066,-2.25307995999998],[9.575013969000054,-2.230257970999958],[9.535205994000023,-2.177819030999956],[9.453487030000076,-2.096217023999941],[9.434823015000063,-2.074824034999949],[9.437406022000062,-2.071363018999932],[9.43515102200007,-2.06796903399993],[9.43182596500003,-2.066529030999959],[9.435613015000058,-2.070518009999944],[9.431818030000045,-2.071550993999949],[9.410932994000063,-2.052147039999966],[9.416478987000062,-2.051997028999949],[9.415136992000043,-2.049124976999963],[9.40167903300005,-2.042407012999945],[9.362743976000047,-1.994316966999975],[9.35397,-1.979999043999953],[9.35611401400007,-1.976933964999944],[9.350594012000045,-1.977887043999942],[9.283323979000045,-1.902551036999967],[9.272928964000073,-1.881636018999927],[9.27626402900006,-1.876300972999957],[9.265664001000061,-1.866880034999951],[9.258501970000054,-1.81609096699998],[9.259198034000065,-1.79577803799998],[9.269789029000037,-1.782212029999926],[9.264091010000072,-1.754260982999938],[9.267617965000056,-1.752096041999948],[9.255324005000034,-1.736953966999977],[9.244620995000048,-1.689357976999929],[9.248113037000053,-1.672958993999941],[9.23621001500004,-1.643917964999957],[9.191742028000021,-1.562978985999962],[9.017652995000049,-1.344231959999945],[8.991595967000023,-1.286909037999976],[8.997405022000066,-1.281000983999945],[8.992011020000064,-1.270494956999926],[8.997636030000024,-1.26643798899994],[8.994512001000032,-1.229222974999971],[8.979763097000045,-1.189223993999974],[8.960790983000038,-1.153329990999964],[8.91539797300004,-1.087315986999954],[8.85431402100005,-1.009806038999955],[8.858112998000024,-1.002011540999945],[8.846325035000064,-0.984731583999974],[8.837930060000076,-0.947559662999936],[8.795338710000067,-0.87998289799998],[8.758235498000033,-0.774909321999928],[8.705044791000034,-0.686369867999929],[8.699619004000056,-0.64499995999995],[8.702534993000029,-0.631120984999939],[8.712288972000067,-0.620213964999948],[8.716545997000026,-0.622844959999952],[8.715196003000074,-0.630890020999971],[8.718915975000073,-0.62890097199994],[8.709916018000058,-0.636929026999951],[8.720369805000075,-0.650975056999926],[8.735652597000069,-0.64978593799998],[8.752108418000034,-0.656868406999934],[8.753394010000022,-0.667239957999925],[8.750937992000047,-0.671460957999955],[8.749800124000046,-0.676084962999937],[8.75004743900007,-0.677372765999962],[8.765765343000055,-0.675533873999939],[8.778848754000023,-0.67964380799998],[8.776226055000052,-0.685810723999964],[8.77162125500007,-0.684276133999958],[8.775838337000039,-0.687365713999952],[8.774728522000032,-0.694100849999927],[8.796588839000037,-0.731217754999932],[8.792534918000058,-0.756018205999965],[8.801261021000073,-0.765641011999946],[8.826894971000058,-0.776928988999941],[8.868463787000053,-0.754438024999956],[8.883674984000038,-0.761897985999951],[8.891361044000064,-0.751935706999973],[8.883440495000059,-0.747857129999943],[8.881928345000063,-0.740558659999976],[8.889187081000046,-0.726647857999978],[8.89549603200004,-0.721910018999949],[8.902034010000023,-0.725491967999972],[8.910363971000038,-0.721420017999947],[8.909799382000074,-0.711988366999947],[8.938932045000058,-0.70971063099995],[8.94332442600006,-0.695796811999969],[8.940971568000066,-0.684254647999978],[8.960206389000064,-0.659657782999943],[8.985468987000047,-0.654047959999957],[9.007091439000021,-0.633888135999939],[9.012534010000024,-0.636329965999948],[9.013236024000037,-0.650968954999939],[9.026636782000026,-0.655285230999937],[9.033426980000058,-0.659849005999945],[9.03372198300002,-0.667533959999957],[9.043938967000031,-0.670612037999945],[9.105145030000074,-0.642678036999939],[9.105675402000031,-0.637406366999926],[9.126199980000024,-0.628003692999926],[9.143325109000045,-0.608727321999936],[9.156230739000023,-0.584146758999964],[9.15878230800007,-0.565364724999938],[9.17308435600006,-0.561989825999945],[9.19411371700005,-0.54143361399997],[9.210243867000031,-0.511322400999973],[9.23581466500002,-0.485921792999932],[9.283331127000054,-0.413679219999949],[9.301486023000052,-0.342614043999959],[9.300993022000057,-0.27655804099993],[9.306607014000065,-0.27503803299993]]]}},{"type":"Feature","properties":{"PolyCode":"09","PolyLabel":"WOLEU-NTEM","PolyLongitude":11.941258173,"PolyLatitude":1.399576004},"geometry":{"type":"Polygon","coordinates":[[[11.669491988000061,2.316349992000028],[11.668384986000035,2.313081983000075],[11.702877013000034,2.317034007000075],[11.71112796600005,2.300528034000024],[11.724046981000072,2.301136002000021],[11.733035001000076,2.292510022000045],[11.74715503300007,2.296872043000064],[11.744933005000064,2.285932969000044],[11.75032998000006,2.276235976000066],[11.754135985000062,2.283656990000054],[11.751123965000033,2.273522993000029],[11.758016987000076,2.270315007000022],[11.766717025000048,2.273723973000074],[11.786342026000057,2.270256992000043],[11.786705985000026,2.27646598900003],[11.793876975000046,2.274406977000069],[11.794352028000048,2.280311978000043],[11.80191196800007,2.27526098800007],[11.824336036000034,2.273373986000024],[11.822829995000063,2.279889030000049],[11.829714033000073,2.284166025000047],[11.841972974000043,2.274987998000029],[11.854714030000025,2.280638044000057],[11.856221969000046,2.272259986000051],[11.865898965000042,2.270425992000071],[11.869541970000057,2.283670010000037],[11.888956968000059,2.27890902300004],[11.900402988000053,2.28407302100004],[11.91287697100006,2.279532001000064],[11.922202034000065,2.289325],[11.934439029000032,2.280446004000055],[11.951643013000023,2.287985967000054],[11.96338296500005,2.283917005000035],[11.968711972000051,2.289164959000061],[11.972664003000034,2.284874028000047],[11.982261015000063,2.289343023000072],[11.98551397600005,2.283118970000032],[11.994178971000053,2.281931018000023],[12.000140982000062,2.286950011000044],[12.010607982000067,2.286791045000029],[12.01322596600005,2.293891967000036],[12.023116995000066,2.289092029000074],[12.027504024000052,2.291417957000021],[12.040485035000074,2.281835028000046],[12.047333990000027,2.290060999000048],[12.05397398100007,2.286977031000049],[12.076444827000046,2.289741158000027],[12.095401949000063,2.280244787000072],[12.103254914000047,2.284393327000032],[12.109441756000024,2.282078985000055],[12.125624286000061,2.295163409000054],[12.13303200300004,2.281738511000071],[12.140827182000066,2.282369579000033],[12.154600033000065,2.272119564000036],[12.166534203000026,2.287330329000042],[12.200580306000063,2.278638237000052],[12.208034299000076,2.286280968000028],[12.221635972000058,2.264075700000035],[12.244439524000029,2.251821852000035],[12.258162682000034,2.262433610000073],[12.266766791000066,2.258755790000066],[12.279341677000048,2.263385020000044],[12.289418349000073,2.279660259000025],[12.307026689000054,2.285319970000046],[12.451776089000077,2.254724186000033],[12.471185927000022,2.255989367000041],[12.492795494000063,2.264095439000073],[12.527523211000073,2.255336868000029],[12.52990412500003,2.259086122000042],[12.551795377000076,2.259556584000052],[12.573056760000043,2.271755633000055],[12.584361456000067,2.266744661000075],[12.589257418000045,2.256916793000073],[12.609567244000061,2.257860613000048],[12.612230130000057,2.251314208000053],[12.631995352000047,2.242942381000034],[12.646409229000028,2.239331443000026],[12.684164418000023,2.244261021000057],[12.710016791000044,2.228585670000029],[12.722943715000042,2.235146729000064],[12.733756578000055,2.232245078000062],[12.734597994000069,2.225965721000023],[12.741734380000025,2.222850523000034],[12.755538253000054,2.230343222000045],[12.779337725000062,2.233058200000073],[12.787347952000061,2.241815201000065],[12.79115402800005,2.240377057000046],[12.792904847000045,2.251386294000042],[12.79742688500005,2.253777247000073],[12.80868588100003,2.247946844000069],[12.817785183000069,2.25972661000003],[12.824315252000076,2.257113049000054],[12.824431559000061,2.242653260000054],[12.850397324000028,2.237950280000064],[12.85816389100006,2.22805269600002],[12.866972986000064,2.233886957000038],[12.871408874000053,2.228922443000044],[12.870542958000044,2.23977338800006],[12.877977048000048,2.248621096000022],[12.886011559000053,2.245428479000054],[12.887671682000075,2.236491933000025],[12.896323794000068,2.236523817000034],[12.903961864000053,2.243179167000051],[12.907342078000056,2.23967108100004],[12.909645,2.244536323000034],[12.916622938000046,2.242537431000073],[12.919707968000068,2.247776306000048],[12.913341304000028,2.250947144000065],[12.91758255600007,2.25530176500007],[12.933350777000044,2.254962294000052],[12.941416838000066,2.245451082000045],[12.949472695000054,2.244426664000059],[12.970473704000028,2.243938531000026],[12.977831622000053,2.250566119000041],[12.986310454000034,2.247390731000053],[12.990147037000042,2.251743610000062],[13.005852149000077,2.248825986000043],[13.015689123000072,2.25320696700004],[13.028451890000042,2.245220183000072],[13.030914758000051,2.251520835000065],[13.032555968000054,2.237383935000025],[13.040265603000023,2.241302579000035],[13.047003809000046,2.238997182000048],[13.050418137000065,2.243369578000056],[13.054063326000062,2.239378084000066],[13.060493172000065,2.247989338000025],[13.073581123000054,2.251569721000067],[13.07433737100007,2.245821053000043],[13.08451589300006,2.241440046000037],[13.097734735000074,2.250657756000066],[13.095815265000056,2.255960155000025],[13.104802277000033,2.254273373000046],[13.10412152300006,2.259560717000056],[13.112916540000072,2.252098499000056],[13.108956728000067,2.25920159900005],[13.114606356000024,2.262350397000034],[13.111925843000051,2.269884717000025],[13.142307006000067,2.281927769000049],[13.15200066400007,2.280434600000035],[13.157671120000032,2.286765341000034],[13.177173331000063,2.278612488000022],[13.192562246000023,2.283545755000034],[13.193921943000078,2.273930987000028],[13.186053230000027,2.276052397000058],[13.190960180000047,2.263922800000046],[13.203812120000066,2.270134387000041],[13.202694843000074,2.26151974000004],[13.207189610000057,2.259898952000071],[13.211443333000034,2.264552058000049],[13.220637471000032,2.258311497000022],[13.230299055000046,2.270111964000023],[13.246968286000026,2.274360559000058],[13.26090298300005,2.26290592700002],[13.259626140000023,2.253573801000073],[13.273105539000028,2.249464409000041],[13.268918477000057,2.24140931200003],[13.280718567000065,2.252119444000073],[13.286108150000075,2.249003591000076],[13.283802452000032,2.24206563100006],[13.28894809600007,2.23208968900002],[13.299808213000063,2.227932051000039],[13.29621613200004,2.219093248000036],[13.305658662000042,2.207984276000047],[13.285356857000068,2.189319573000034],[13.299926304000053,2.181266262000065],[13.295069025000032,2.16315503900006],[13.288007549000042,2.15821526000002],[13.298326471000053,2.143831028000022],[13.288234049000039,2.138678734000052],[13.288468227000067,2.134211359000062],[13.284901739000077,2.13620862700003],[13.29333910400004,2.12686457500007],[13.289092209000046,2.119453211000064],[13.293688046000057,2.117933653000023],[13.29375983400007,2.108919587000059],[13.301319958000022,2.10802775600007],[13.292151276000027,2.081160602000068],[13.298880370000063,2.06823229500003],[13.289666699000065,2.048137595000071],[13.27825283900006,2.052773604000038],[13.288709230000052,2.040719625000065],[13.274670444000037,2.034588527000039],[13.27371148800006,2.024936940000032],[13.269592981000073,2.027111173000037],[13.263882728000056,2.021656047000022],[13.260209744000065,2.02768844700006],[13.25682198000004,2.023514326000054],[13.251432254000065,2.025831947000029],[13.250473634000059,2.016499299000031],[13.244371879000028,2.020971262000046],[13.235565958000052,2.014436682000053],[13.235163251000074,2.006220382000038],[13.239841652000052,2.006695481000065],[13.233496340000045,2.003748679000068],[13.235554937000074,1.99975850200002],[13.226595456000041,1.999845024000024],[13.22777373200006,1.993901529000027],[13.220302901000025,1.993007851000073],[13.21976621500005,1.985570766000023],[13.207554016000074,1.982867505000058],[13.207302263000031,1.963642256000071],[13.216097626000021,1.956137211000055],[13.214345922000064,1.945767962000048],[13.208478979000063,1.946091250000052],[13.210775117000026,1.941702036000038],[13.203798170000027,1.942026189000046],[13.203636354000025,1.937319686000023],[13.200863455000047,1.940432857000076],[13.200462667000068,1.934051144000023],[13.192451396000024,1.929270424000038],[13.190095510000049,1.933754991000058],[13.187490973000024,1.921120549000022],[13.181501024000056,1.916195148000043],[13.183399259000055,1.909413063000045],[13.171586985000033,1.899795873000073],[13.167382786000076,1.908147682000049],[13.15991931900004,1.903338811000026],[13.159516128000064,1.893207637000046],[13.155551420000052,1.892492425000057],[13.160464839000042,1.889218267000047],[13.15427943700007,1.88730780700007],[13.160071557000038,1.874361488000034],[13.16394161200003,1.871346334000066],[13.168465110000056,1.877884913000059],[13.176866721000067,1.868703750000066],[13.188043636000032,1.871170551000034],[13.197229149000066,1.854571270000065],[13.203015214000061,1.85233370100002],[13.204198227000063,1.843158935000019],[13.18983643100006,1.825139684000021],[13.190702718000068,1.816204391000042],[13.194860001000052,1.818502996000063],[13.199504356000034,1.807291339000074],[13.195132465000029,1.801044431000037],[13.19671272100004,1.792986261000067],[13.19092504400004,1.792431627000042],[13.191715444000067,1.78868170800007],[13.182442965000064,1.79371345900006],[13.177756274000046,1.779277343000047],[13.180528664000065,1.775605997000071],[13.17561284900006,1.774811424000063],[13.18211283100004,1.773291482000047],[13.178698139000062,1.764358913000024],[13.183681321000051,1.75826352100006],[13.172741952000024,1.751899515000048],[13.172977243000048,1.74370099600003],[13.167268088000071,1.741789967000045],[13.16588579200004,1.747092584000029],[13.161876783000025,1.741234791000068],[13.15757465400003,1.743282288000046],[13.155210945000022,1.730549085000064],[13.160063102000038,1.725420867000025],[13.151876109000057,1.722015187000068],[13.15230460500004,1.709381807000057],[13.144973797000034,1.71324402800002],[13.144326979000027,1.706177131000061],[13.135850608000055,1.702479733000075],[13.13869817400007,1.69154876500005],[13.135209283000052,1.690354262000028],[13.140595805000032,1.683011667000073],[13.13599625300003,1.680302010000048],[13.14336392000007,1.671681952000029],[13.139466258000027,1.65268697800002],[13.142631896000069,1.639293491000046],[13.149368479000032,1.636337880000042],[13.149920347000034,1.630833104000033],[13.145006266000053,1.632591011000045],[13.144131276000053,1.627166808000027],[13.149838057000068,1.625567986000021],[13.149913489000028,1.618707311000037],[13.145633881000037,1.620863568000061],[13.147689799000034,1.611688321000031],[13.141429489000075,1.615600865000033],[13.14269485400007,1.610334970000054],[13.13904764800003,1.609220140000048],[13.14308531200004,1.599804301000063],[13.138483736000069,1.592786595000064],[13.143954199000063,1.594059959000049],[13.144744283000023,1.589352691000045],[13.128845768000076,1.589666177000026],[13.125506615000063,1.582903543000043],[13.137611435000053,1.578774005000071],[13.138236242000062,1.561382527000035],[13.130071408000049,1.561546489000023],[13.137836274000051,1.554681519000042],[13.14217641600004,1.559091622000039],[13.143467395000073,1.547569920000058],[13.153369198000064,1.548548375000053],[13.147580021000067,1.539908855000022],[13.15930860900005,1.523069355000075],[13.166524269000035,1.528291779000028],[13.171281816000032,1.52518010700004],[13.17666814200004,1.535035549000042],[13.181497784000044,1.524343030000068],[13.189105647000076,1.520908635000069],[13.188141643000051,1.513142019000043],[13.195361785000046,1.509736703000044],[13.19105789200006,1.496437800000024],[13.196780784000055,1.495376584000041],[13.190196225000022,1.485328573000061],[13.205553086000066,1.487538723000057],[13.20655498900004,1.479169686000034],[13.219439891000036,1.474702688000036],[13.213884665000023,1.462580119000052],[13.224671563000072,1.459526256000061],[13.218893296000033,1.445348438000053],[13.225373386000058,1.438010060000067],[13.229410104000067,1.442947428000025],[13.23569162900003,1.433320575000039],[13.230863408000062,1.415702016000068],[13.239481191000039,1.415712588000076],[13.240567587000044,1.407681748000073],[13.246672647000025,1.411108581000065],[13.252032539000027,1.407012891000022],[13.24800997400007,1.391882701000043],[13.258162785000025,1.386931350000054],[13.243716458000051,1.36627794900005],[13.252960806000033,1.352476738000064],[13.241362811000045,1.34191891100005],[13.246395451000069,1.335085320000076],[13.259633866000058,1.338987374000055],[13.263194855000052,1.327657911000074],[13.258033982000029,1.323888989000068],[13.258516326000063,1.317102703000046],[13.24151759700004,1.301138393000031],[13.228561522000064,1.301284405000047],[13.228998785000044,1.289531475000047],[13.224415260000058,1.283802114000025],[13.211181150000073,1.288515183000072],[13.193899930000043,1.283338058000027],[13.188906918000043,1.291029156000036],[13.176055064000025,1.258536319000029],[13.17930048200003,1.249041700000021],[13.172965134000037,1.245127985000067],[13.165115675000038,1.249642229000074],[13.15296304800006,1.237565121000046],[13.183253743000023,1.226942234000035],[13.192611227000043,1.216812270000048],[12.360999969000034,1.24728198400004],[12.352942017000032,1.23219098200002],[12.353471002000049,1.218040962000032],[12.34548396300005,1.215540988000043],[12.342073891000041,1.203493035000065],[12.342447929000059,1.180393990000027],[12.327943025000025,1.168293972000072],[12.332635978000042,1.165035034000027],[12.322486965000053,1.15210995800004],[12.323016015000064,1.136891014000071],[12.309007977000022,1.123706040000059],[12.295451988000025,1.121313970000074],[12.298460985000077,1.092588998000053],[12.287678977000041,1.088445037000042],[12.289977972000031,1.079903045000037],[12.282843981000042,1.07902596200006],[12.284408997000071,1.073352043000057],[12.274043014000029,1.065142995000031],[12.278640007000035,1.056844030000036],[12.273328925000044,1.058519973000045],[12.263816033000069,1.046153011000058],[12.266748019000033,1.034742964000031],[12.241061982000076,1.005940979000059],[12.246135012000025,1.000992966000069],[12.246634003000054,0.989783013000022],[12.24229301500003,0.97635196400006],[12.221601,0.970689999000058],[12.216996036000069,0.960068037000042],[12.22271003700007,0.955932029000053],[12.212247986000023,0.956592014000023],[12.228178005000075,0.935271035000028],[12.226129007000054,0.924656961000039],[12.21668302200004,0.924742038000034],[12.218664001000036,0.915488037000046],[12.213654014000042,0.91167697700007],[12.21319303100006,0.900171995000051],[12.208911982000075,0.899294028000043],[12.21263701600003,0.890677989000039],[12.208910999000068,0.888444987000071],[12.210336977000054,0.877835026000071],[12.202532037000026,0.872961982000049],[12.207647996000048,0.86438097100006],[12.204430985000045,0.858987016000071],[12.00080323700007,0.713310802000024],[11.478796009000064,0.368490004000023],[11.470007027000065,0.355750030000024],[11.472697990000029,0.351102007000065],[11.456877993000035,0.342084980000038],[11.45403397800004,0.314935991000027],[11.565507986000057,0.250645033000069],[11.578902982000045,0.237719033000076],[11.585402988000055,0.222160979000023],[11.337209968000025,0.222231012000066],[11.33721601700006,0.226113971000075],[11.330334030000074,0.225737026000047],[11.327189025000052,0.240421997000055],[11.320769037000048,0.240341992000026],[11.318310981000025,0.232339006000075],[11.303283031000035,0.237363015000028],[11.294537027000047,0.230447020000042],[11.289185977000045,0.234370012000056],[11.280588992000048,0.229408975000069],[11.26846298700002,0.231402990000049],[11.263391016000071,0.225100004000069],[11.24556399100004,0.231519997000021],[11.240487030000054,0.240257961000054],[11.230024976000038,0.244724976000043],[11.235294021000072,0.255229024000073],[11.232107983000049,0.263801988000068],[11.212272964000022,0.250708041000053],[11.200226009000062,0.251665028000048],[11.202523966000058,0.255414967000036],[11.19576496700006,0.268814983000027],[11.185722982000073,0.260201005000056],[11.177321992000032,0.263711002000036],[11.174787012000024,0.254456022000056],[11.16987599600003,0.260031015000038],[11.155845975000034,0.257726001000037],[11.136772895000036,0.222428973000035],[10.81351696400003,0.22104803700006],[10.82498398100006,0.241266006000046],[10.82508401900003,0.251203979000024],[10.830389013000058,0.257332021000025],[10.835938991000035,0.255672039000046],[10.845159972000033,0.290212997000026],[10.824841002000028,0.303138019000073],[10.821034982000072,0.322522977000062],[10.83162597100005,0.340300984000066],[10.855843968000045,0.364469996000025],[10.87571301500003,0.443802988000073],[10.87315803000007,0.461260024000069],[10.886150996000026,0.484079003000033],[10.884882024000035,0.491737033000049],[10.89343903100007,0.497722004000025],[10.896367013000031,0.522053964000065],[10.90052597600004,0.524194006000073],[10.892771978000042,0.525392015000023],[10.892564027000049,0.519739986000047],[10.888600035000024,0.526760041000045],[10.90174902900003,0.553940972000021],[10.898260984000046,0.569202966000034],[10.904350026000031,0.57475196200005],[10.909116964000077,0.572076997000067],[10.911176024000042,0.579098017000035],[10.91498103300006,0.573992967000038],[10.918230034000032,0.576785962000031],[10.919925035000063,0.567497985000045],[10.92599602000007,0.574872044000074],[10.926908014000048,0.590294993000043],[10.934393002000036,0.593461983000054],[10.939713016000042,0.602933969000048],[10.950954033000073,0.605113037000024],[10.949316023000051,0.613119039000026],[10.963468016000036,0.64005901500002],[10.973609985000053,0.677932998000074],[10.968925034000051,0.697182029000032],[10.972987972000055,0.705042969000033],[10.971279001000028,0.768367976000036],[10.966450990000055,0.770897036000065],[10.970252034000055,0.776245039000059],[10.958911401000023,0.817080300000043],[10.50591225900007,0.658051808000039],[10.492783072000066,0.63125880900003],[10.466956721000031,0.625572885000054],[10.443288426000038,0.603791674000036],[10.437720740000032,0.603785003000041],[10.433030163000069,0.611767328000042],[10.416636929000049,0.595365022000067],[10.397538531000066,0.596921184000053],[10.398576899000034,0.615776666000045],[10.394650742000067,0.619245482000053],[10.38897557000007,0.61961537000002],[10.37677768900005,0.605050601000073],[10.363639730000045,0.603525715000046],[10.357467821000057,0.618796484000029],[10.336742870000023,0.606397891000029],[10.334942247000072,0.612375561000022],[10.325021995000043,0.615755082000021],[10.323248986000067,0.62401995700003],[10.314338034000059,0.627362995000055],[10.295173845000022,0.600240132000067],[10.293585329000052,0.612043484000026],[10.283943415000067,0.626896457000043],[10.275967532000038,0.620606199000065],[10.271080935000043,0.624318586000072],[10.260633872000028,0.621921622000059],[10.265173146000052,0.66111231800005],[10.271653625000056,0.666367600000058],[10.294203797000023,0.658940479000023],[10.302423014000055,0.671381016000055],[10.316055666000068,0.664797652000061],[10.320440994000023,0.670412963000047],[10.313631195000028,0.672933100000023],[10.311708417000034,0.688649283000075],[10.328884497000047,0.720206447000066],[10.350395344000049,0.732514193000043],[10.345931,0.73878293000007],[10.352510382000048,0.744915569000057],[10.347420055000043,0.757182926000041],[10.35297991400006,0.787151585000061],[10.364668436000045,0.791868324000063],[10.362606282000058,0.801413771000057],[10.374484677000055,0.81816800100006],[10.383001740000054,0.814154181000049],[10.390892721000057,0.818812835000074],[10.397313117000067,0.835867801000063],[10.411941632000037,0.847010943000043],[10.422675415000072,0.882048958000041],[10.418826339000077,0.891087852000055],[10.425768209000069,0.897562125000036],[10.415684533000046,0.946869569000057],[10.418324784000049,0.95043006700007],[10.423240041000042,0.944849075000036],[10.431422334000047,0.947600769000076],[10.430748858000072,0.964006690000076],[10.435500254000033,0.968438684000034],[10.430393841000068,0.975260057000071],[10.44983882400004,1.000077076000025],[10.696926030000043,0.999909649000074],[10.740024764000054,1.034165028000075],[10.747808587000065,1.034800330000053],[10.883791022000025,1.034219196000038],[10.906145113000036,1.022738982000021],[10.916295384000023,1.006308296000043],[10.931033969000055,1.000094994000051],[11.333879264000075,0.999833959000057],[11.32666402600006,2.077390968000032],[11.333881964000057,2.100486980000028],[11.343214010000054,2.111946043000046],[11.340719987000057,2.115557],[11.345990992000054,2.114139037000029],[11.344002983000053,2.121041962000049],[11.349000012000033,2.120724985000038],[11.348362011000063,2.127506025000059],[11.352550995000058,2.127523989000053],[11.350191019000022,2.13377798700003],[11.357663982000076,2.13338995700002],[11.361936026000024,2.144024972000068],[11.353658005000057,2.155928011000071],[11.36040000500003,2.174173014000075],[11.352703032000022,2.18310503500004],[11.361420976000034,2.198267015000056],[11.354916012000047,2.200977993000038],[11.360464013000069,2.210474966000049],[11.356020028000046,2.217270988000053],[11.36236397500005,2.219491980000043],[11.351178971000024,2.22459303200003],[11.354978010000025,2.231293980000032],[11.359106973000053,2.230341030000034],[11.362114,2.247178009000038],[11.367348970000023,2.247418991000075],[11.369582971000057,2.238426010000069],[11.378730973000074,2.244212005000065],[11.376640964000046,2.250014975000056],[11.370568031000062,2.248176985000043],[11.380396978000022,2.262566969000034],[11.372905991000039,2.264658957000051],[11.380138011000042,2.273574016000055],[11.372479017000046,2.276650981000046],[11.376309029000026,2.282452987000056],[11.363616988000047,2.28587798500007],[11.395457966000038,2.303327975000059],[11.41716997800006,2.294165043000021],[11.440659022000034,2.300575],[11.44541500300005,2.29094802700007],[11.456680034000044,2.295623977000048],[11.451773012000046,2.301043975000027],[11.455731018000051,2.304238988000066],[11.475628965000055,2.303772989000038],[11.489841974000058,2.295474990000059],[11.500503992000063,2.302221989000031],[11.516157035000049,2.300658018000036],[11.522437034000063,2.304522004000034],[11.534696014000076,2.296368012000073],[11.539004977000047,2.300168963000033],[11.550875978000022,2.297529988000065],[11.556981022000059,2.307067020000034],[11.587993975000074,2.310067964000041],[11.601803999000026,2.306609004000052],[11.61210496800004,2.295741984000074],[11.630709005000028,2.305628028000058],[11.648874012000022,2.304859017000069],[11.65201896900004,2.314658954000038],[11.669491988000061,2.316349992000028]]]}}]}